{"type":"FeatureCollection","features":[{"type":"Feature","geometry":{"type":"Point","coordinates":[-3.2994,55.6542]},"properties":{"id":"battle_action_at_happrew_1304","name":"Action at Happrew","kind":"military","start_year":1304,"end_year":1304,"subtype":"battle"}},{"type":"Feature","geometry":{"type":"Point","coordinates":[-3.777,55.6749]},"properties":{"id":"battle_action_at_lanark_1297","name":"Action at Lanark","kind":"military","start_year":1297,"end_year":1297,"subtype":"battle"}},{"type":"Feature","geometry":{"type":"Point","coordinates":[25.3,38.5]},"properties":{"id":"battle_action_of_1440_1440","name":"Action of 1440","kind":"military","start_year":1440,"end_year":1440,"subtype":"battle"}},{"type":"Feature","geometry":{"type":"Point","coordinates":[2.14,50.46]},"properties":{"id":"battle_agincourt","name":"Battle of Agincourt","kind":"military","start_year":1415,"end_year":1415,"subtype":"battle"}},{"type":"Feature","geometry":{"type":"Point","coordinates":[35.371,32.554]},"properties":{"id":"battle_ain_jalut","name":"Battle of Ain Jalut","kind":"military","start_year":1260,"end_year":1260,"subtype":"battle"}},{"type":"Feature","geometry":{"type":"Point","coordinates":[44.401,33.34]},"properties":{"id":"battle_ain_jalut_follow","name":"Siege of Baghdad 1258","kind":"military","start_year":1258,"end_year":1258,"subtype":"siege"}},{"type":"Feature","geometry":{"type":"Point","coordinates":[45.35,32.1333]},"properties":{"id":"battle_alid_revolt_of_762_763_762","name":"Alid revolt of 762–763","kind":"military","start_year":762,"end_year":762,"subtype":"battle"}},{"type":"Feature","geometry":{"type":"Point","coordinates":[32.854,39.92]},"properties":{"id":"battle_ankara","name":"Battle of Ankara","kind":"military","start_year":1402,"end_year":1402,"subtype":"battle"}},{"type":"Feature","geometry":{"type":"Point","coordinates":[2.79,39.706]},"properties":{"id":"battle_assault_on_alar_castle_1286","name":"Assault on Alaró Castle","kind":"military","start_year":1286,"end_year":1286,"subtype":"battle"}},{"type":"Feature","geometry":{"type":"Point","coordinates":[28.2167,59.3667]},"properties":{"id":"battle_assault_on_ivangorod_1496","name":"Assault on Ivangorod","kind":"military","start_year":1496,"end_year":1496,"subtype":"battle"}},{"type":"Feature","geometry":{"type":"Point","coordinates":[15.5869,49.3946]},"properties":{"id":"battle_assault_on_jihlava_1402","name":"Assault on Jihlava","kind":"military","start_year":1402,"end_year":1402,"subtype":"battle"}},{"type":"Feature","geometry":{"type":"Point","coordinates":[43.3033,36.7714]},"properties":{"id":"battle_attack_of_lalish_1415","name":"Attack of Lalish","kind":"military","start_year":1415,"end_year":1415,"subtype":"battle"}},{"type":"Feature","geometry":{"type":"Point","coordinates":[-0.3833,39.2]},"properties":{"id":"battle_attack_on_albalat_1233","name":"Attack on Albalat","kind":"military","start_year":1233,"end_year":1233,"subtype":"battle"}},{"type":"Feature","geometry":{"type":"Point","coordinates":[30.6956,36.9081]},"properties":{"id":"battle_attack_on_antalya_1472","name":"Attack on Antalya","kind":"military","start_year":1472,"end_year":1472,"subtype":"battle"}},{"type":"Feature","geometry":{"type":"Point","coordinates":[-0.7069,35.7286]},"properties":{"id":"battle_attack_on_mers_el_k_bir_1497","name":"Attack on Mers el-Kébir","kind":"military","start_year":1497,"end_year":1497,"subtype":"battle"}},{"type":"Feature","geometry":{"type":"Point","coordinates":[3.2798,43.2833]},"properties":{"id":"battle_attack_on_serinhan_1286","name":"Attack on Serinhan","kind":"military","start_year":1286,"end_year":1286,"subtype":"battle"}},{"type":"Feature","geometry":{"type":"Point","coordinates":[106.811,20.941]},"properties":{"id":"battle_bach_dang","name":"Battle of Bạch Đằng","kind":"military","start_year":1288,"end_year":1288,"subtype":"battle"}},{"type":"Feature","geometry":{"type":"Point","coordinates":[-3.277,51.902]},"properties":{"id":"battle_ballte_of_colwyn_castle_1216","name":"Ballte of Colwyn Castle","kind":"military","start_year":1216,"end_year":1216,"subtype":"battle"}},{"type":"Feature","geometry":{"type":"Point","coordinates":[-3.928,56.09]},"properties":{"id":"battle_bannockburn","name":"Battle of Bannockburn","kind":"military","start_year":1314,"end_year":1314,"subtype":"battle"}},{"type":"Feature","geometry":{"type":"Point","coordinates":[-2.5331,41.4858]},"properties":{"id":"battle_battles_of_almaz_n_and_mor_n_1287","name":"Battles of Almazán and Morón","kind":"military","start_year":1287,"end_year":1287,"subtype":"battle"}},{"type":"Feature","geometry":{"type":"Point","coordinates":[32.5161,37.8471]},"properties":{"id":"battle_battles_of_heraclea_1101","name":"Battles of Heraclea","kind":"military","start_year":1101,"end_year":1101,"subtype":"battle"}},{"type":"Feature","geometry":{"type":"Point","coordinates":[21.1689,44.7119]},"properties":{"id":"battle_battles_of_viminacium_599","name":"Battles of Viminacium","kind":"military","start_year":599,"end_year":599,"subtype":"battle"}},{"type":"Feature","geometry":{"type":"Point","coordinates":[12.738,49.487]},"properties":{"id":"battle_battle_at_br_dek_1040","name":"Battle at Brůdek","kind":"military","start_year":1040,"end_year":1040,"subtype":"battle"}},{"type":"Feature","geometry":{"type":"Point","coordinates":[13.9397,50.6998]},"properties":{"id":"battle_battle_at_chlumec_1040","name":"Battle at Chlumec","kind":"military","start_year":1040,"end_year":1040,"subtype":"battle"}},{"type":"Feature","geometry":{"type":"Point","coordinates":[34.4597,31.5075]},"properties":{"id":"battle_battle_at_gaza_1239","name":"Battle at Gaza","kind":"military","start_year":1239,"end_year":1239,"subtype":"battle"}},{"type":"Feature","geometry":{"type":"Point","coordinates":[24.0056,60.0458]},"properties":{"id":"battle_battle_at_herdaler_1008","name":"Battle at Herdaler","kind":"military","start_year":1008,"end_year":1008,"subtype":"battle"}},{"type":"Feature","geometry":{"type":"Point","coordinates":[4.9367,52.7153]},"properties":{"id":"battle_battle_at_hoogwoud_1256","name":"Battle at Hoogwoud","kind":"military","start_year":1256,"end_year":1256,"subtype":"battle"}},{"type":"Feature","geometry":{"type":"Point","coordinates":[38.4961,56.6789]},"properties":{"id":"battle_battle_at_zhdanaya_mountain_1135","name":"Battle at Zhdanaya Mountain","kind":"military","start_year":1135,"end_year":1135,"subtype":"battle"}},{"type":"Feature","geometry":{"type":"Point","coordinates":[28.3333,41.2]},"properties":{"id":"battle_battle_by_the_anastasian_wall_559","name":"Battle by the Anastasian Wall","kind":"military","start_year":559,"end_year":559,"subtype":"battle"}},{"type":"Feature","geometry":{"type":"Point","coordinates":[44.0032,56.3285]},"properties":{"id":"battle_battle_for_nizhniy_novgorod_1439","name":"Battle for Nizhniy Novgorod","kind":"military","start_year":1439,"end_year":1439,"subtype":"battle"}},{"type":"Feature","geometry":{"type":"Point","coordinates":[22,42]},"properties":{"id":"battle_battle_for_the_one_hundred_mountains_1049","name":"Battle for the one-hundred mountains","kind":"military","start_year":1049,"end_year":1049,"subtype":"battle"}},{"type":"Feature","geometry":{"type":"Point","coordinates":[40.7882,54.3042]},"properties":{"id":"battle_battle_near_the_shishevsky_forest_1365","name":"Battle near the Shishevsky Forest","kind":"military","start_year":1365,"end_year":1365,"subtype":"battle"}},{"type":"Feature","geometry":{"type":"Point","coordinates":[54,37.0167]},"properties":{"id":"battle_battle_of_abaskun_883","name":"Battle of Abaskun","kind":"military","start_year":883,"end_year":883,"subtype":"battle"}},{"type":"Feature","geometry":{"type":"Point","coordinates":[-3.828,53.282]},"properties":{"id":"battle_battle_of_aberconwy_1194","name":"Battle of Aberconwy","kind":"military","start_year":1194,"end_year":1194,"subtype":"battle"}},{"type":"Feature","geometry":{"type":"Point","coordinates":[-3.0176,51.82]},"properties":{"id":"battle_battle_of_abergavenny_castle_1233","name":"Battle of Abergavenny Castle","kind":"military","start_year":1233,"end_year":1233,"subtype":"battle"}},{"type":"Feature","geometry":{"type":"Point","coordinates":[-4.269,51.866]},"properties":{"id":"battle_battle_of_abergwili_1022","name":"Battle of Abergwili","kind":"military","start_year":1022,"end_year":1022,"subtype":"battle"}},{"type":"Feature","geometry":{"type":"Point","coordinates":[-3.5847,51.978]},"properties":{"id":"battle_battle_of_aberllech_1086","name":"Battle of Aberllech","kind":"military","start_year":1086,"end_year":1086,"subtype":"battle"}},{"type":"Feature","geometry":{"type":"Point","coordinates":[-3.83,53.28]},"properties":{"id":"battle_battle_of_aber_towi_1044","name":"Battle of Aber Towi","kind":"military","start_year":1044,"end_year":1044,"subtype":"battle"}},{"type":"Feature","geometry":{"type":"Point","coordinates":[39.5034,24.8398]},"properties":{"id":"battle_battle_of_abraq_632","name":"Battle of Abraq","kind":"military","start_year":632,"end_year":632,"subtype":"battle"}},{"type":"Feature","geometry":{"type":"Point","coordinates":[26.405,40.1953]},"properties":{"id":"battle_battle_of_abydos_989","name":"Battle of Abydos","kind":"military","start_year":989,"end_year":989,"subtype":"battle"}},{"type":"Feature","geometry":{"type":"Point","coordinates":[27.6367,42.6431]},"properties":{"id":"battle_battle_of_achelous_917","name":"Battle of Achelous","kind":"military","start_year":917,"end_year":917,"subtype":"battle"}},{"type":"Feature","geometry":{"type":"Point","coordinates":[3.24,35.9375]},"properties":{"id":"battle_battle_of_achir_1016","name":"Battle of Achir","kind":"military","start_year":1016,"end_year":1016,"subtype":"battle"}},{"type":"Feature","geometry":{"type":"Point","coordinates":[35.0839,32.9261]},"properties":{"id":"battle_battle_of_acre_1258","name":"Battle of Acre","kind":"military","start_year":1258,"end_year":1258,"subtype":"battle"}},{"type":"Feature","geometry":{"type":"Point","coordinates":[28.4655,43.3613]},"properties":{"id":"battle_battle_of_acris_513","name":"Battle of Acris","kind":"military","start_year":513,"end_year":513,"subtype":"battle"}},{"type":"Feature","geometry":{"type":"Point","coordinates":[30.5386,38.7581]},"properties":{"id":"battle_battle_of_acro_nus_1146","name":"Battle of Acroënus","kind":"military","start_year":1146,"end_year":1146,"subtype":"battle"}},{"type":"Feature","geometry":{"type":"Point","coordinates":[35.3253,36.9864]},"properties":{"id":"battle_battle_of_adana_963","name":"Battle of Adana","kind":"military","start_year":963,"end_year":963,"subtype":"battle"}},{"type":"Feature","geometry":{"type":"Point","coordinates":[26.6931,39.4767]},"properties":{"id":"battle_battle_of_adramyttion_1334","name":"Battle of Adramyttion","kind":"military","start_year":1334,"end_year":1334,"subtype":"battle"}},{"type":"Feature","geometry":{"type":"Point","coordinates":[27.0167,39.5833]},"properties":{"id":"battle_battle_of_adramyttium_1205","name":"Battle of Adramyttium","kind":"military","start_year":1205,"end_year":1205,"subtype":"battle"}},{"type":"Feature","geometry":{"type":"Point","coordinates":[26.5736,41.673]},"properties":{"id":"battle_battle_of_adrianople_914","name":"Battle of Adrianople","kind":"military","start_year":914,"end_year":914,"subtype":"battle"}},{"type":"Feature","geometry":{"type":"Point","coordinates":[26.5667,41.6667]},"properties":{"id":"battle_battle_of_adrian_polis_718","name":"Battle of Adrianópolis","kind":"military","start_year":718,"end_year":718,"subtype":"battle"}},{"type":"Feature","geometry":{"type":"Point","coordinates":[10.3333,36.75]},"properties":{"id":"battle_battle_of_ad_decimum_533","name":"Battle of Ad Decimum","kind":"military","start_year":533,"end_year":533,"subtype":"battle"}},{"type":"Feature","geometry":{"type":"Point","coordinates":[1.9333,41.4833]},"properties":{"id":"battle_battle_of_ad_pontes_792","name":"Battle of Ad Pontes","kind":"military","start_year":792,"end_year":792,"subtype":"battle"}},{"type":"Feature","geometry":{"type":"Point","coordinates":[35.12,36.985]},"properties":{"id":"battle_battle_of_aga_cayiri_1488","name":"Battle of Aga-Cayiri","kind":"military","start_year":1488,"end_year":1488,"subtype":"battle"}},{"type":"Feature","geometry":{"type":"Point","coordinates":[36.7194,36.1789]},"properties":{"id":"battle_battle_of_ager_sanguinis_1119","name":"Battle of Ager Sanguinis","kind":"military","start_year":1119,"end_year":1119,"subtype":"battle"}},{"type":"Feature","geometry":{"type":"Point","coordinates":[46.9167,39.9833]},"properties":{"id":"battle_battle_of_aghdam_625","name":"Battle of Aghdam","kind":"military","start_year":625,"end_year":625,"subtype":"battle"}},{"type":"Feature","geometry":{"type":"Point","coordinates":[-7.8313,41.9621]},"properties":{"id":"battle_battle_of_aguioncha_966","name":"Battle of Aguioncha","kind":"military","start_year":966,"end_year":966,"subtype":"battle"}},{"type":"Feature","geometry":{"type":"Point","coordinates":[-1.3612,42.5895]},"properties":{"id":"battle_battle_of_aibar_1451","name":"Battle of Aibar","kind":"military","start_year":1451,"end_year":1451,"subtype":"battle"}},{"type":"Feature","geometry":{"type":"Point","coordinates":[9,40.3833]},"properties":{"id":"battle_battle_of_aidu_de_turdu_1347","name":"Battle of Aidu de Turdu","kind":"military","start_year":1347,"end_year":1347,"subtype":"battle"}},{"type":"Feature","geometry":{"type":"Point","coordinates":[37.3792,37.0628]},"properties":{"id":"battle_battle_of_aintab_1150","name":"Battle of Aintab","kind":"military","start_year":1150,"end_year":1150,"subtype":"battle"}},{"type":"Feature","geometry":{"type":"Point","coordinates":[25.25,56.6]},"properties":{"id":"battle_battle_of_aizkraukle_1279","name":"Battle of Aizkraukle","kind":"military","start_year":1279,"end_year":1279,"subtype":"battle"}},{"type":"Feature","geometry":{"type":"Point","coordinates":[34.95,31.6833]},"properties":{"id":"battle_battle_of_ajnadayn_634","name":"Battle of Ajnadayn","kind":"military","start_year":634,"end_year":634,"subtype":"battle"}},{"type":"Feature","geometry":{"type":"Point","coordinates":[36.3678,34.5175]},"properties":{"id":"battle_battle_of_akkum_1108","name":"Battle of Akkum","kind":"military","start_year":1108,"end_year":1108,"subtype":"battle"}},{"type":"Feature","geometry":{"type":"Point","coordinates":[30.5333,38.75]},"properties":{"id":"battle_battle_of_akroinon_740","name":"Battle of Akroinon","kind":"military","start_year":740,"end_year":740,"subtype":"battle"}},{"type":"Feature","geometry":{"type":"Point","coordinates":[26.9239,39.5858]},"properties":{"id":"battle_battle_of_ak_ay_1398","name":"Battle of Akçay","kind":"military","start_year":1398,"end_year":1398,"subtype":"battle"}},{"type":"Feature","geometry":{"type":"Point","coordinates":[-4.7,37.2]},"properties":{"id":"battle_battle_of_alameda_758","name":"Battle of Alameda","kind":"military","start_year":758,"end_year":758,"subtype":"battle"}},{"type":"Feature","geometry":{"type":"Point","coordinates":[-4.4053,40.1708]},"properties":{"id":"battle_battle_of_alamin_1131","name":"Battle of Alamin","kind":"military","start_year":1131,"end_year":1131,"subtype":"battle"}},{"type":"Feature","geometry":{"type":"Point","coordinates":[-4,38.9528]},"properties":{"id":"battle_battle_of_alarcos_1195","name":"Battle of Alarcos","kind":"military","start_year":1195,"end_year":1195,"subtype":"battle"}},{"type":"Feature","geometry":{"type":"Point","coordinates":[42.6744,39.7981]},"properties":{"id":"battle_battle_of_alashkert_1421","name":"Battle of Alashkert","kind":"military","start_year":1421,"end_year":1421,"subtype":"battle"}},{"type":"Feature","geometry":{"type":"Point","coordinates":[-2.4667,42.35]},"properties":{"id":"battle_battle_of_albelda_851","name":"Battle of Albelda","kind":"military","start_year":851,"end_year":851,"subtype":"battle"}},{"type":"Feature","geometry":{"type":"Point","coordinates":[0.65,41.75]},"properties":{"id":"battle_battle_of_albesa_1003","name":"Battle of Albesa","kind":"military","start_year":1003,"end_year":1003,"subtype":"battle"}},{"type":"Feature","geometry":{"type":"Point","coordinates":[19.7181,41.6019]},"properties":{"id":"battle_battle_of_albulena_1457","name":"Battle of Albulena","kind":"military","start_year":1457,"end_year":1457,"subtype":"battle"}},{"type":"Feature","geometry":{"type":"Point","coordinates":[-3.3372,40.4826]},"properties":{"id":"battle_battle_of_alcal_de_henares_1009","name":"Battle of Alcalá de Henares","kind":"military","start_year":1009,"end_year":1009,"subtype":"battle"}},{"type":"Feature","geometry":{"type":"Point","coordinates":[-4.562,55.9372]},"properties":{"id":"battle_battle_of_alclud_ford_580","name":"Battle of Alclud Ford","kind":"military","start_year":580,"end_year":580,"subtype":"battle"}},{"type":"Feature","geometry":{"type":"Point","coordinates":[-1.7609,41.3242]},"properties":{"id":"battle_battle_of_alcocer_1081","name":"Battle of Alcocer","kind":"military","start_year":1081,"end_year":1081,"subtype":"battle"}},{"type":"Feature","geometry":{"type":"Point","coordinates":[0.1175,41.7219]},"properties":{"id":"battle_battle_of_alcolea_de_cinca_1413","name":"Battle of Alcolea de Cinca","kind":"military","start_year":1413,"end_year":1413,"subtype":"battle"}},{"type":"Feature","geometry":{"type":"Point","coordinates":[-0.4982,42.0871]},"properties":{"id":"battle_battle_of_alcoraz_1096","name":"Battle of Alcoraz","kind":"military","start_year":1096,"end_year":1096,"subtype":"battle"}},{"type":"Feature","geometry":{"type":"Point","coordinates":[-0.4736,38.6983]},"properties":{"id":"battle_battle_of_alcoy_1276","name":"Battle of Alcoy","kind":"military","start_year":1276,"end_year":1276,"subtype":"battle"}},{"type":"Feature","geometry":{"type":"Point","coordinates":[-8.5133,38.3725]},"properties":{"id":"battle_battle_of_alc_cer_do_sal_1161","name":"Battle of Alcácer do Sal","kind":"military","start_year":1161,"end_year":1161,"subtype":"battle"}},{"type":"Feature","geometry":{"type":"Point","coordinates":[-4.5597,57.9417]},"properties":{"id":"battle_battle_of_aldy_charrish_1487","name":"Battle of Aldy Charrish","kind":"military","start_year":1487,"end_year":1487,"subtype":"battle"}},{"type":"Feature","geometry":{"type":"Point","coordinates":[37.16,36.2]},"properties":{"id":"battle_battle_of_aleppo_1303","name":"Battle of Aleppo","kind":"military","start_year":1303,"end_year":1303,"subtype":"battle"}},{"type":"Feature","geometry":{"type":"Point","coordinates":[8.6167,44.9167]},"properties":{"id":"battle_battle_of_alessandria_1391","name":"Battle of Alessandria","kind":"military","start_year":1391,"end_year":1391,"subtype":"battle"}},{"type":"Feature","geometry":{"type":"Point","coordinates":[36.165,36.5817]},"properties":{"id":"battle_battle_of_alexandretta_971","name":"Battle of Alexandretta","kind":"military","start_year":971,"end_year":971,"subtype":"battle"}},{"type":"Feature","geometry":{"type":"Point","coordinates":[-9.0779,38.8711]},"properties":{"id":"battle_battle_of_alfarrobeira_1449","name":"Battle of Alfarrobeira","kind":"military","start_year":1449,"end_year":1449,"subtype":"battle"}},{"type":"Feature","geometry":{"type":"Point","coordinates":[43,33]},"properties":{"id":"battle_battle_of_algami_canal_1402","name":"Battle of Algami Canal","kind":"military","start_year":1402,"end_year":1402,"subtype":"battle"}},{"type":"Feature","geometry":{"type":"Point","coordinates":[-5.6161,40.7128]},"properties":{"id":"battle_battle_of_alhandega_939","name":"Battle of Alhandega","kind":"military","start_year":939,"end_year":939,"subtype":"battle"}},{"type":"Feature","geometry":{"type":"Point","coordinates":[-5.7562,41.4994]},"properties":{"id":"battle_battle_of_alhandic_939","name":"Battle of Alhandic","kind":"military","start_year":939,"end_year":939,"subtype":"battle"}},{"type":"Feature","geometry":{"type":"Point","coordinates":[45.6969,39.1944]},"properties":{"id":"battle_battle_of_alinja_1399","name":"Battle of Alinja","kind":"military","start_year":1399,"end_year":1399,"subtype":"battle"}},{"type":"Feature","geometry":{"type":"Point","coordinates":[-8.8444,39.6394]},"properties":{"id":"battle_battle_of_aljubarrota_1385","name":"Battle of Aljubarrota","kind":"military","start_year":1385,"end_year":1385,"subtype":"battle"}},{"type":"Feature","geometry":{"type":"Point","coordinates":[0.5689,41.7986]},"properties":{"id":"battle_battle_of_almenar_1082","name":"Battle of Almenar","kind":"military","start_year":1082,"end_year":1082,"subtype":"battle"}},{"type":"Feature","geometry":{"type":"Point","coordinates":[-5.0167,37.8]},"properties":{"id":"battle_battle_of_almod_var_del_r_o_1091","name":"Battle of Almodóvar del Río","kind":"military","start_year":1091,"end_year":1091,"subtype":"battle"}},{"type":"Feature","geometry":{"type":"Point","coordinates":[-3.6,37.1667]},"properties":{"id":"battle_battle_of_almosala_1145","name":"Battle of Almosala","kind":"military","start_year":1145,"end_year":1145,"subtype":"battle"}},{"type":"Feature","geometry":{"type":"Point","coordinates":[-1.7005,55.4262]},"properties":{"id":"battle_battle_of_alnwick_1093","name":"Battle of Alnwick","kind":"military","start_year":1093,"end_year":1093,"subtype":"battle"}},{"type":"Feature","geometry":{"type":"Point","coordinates":[8.6236,53.1276]},"properties":{"id":"battle_battle_of_altenesch_1234","name":"Battle of Altenesch","kind":"military","start_year":1234,"end_year":1234,"subtype":"battle"}},{"type":"Feature","geometry":{"type":"Point","coordinates":[10.6718,43.8147]},"properties":{"id":"battle_battle_of_altopascio_1325","name":"Battle of Altopascio","kind":"military","start_year":1325,"end_year":1325,"subtype":"battle"}},{"type":"Feature","geometry":{"type":"Point","coordinates":[43.9394,33.9911]},"properties":{"id":"battle_battle_of_al_anbar_633","name":"Battle of al-Anbar","kind":"military","start_year":633,"end_year":633,"subtype":"battle"}},{"type":"Feature","geometry":{"type":"Point","coordinates":[1.5639,35.4276]},"properties":{"id":"battle_battle_of_al_asnam_742","name":"Battle of al-Asnam","kind":"military","start_year":742,"end_year":742,"subtype":"battle"}},{"type":"Feature","geometry":{"type":"Point","coordinates":[36.83,36.1389]},"properties":{"id":"battle_battle_of_al_atharib_1130","name":"Battle of al-Atharib","kind":"military","start_year":1130,"end_year":1130,"subtype":"battle"}},{"type":"Feature","geometry":{"type":"Point","coordinates":[31.2167,30.0167]},"properties":{"id":"battle_battle_of_al_babein_1167","name":"Battle of al-Babein","kind":"military","start_year":1167,"end_year":1167,"subtype":"battle"}},{"type":"Feature","geometry":{"type":"Point","coordinates":[52.3603,30.0088]},"properties":{"id":"battle_battle_of_al_baida_874","name":"Battle of al-Baida","kind":"military","start_year":874,"end_year":874,"subtype":"battle"}},{"type":"Feature","geometry":{"type":"Point","coordinates":[36.5333,35.6833]},"properties":{"id":"battle_battle_of_al_bar_1098","name":"Battle of al-Barâ","kind":"military","start_year":1098,"end_year":1098,"subtype":"battle"}},{"type":"Feature","geometry":{"type":"Point","coordinates":[-7.9811,31.6295]},"properties":{"id":"battle_battle_of_al_buhayra_1130","name":"Battle of al-Buhayra","kind":"military","start_year":1130,"end_year":1130,"subtype":"battle"}},{"type":"Feature","geometry":{"type":"Point","coordinates":[36.1453,34.0089]},"properties":{"id":"battle_battle_of_al_buqaia_1163","name":"Battle of al-Buqaia","kind":"military","start_year":1163,"end_year":1163,"subtype":"battle"}},{"type":"Feature","geometry":{"type":"Point","coordinates":[35.3,32.6]},"properties":{"id":"battle_battle_of_al_fule_1183","name":"Battle of Al-Fule","kind":"military","start_year":1183,"end_year":1183,"subtype":"battle"}},{"type":"Feature","geometry":{"type":"Point","coordinates":[36.9536,35.8228]},"properties":{"id":"battle_battle_of_al_funaydiq_1060","name":"Battle of al-Funaydiq","kind":"military","start_year":1060,"end_year":1060,"subtype":"battle"}},{"type":"Feature","geometry":{"type":"Point","coordinates":[-3.5944,37.3264]},"properties":{"id":"battle_battle_of_al_funt_1038","name":"Battle of al-Funt","kind":"military","start_year":1038,"end_year":1038,"subtype":"battle"}},{"type":"Feature","geometry":{"type":"Point","coordinates":[39.6333,24.4667]},"properties":{"id":"battle_battle_of_al_harrah_683","name":"Battle of al-Harrah","kind":"military","start_year":683,"end_year":683,"subtype":"battle"}},{"type":"Feature","geometry":{"type":"Point","coordinates":[35.1453,31.6253]},"properties":{"id":"battle_battle_of_al_jassora_1280","name":"Battle of al-Jassora","kind":"military","start_year":1280,"end_year":1280,"subtype":"battle"}},{"type":"Feature","geometry":{"type":"Point","coordinates":[31.1167,30.9]},"properties":{"id":"battle_battle_of_al_kura_1251","name":"Battle of al-Kura","kind":"military","start_year":1251,"end_year":1251,"subtype":"battle"}},{"type":"Feature","geometry":{"type":"Point","coordinates":[-1.7167,38.9167]},"properties":{"id":"battle_battle_of_al_lujj_1146","name":"Battle of al-Lujj","kind":"military","start_year":1146,"end_year":1146,"subtype":"battle"}},{"type":"Feature","geometry":{"type":"Point","coordinates":[44.5806,33.0936]},"properties":{"id":"battle_battle_of_al_mada_in_942","name":"Battle of al-Mada'in","kind":"military","start_year":942,"end_year":942,"subtype":"battle"}},{"type":"Feature","geometry":{"type":"Point","coordinates":[42.3725,34.1397]},"properties":{"id":"battle_battle_of_al_mubarakah_1123","name":"Battle of Al-Mubarakah","kind":"military","start_year":1123,"end_year":1123,"subtype":"battle"}},{"type":"Feature","geometry":{"type":"Point","coordinates":[10.1,35.6833]},"properties":{"id":"battle_battle_of_al_musalla_1052","name":"Battle of al-Musalla","kind":"military","start_year":1052,"end_year":1052,"subtype":"battle"}},{"type":"Feature","geometry":{"type":"Point","coordinates":[10.1,35.6833]},"properties":{"id":"battle_battle_of_al_qarn_1160","name":"Battle of Al-Qarn","kind":"military","start_year":1160,"end_year":1160,"subtype":"battle"}},{"type":"Feature","geometry":{"type":"Point","coordinates":[37.2333,34.2333]},"properties":{"id":"battle_battle_of_al_qaryatayn_634","name":"Battle of al-Qaryatayn","kind":"military","start_year":634,"end_year":634,"subtype":"battle"}},{"type":"Feature","geometry":{"type":"Point","coordinates":[35.5719,32.718]},"properties":{"id":"battle_battle_of_al_sannabra_1113","name":"Battle of Al-Sannabra","kind":"military","start_year":1113,"end_year":1113,"subtype":"battle"}},{"type":"Feature","geometry":{"type":"Point","coordinates":[34.7463,31.866]},"properties":{"id":"battle_battle_of_al_uqhuwana_1029","name":"Battle of al-Uqhuwana","kind":"military","start_year":1029,"end_year":1029,"subtype":"battle"}},{"type":"Feature","geometry":{"type":"Point","coordinates":[35.731,32.7602]},"properties":{"id":"battle_battle_of_al_yaqusah_634","name":"Battle of al-Yaqusah","kind":"military","start_year":634,"end_year":634,"subtype":"battle"}},{"type":"Feature","geometry":{"type":"Point","coordinates":[127.5347,35.4275]},"properties":{"id":"battle_battle_of_amakseong_602","name":"Battle of Amakseong","kind":"military","start_year":602,"end_year":602,"subtype":"battle"}},{"type":"Feature","geometry":{"type":"Point","coordinates":[5.6386,50.48]},"properties":{"id":"battle_battle_of_ambl_ve_716","name":"Battle of Amblève","kind":"military","start_year":716,"end_year":716,"subtype":"battle"}},{"type":"Feature","geometry":{"type":"Point","coordinates":[40.2106,37.9819]},"properties":{"id":"battle_battle_of_amida_972","name":"Battle of Amida","kind":"military","start_year":972,"end_year":972,"subtype":"battle"}},{"type":"Feature","geometry":{"type":"Point","coordinates":[40.2106,37.9819]},"properties":{"id":"battle_battle_of_amid_1231","name":"Battle of Amid","kind":"military","start_year":1231,"end_year":1231,"subtype":"battle"}},{"type":"Feature","geometry":{"type":"Point","coordinates":[2.2961,49.8955]},"properties":{"id":"battle_battle_of_amiens_1358","name":"Battle of Amiens","kind":"military","start_year":1358,"end_year":1358,"subtype":"battle"}},{"type":"Feature","geometry":{"type":"Point","coordinates":[35.8097,34.2994]},"properties":{"id":"battle_battle_of_amioun_694","name":"Battle of Amioun","kind":"military","start_year":694,"end_year":694,"subtype":"battle"}},{"type":"Feature","geometry":{"type":"Point","coordinates":[25.8875,36.8403]},"properties":{"id":"battle_battle_of_amorgos_1312","name":"Battle of Amorgos","kind":"military","start_year":1312,"end_year":1312,"subtype":"battle"}},{"type":"Feature","geometry":{"type":"Point","coordinates":[31.2666,39.0265]},"properties":{"id":"battle_battle_of_amorium_708","name":"Battle of Amorium","kind":"military","start_year":708,"end_year":708,"subtype":"battle"}},{"type":"Feature","geometry":{"type":"Point","coordinates":[78.4673,28.9044]},"properties":{"id":"battle_battle_of_amroha_1305","name":"Battle of Amroha","kind":"military","start_year":1305,"end_year":1305,"subtype":"battle"}},{"type":"Feature","geometry":{"type":"Point","coordinates":[23.5554,42.3371]},"properties":{"id":"battle_battle_of_amurlu_1413","name":"Battle of Çamurlu","kind":"military","start_year":1413,"end_year":1413,"subtype":"battle"}},{"type":"Feature","geometry":{"type":"Point","coordinates":[127.2333,38.3167]},"properties":{"id":"battle_battle_of_anbuk_bu_1231","name":"Battle of Anbuk-bu","kind":"military","start_year":1231,"end_year":1231,"subtype":"battle"}},{"type":"Feature","geometry":{"type":"Point","coordinates":[-8.4748,42.3574]},"properties":{"id":"battle_battle_of_anceo_825","name":"Battle of Anceo","kind":"military","start_year":825,"end_year":825,"subtype":"battle"}},{"type":"Feature","geometry":{"type":"Point","coordinates":[27.65,42.55]},"properties":{"id":"battle_battle_of_anchialus_708","name":"Battle of Anchialus","kind":"military","start_year":708,"end_year":708,"subtype":"battle"}},{"type":"Feature","geometry":{"type":"Point","coordinates":[7.4062,50.4392]},"properties":{"id":"battle_battle_of_andernach_876","name":"Battle of Andernach","kind":"military","start_year":876,"end_year":876,"subtype":"battle"}},{"type":"Feature","geometry":{"type":"Point","coordinates":[65.1253,36.953]},"properties":{"id":"battle_battle_of_andkhud_1204","name":"Battle of Andkhud","kind":"military","start_year":1204,"end_year":1204,"subtype":"battle"}},{"type":"Feature","geometry":{"type":"Point","coordinates":[33.0019,36.9964]},"properties":{"id":"battle_battle_of_andrassos_960","name":"Battle of Andrassos","kind":"military","start_year":960,"end_year":960,"subtype":"battle"}},{"type":"Feature","geometry":{"type":"Point","coordinates":[6.6508,52.6136]},"properties":{"id":"battle_battle_of_ane_1227","name":"Battle of Ane","kind":"military","start_year":1227,"end_year":1227,"subtype":"battle"}},{"type":"Feature","geometry":{"type":"Point","coordinates":[-0.05,16.2667]},"properties":{"id":"battle_battle_of_anfao_1493","name":"Battle of Anfao","kind":"military","start_year":1493,"end_year":1493,"subtype":"battle"}},{"type":"Feature","geometry":{"type":"Point","coordinates":[12.0696,43.5468]},"properties":{"id":"battle_battle_of_anghiari_1440","name":"Battle of Anghiari","kind":"military","start_year":1440,"end_year":1440,"subtype":"battle"}},{"type":"Feature","geometry":{"type":"Point","coordinates":[-4.2333,53.1806]},"properties":{"id":"battle_battle_of_anglesey_sound_1098","name":"Battle of Anglesey Sound","kind":"military","start_year":1098,"end_year":1098,"subtype":"battle"}},{"type":"Feature","geometry":{"type":"Point","coordinates":[0.1667,45.65]},"properties":{"id":"battle_battle_of_angumois_844","name":"Battle of Angumois","kind":"military","start_year":844,"end_year":844,"subtype":"battle"}},{"type":"Feature","geometry":{"type":"Point","coordinates":[27.25,37.85]},"properties":{"id":"battle_battle_of_ania_1304","name":"Battle of Ania","kind":"military","start_year":1304,"end_year":1304,"subtype":"battle"}},{"type":"Feature","geometry":{"type":"Point","coordinates":[43.5728,40.5075]},"properties":{"id":"battle_battle_of_ani_1042","name":"Battle of Ani","kind":"military","start_year":1042,"end_year":1042,"subtype":"battle"}},{"type":"Feature","geometry":{"type":"Point","coordinates":[-3.242,54.99]},"properties":{"id":"battle_battle_of_annan_1332","name":"Battle of Annan","kind":"military","start_year":1332,"end_year":1332,"subtype":"battle"}},{"type":"Feature","geometry":{"type":"Point","coordinates":[38.3333,11.75]},"properties":{"id":"battle_battle_of_ansata_1270","name":"Battle of Ansata","kind":"military","start_year":1270,"end_year":1270,"subtype":"battle"}},{"type":"Feature","geometry":{"type":"Point","coordinates":[5.1114,45.6937]},"properties":{"id":"battle_battle_of_anthon_1430","name":"Battle of Anthon","kind":"military","start_year":1430,"end_year":1430,"subtype":"battle"}},{"type":"Feature","geometry":{"type":"Point","coordinates":[36.15,36.2]},"properties":{"id":"battle_battle_of_antioch_613","name":"Battle of Antioch","kind":"military","start_year":613,"end_year":613,"subtype":"battle"}},{"type":"Feature","geometry":{"type":"Point","coordinates":[28.5742,37.8734]},"properties":{"id":"battle_battle_of_antioch_on_the_meander_1211","name":"Battle of Antioch on the Meander","kind":"military","start_year":1211,"end_year":1211,"subtype":"battle"}},{"type":"Feature","geometry":{"type":"Point","coordinates":[36.09,40.39]},"properties":{"id":"battle_battle_of_anzen_838","name":"Battle of Anzen","kind":"military","start_year":838,"end_year":838,"subtype":"battle"}},{"type":"Feature","geometry":{"type":"Point","coordinates":[138.1826,36.4625]},"properties":{"id":"battle_battle_of_aonuma_1335","name":"Battle of Aonuma","kind":"military","start_year":1335,"end_year":1335,"subtype":"battle"}},{"type":"Feature","geometry":{"type":"Point","coordinates":[36.4,35.4167]},"properties":{"id":"battle_battle_of_apamea_573","name":"Battle of Apamea","kind":"military","start_year":573,"end_year":573,"subtype":"battle"}},{"type":"Feature","geometry":{"type":"Point","coordinates":[27.6347,41.029]},"properties":{"id":"battle_battle_of_apros_1305","name":"Battle of Apros","kind":"military","start_year":1305,"end_year":1305,"subtype":"battle"}},{"type":"Feature","geometry":{"type":"Point","coordinates":[-5.0167,38.1833]},"properties":{"id":"battle_battle_of_aqbat_al_bakr_1010","name":"Battle of Aqbat al-Bakr","kind":"military","start_year":1010,"end_year":1010,"subtype":"battle"}},{"type":"Feature","geometry":{"type":"Point","coordinates":[43.8817,42.0631]},"properties":{"id":"battle_battle_of_aradeti_1483","name":"Battle of Aradeti","kind":"military","start_year":1483,"end_year":1483,"subtype":"battle"}},{"type":"Feature","geometry":{"type":"Point","coordinates":[-1.9167,41.85]},"properties":{"id":"battle_battle_of_araviana_1359","name":"Battle of Araviana","kind":"military","start_year":1359,"end_year":1359,"subtype":"battle"}},{"type":"Feature","geometry":{"type":"Point","coordinates":[9.04,46.21]},"properties":{"id":"battle_battle_of_arbedo_1422","name":"Battle of Arbedo","kind":"military","start_year":1422,"end_year":1422,"subtype":"battle"}},{"type":"Feature","geometry":{"type":"Point","coordinates":[-2.5857,56.5614]},"properties":{"id":"battle_battle_of_arbroath_1445","name":"Battle of Arbroath","kind":"military","start_year":1445,"end_year":1445,"subtype":"battle"}},{"type":"Feature","geometry":{"type":"Point","coordinates":[27.35,41.4]},"properties":{"id":"battle_battle_of_arcadiopolis_970","name":"Battle of Arcadiopolis","kind":"military","start_year":970,"end_year":970,"subtype":"battle"}},{"type":"Feature","geometry":{"type":"Point","coordinates":[42.1939,42.3572]},"properties":{"id":"battle_battle_of_archaeopolis_551","name":"Battle of Archaeopolis","kind":"military","start_year":551,"end_year":551,"subtype":"battle"}},{"type":"Feature","geometry":{"type":"Point","coordinates":[46.8822,40.3647]},"properties":{"id":"battle_battle_of_archesh_625","name":"Battle of Archesh","kind":"military","start_year":625,"end_year":625,"subtype":"battle"}},{"type":"Feature","geometry":{"type":"Point","coordinates":[-4.49,37.0678]},"properties":{"id":"battle_battle_of_archidona_1434","name":"Battle of Archidona","kind":"military","start_year":1434,"end_year":1434,"subtype":"battle"}},{"type":"Feature","geometry":{"type":"Point","coordinates":[-7.5,53.5]},"properties":{"id":"battle_battle_of_ardnocher_1329","name":"Battle of Ardnocher","kind":"military","start_year":1329,"end_year":1329,"subtype":"battle"}},{"type":"Feature","geometry":{"type":"Point","coordinates":[-2.9167,55.0167]},"properties":{"id":"battle_battle_of_arfderydd_573","name":"Battle of Arfderydd","kind":"military","start_year":573,"end_year":573,"subtype":"battle"}},{"type":"Feature","geometry":{"type":"Point","coordinates":[24.6304,45.3647]},"properties":{"id":"battle_battle_of_arge_1394","name":"Battle of Argeș","kind":"military","start_year":1394,"end_year":1394,"subtype":"battle"}},{"type":"Feature","geometry":{"type":"Point","coordinates":[21.5661,48.3189]},"properties":{"id":"battle_battle_of_ari_creek_1458","name":"Battle of Šariš Creek","kind":"military","start_year":1458,"end_year":1458,"subtype":"battle"}},{"type":"Feature","geometry":{"type":"Point","coordinates":[-4.0569,37.935]},"properties":{"id":"battle_battle_of_arjona_1041","name":"Battle of Arjona","kind":"military","start_year":1041,"end_year":1041,"subtype":"battle"}},{"type":"Feature","geometry":{"type":"Point","coordinates":[-2.9994,55.1508]},"properties":{"id":"battle_battle_of_arkinholm_1455","name":"Battle of Arkinholm","kind":"military","start_year":1455,"end_year":1455,"subtype":"battle"}},{"type":"Feature","geometry":{"type":"Point","coordinates":[3.373,51.645]},"properties":{"id":"battle_battle_of_arnemuiden_1338","name":"Battle of Arnemuiden","kind":"military","start_year":1338,"end_year":1338,"subtype":"battle"}},{"type":"Feature","geometry":{"type":"Point","coordinates":[-4.7012,37.3806]},"properties":{"id":"battle_battle_of_arnisol_1126","name":"Battle of Arnisol","kind":"military","start_year":1126,"end_year":1126,"subtype":"battle"}},{"type":"Feature","geometry":{"type":"Point","coordinates":[68.9833,27.65]},"properties":{"id":"battle_battle_of_aror_712","name":"Battle of Aror","kind":"military","start_year":712,"end_year":712,"subtype":"battle"}},{"type":"Feature","geometry":{"type":"Point","coordinates":[-8.2775,40.9234]},"properties":{"id":"battle_battle_of_arouca_1102","name":"Battle of Arouca","kind":"military","start_year":1102,"end_year":1102,"subtype":"battle"}},{"type":"Feature","geometry":{"type":"Point","coordinates":[2.3033,50.7361]},"properties":{"id":"battle_battle_of_arques_1303","name":"Battle of Arques","kind":"military","start_year":1303,"end_year":1303,"subtype":"battle"}},{"type":"Feature","geometry":{"type":"Point","coordinates":[-2.773,42.9273]},"properties":{"id":"battle_battle_of_arrato_1200","name":"Battle of Arrato","kind":"military","start_year":1200,"end_year":1200,"subtype":"battle"}},{"type":"Feature","geometry":{"type":"Point","coordinates":[34.8069,32.1944]},"properties":{"id":"battle_battle_of_arsuf_1191","name":"Battle of Arsuf","kind":"military","start_year":1191,"end_year":1191,"subtype":"battle"}},{"type":"Feature","geometry":{"type":"Point","coordinates":[43.9911,39.6261]},"properties":{"id":"battle_battle_of_artsap_647","name":"Battle of Artsap","kind":"military","start_year":647,"end_year":647,"subtype":"battle"}},{"type":"Feature","geometry":{"type":"Point","coordinates":[5.4753,53.1297]},"properties":{"id":"battle_battle_of_arum_1380","name":"Battle of Arum","kind":"military","start_year":1380,"end_year":1380,"subtype":"battle"}},{"type":"Feature","geometry":{"type":"Point","coordinates":[40.9333,37.1833]},"properties":{"id":"battle_battle_of_arzamon_605","name":"Battle of Arzamon","kind":"military","start_year":605,"end_year":605,"subtype":"battle"}},{"type":"Feature","geometry":{"type":"Point","coordinates":[34.5456,31.67]},"properties":{"id":"battle_battle_of_ascalon_997","name":"Battle of Ascalon","kind":"military","start_year":997,"end_year":997,"subtype":"battle"}},{"type":"Feature","geometry":{"type":"Point","coordinates":[15.5578,41.2156]},"properties":{"id":"battle_battle_of_ascoli_1392","name":"Battle of Ascoli","kind":"military","start_year":1392,"end_year":1392,"subtype":"battle"}},{"type":"Feature","geometry":{"type":"Point","coordinates":[19.02,44.9]},"properties":{"id":"battle_battle_of_asfeld_552","name":"Battle of Asfeld","kind":"military","start_year":552,"end_year":552,"subtype":"battle"}},{"type":"Feature","geometry":{"type":"Point","coordinates":[130.6684,33.8913]},"properties":{"id":"battle_battle_of_ashiyaura_1185","name":"Battle of Ashiyaura","kind":"military","start_year":1185,"end_year":1185,"subtype":"battle"}},{"type":"Feature","geometry":{"type":"Point","coordinates":[0.6948,51.6028]},"properties":{"id":"battle_battle_of_assandun_1016","name":"Battle of Assandun","kind":"military","start_year":1016,"end_year":1016,"subtype":"battle"}},{"type":"Feature","geometry":{"type":"Point","coordinates":[-3.5167,42.35]},"properties":{"id":"battle_battle_of_atapuerca_1054","name":"Battle of Atapuerca","kind":"military","start_year":1054,"end_year":1054,"subtype":"battle"}},{"type":"Feature","geometry":{"type":"Point","coordinates":[13.4745,50.2357]},"properties":{"id":"battle_battle_of_atce_1318","name":"Battle of Žatce","kind":"military","start_year":1318,"end_year":1318,"subtype":"battle"}},{"type":"Feature","geometry":{"type":"Point","coordinates":[-7.626,39.021]},"properties":{"id":"battle_battle_of_atoleiros_1384","name":"Battle of Atoleiros","kind":"military","start_year":1384,"end_year":1384,"subtype":"battle"}},{"type":"Feature","geometry":{"type":"Point","coordinates":[140.5658,37.8881]},"properties":{"id":"battle_battle_of_atsukashiyama_1189","name":"Battle of Atsukashiyama","kind":"military","start_year":1189,"end_year":1189,"subtype":"battle"}},{"type":"Feature","geometry":{"type":"Point","coordinates":[0.8958,45.2089]},"properties":{"id":"battle_battle_of_auberoche_1345","name":"Battle of Auberoche","kind":"military","start_year":1345,"end_year":1345,"subtype":"battle"}},{"type":"Feature","geometry":{"type":"Point","coordinates":[28.5167,38.35]},"properties":{"id":"battle_battle_of_aulax_1304","name":"Battle of Aulax","kind":"military","start_year":1304,"end_year":1304,"subtype":"battle"}},{"type":"Feature","geometry":{"type":"Point","coordinates":[-2.9814,47.6686]},"properties":{"id":"battle_battle_of_auray_1364","name":"Battle of Auray","kind":"military","start_year":1364,"end_year":1364,"subtype":"battle"}},{"type":"Feature","geometry":{"type":"Point","coordinates":[13.9648,50.6598]},"properties":{"id":"battle_battle_of_aussig_1426","name":"Battle of Aussig","kind":"military","start_year":1426,"end_year":1426,"subtype":"battle"}},{"type":"Feature","geometry":{"type":"Point","coordinates":[4.2994,46.9517]},"properties":{"id":"battle_battle_of_autun_532","name":"Battle of Autun","kind":"military","start_year":532,"end_year":532,"subtype":"battle"}},{"type":"Feature","geometry":{"type":"Point","coordinates":[4.8167,43.95]},"properties":{"id":"battle_battle_of_avignon_737","name":"Battle of Avignon","kind":"military","start_year":737,"end_year":737,"subtype":"battle"}},{"type":"Feature","geometry":{"type":"Point","coordinates":[10.5576,59.9132]},"properties":{"id":"battle_battle_of_avl_s_1225","name":"Battle of Avløs","kind":"military","start_year":1225,"end_year":1225,"subtype":"battle"}},{"type":"Feature","geometry":{"type":"Point","coordinates":[-4.1667,36.8333]},"properties":{"id":"battle_battle_of_axarqu_a_1483","name":"Battle of Axarquía","kind":"military","start_year":1483,"end_year":1483,"subtype":"battle"}},{"type":"Feature","geometry":{"type":"Point","coordinates":[3.41,51.06]},"properties":{"id":"battle_battle_of_axpoele_1128","name":"Battle of Axpoele","kind":"military","start_year":1128,"end_year":1128,"subtype":"battle"}},{"type":"Feature","geometry":{"type":"Point","coordinates":[43.4802,32.5574]},"properties":{"id":"battle_battle_of_ayn_al_tamr_633","name":"Battle of Ayn al-Tamr","kind":"military","start_year":633,"end_year":633,"subtype":"battle"}},{"type":"Feature","geometry":{"type":"Point","coordinates":[40.0792,36.8408]},"properties":{"id":"battle_battle_of_ayn_al_warda_685","name":"Battle of Ayn al-Warda","kind":"military","start_year":685,"end_year":685,"subtype":"battle"}},{"type":"Feature","geometry":{"type":"Point","coordinates":[37,36.5667]},"properties":{"id":"battle_battle_of_azaz_1030","name":"Battle of Azaz","kind":"military","start_year":1030,"end_year":1030,"subtype":"battle"}},{"type":"Feature","geometry":{"type":"Point","coordinates":[25.9,54.45]},"properties":{"id":"battle_battle_of_a_mena_1432","name":"Battle of Ašmena","kind":"military","start_year":1432,"end_year":1432,"subtype":"battle"}},{"type":"Feature","geometry":{"type":"Point","coordinates":[44.4241,32.5229]},"properties":{"id":"battle_battle_of_babylon_634","name":"Battle of Babylon","kind":"military","start_year":634,"end_year":634,"subtype":"battle"}},{"type":"Feature","geometry":{"type":"Point","coordinates":[106.6317,20.8442]},"properties":{"id":"battle_battle_of_bach_dang_river_938","name":"Battle of Bach Dang River","kind":"military","start_year":938,"end_year":938,"subtype":"battle"}},{"type":"Feature","geometry":{"type":"Point","coordinates":[-6.9706,38.8779]},"properties":{"id":"battle_battle_of_badajoz_1134","name":"Battle of Badajoz","kind":"military","start_year":1134,"end_year":1134,"subtype":"battle"}},{"type":"Feature","geometry":{"type":"Point","coordinates":[63.75,35]},"properties":{"id":"battle_battle_of_badghis_654","name":"Battle of Badghis","kind":"military","start_year":654,"end_year":654,"subtype":"battle"}},{"type":"Feature","geometry":{"type":"Point","coordinates":[-2.36,51.38]},"properties":{"id":"battle_battle_of_badon_500","name":"Battle of Badon","kind":"military","start_year":500,"end_year":500,"subtype":"battle"}},{"type":"Feature","geometry":{"type":"Point","coordinates":[38.7667,23.7333]},"properties":{"id":"battle_battle_of_badr_624","name":"Battle of Badr","kind":"military","start_year":624,"end_year":624,"subtype":"battle"}},{"type":"Feature","geometry":{"type":"Point","coordinates":[126.667,36]},"properties":{"id":"battle_battle_of_baekgang_663","name":"Battle of Baekgang","kind":"military","start_year":663,"end_year":663,"subtype":"battle"}},{"type":"Feature","geometry":{"type":"Point","coordinates":[6.1833,50.9]},"properties":{"id":"battle_battle_of_baesweiler_1371","name":"Battle of Baesweiler","kind":"military","start_year":1371,"end_year":1371,"subtype":"battle"}},{"type":"Feature","geometry":{"type":"Point","coordinates":[75.5,28.18]},"properties":{"id":"battle_battle_of_bagar_1192","name":"Battle of Bagar","kind":"military","start_year":1192,"end_year":1192,"subtype":"battle"}},{"type":"Feature","geometry":{"type":"Point","coordinates":[-5.0033,34.0433]},"properties":{"id":"battle_battle_of_bagdoura_741","name":"Battle of Bagdoura","kind":"military","start_year":741,"end_year":741,"subtype":"battle"}},{"type":"Feature","geometry":{"type":"Point","coordinates":[44.3661,33.3153]},"properties":{"id":"battle_battle_of_baghdad_932","name":"Battle of Baghdad","kind":"military","start_year":932,"end_year":932,"subtype":"battle"}},{"type":"Feature","geometry":{"type":"Point","coordinates":[26.229,47.425]},"properties":{"id":"battle_battle_of_baia_1467","name":"Battle of Baia","kind":"military","start_year":1467,"end_year":1467,"subtype":"battle"}},{"type":"Feature","geometry":{"type":"Point","coordinates":[-0.255,39.0011]},"properties":{"id":"battle_battle_of_bair_n_1097","name":"Battle of Bairén","kind":"military","start_year":1097,"end_year":1097,"subtype":"battle"}},{"type":"Feature","geometry":{"type":"Point","coordinates":[48.9203,39.9319]},"properties":{"id":"battle_battle_of_bajarwan_730","name":"Battle of Bajarwan","kind":"military","start_year":730,"end_year":730,"subtype":"battle"}},{"type":"Feature","geometry":{"type":"Point","coordinates":[66.8989,36.7581]},"properties":{"id":"battle_battle_of_balkh_900","name":"Battle of Balkh","kind":"military","start_year":900,"end_year":900,"subtype":"battle"}},{"type":"Feature","geometry":{"type":"Point","coordinates":[-2.0703,47.7044]},"properties":{"id":"battle_battle_of_ballon_845","name":"Battle of Ballon","kind":"military","start_year":845,"end_year":845,"subtype":"battle"}},{"type":"Feature","geometry":{"type":"Point","coordinates":[-8.2018,54.5015]},"properties":{"id":"battle_battle_of_ballyshannon_1247","name":"Battle of Ballyshannon","kind":"military","start_year":1247,"end_year":1247,"subtype":"battle"}},{"type":"Feature","geometry":{"type":"Point","coordinates":[1.8,42.3667]},"properties":{"id":"battle_battle_of_baltarga_942","name":"Battle of Baltarga","kind":"military","start_year":942,"end_year":942,"subtype":"battle"}},{"type":"Feature","geometry":{"type":"Point","coordinates":[35.6933,33.2472]},"properties":{"id":"battle_battle_of_banias_1179","name":"Battle of Banias","kind":"military","start_year":1179,"end_year":1179,"subtype":"battle"}},{"type":"Feature","geometry":{"type":"Point","coordinates":[29.4833,40.6833]},"properties":{"id":"battle_battle_of_bapheus_1302","name":"Battle of Bapheus","kind":"military","start_year":1302,"end_year":1302,"subtype":"battle"}},{"type":"Feature","geometry":{"type":"Point","coordinates":[2.1667,41.4019]},"properties":{"id":"battle_battle_of_barcelona_510","name":"Battle of Barcelona","kind":"military","start_year":510,"end_year":510,"subtype":"battle"}},{"type":"Feature","geometry":{"type":"Point","coordinates":[9.7295,44.632]},"properties":{"id":"battle_battle_of_bardi_1321","name":"Battle of Bardi","kind":"military","start_year":1321,"end_year":1321,"subtype":"battle"}},{"type":"Feature","geometry":{"type":"Point","coordinates":[-0.1989,51.6658]},"properties":{"id":"battle_battle_of_barnet_1471","name":"Battle of Barnet","kind":"military","start_year":1471,"end_year":1471,"subtype":"battle"}},{"type":"Feature","geometry":{"type":"Point","coordinates":[-2.7083,56.5011]},"properties":{"id":"battle_battle_of_barry_1010","name":"Battle of Barry","kind":"military","start_year":1010,"end_year":1010,"subtype":"battle"}},{"type":"Feature","geometry":{"type":"Point","coordinates":[19.1,42.1]},"properties":{"id":"battle_battle_of_bar_1042","name":"Battle of Bar","kind":"military","start_year":1042,"end_year":1042,"subtype":"battle"}},{"type":"Feature","geometry":{"type":"Point","coordinates":[41.6756,39.9797]},"properties":{"id":"battle_battle_of_basian_1202","name":"Battle of Basian","kind":"military","start_year":1202,"end_year":1202,"subtype":"battle"}},{"type":"Feature","geometry":{"type":"Point","coordinates":[36.7011,39.8367]},"properties":{"id":"battle_battle_of_bathys_ryax_872","name":"Battle of Bathys Ryax","kind":"military","start_year":872,"end_year":872,"subtype":"battle"}},{"type":"Feature","geometry":{"type":"Point","coordinates":[-2.893,57.649]},"properties":{"id":"battle_battle_of_bauds_962","name":"Battle of Bauds","kind":"military","start_year":962,"end_year":962,"subtype":"battle"}},{"type":"Feature","geometry":{"type":"Point","coordinates":[-0.103,47.542]},"properties":{"id":"battle_battle_of_baug_1421","name":"Battle of Baugé","kind":"military","start_year":1421,"end_year":1421,"subtype":"battle"}},{"type":"Feature","geometry":{"type":"Point","coordinates":[64.071,39.662]},"properties":{"id":"battle_battle_of_baykand_729","name":"Battle of Baykand","kind":"military","start_year":729,"end_year":729,"subtype":"battle"}},{"type":"Feature","geometry":{"type":"Point","coordinates":[-2.4407,36.9151]},"properties":{"id":"battle_battle_of_bayyana_891","name":"Battle of Bayyana","kind":"military","start_year":891,"end_year":891,"subtype":"battle"}},{"type":"Feature","geometry":{"type":"Point","coordinates":[4.2986,51.1467]},"properties":{"id":"battle_battle_of_bazel_1452","name":"Battle of Bazel","kind":"military","start_year":1452,"end_year":1452,"subtype":"battle"}},{"type":"Feature","geometry":{"type":"Point","coordinates":[21.3905,44.8159]},"properties":{"id":"battle_battle_of_bazia_1460","name":"Battle of Baziaș","kind":"military","start_year":1460,"end_year":1460,"subtype":"battle"}},{"type":"Feature","geometry":{"type":"Point","coordinates":[-4.6511,57.7008]},"properties":{"id":"battle_battle_of_bealach_nam_broig_1299","name":"Battle of Bealach nam Broig","kind":"military","start_year":1299,"end_year":1299,"subtype":"battle"}},{"type":"Feature","geometry":{"type":"Point","coordinates":[74.9521,31.1502]},"properties":{"id":"battle_battle_of_beas_river_1285","name":"Battle of Beas River","kind":"military","start_year":1285,"end_year":1285,"subtype":"battle"}},{"type":"Feature","geometry":{"type":"Point","coordinates":[1.6492,46.7958]},"properties":{"id":"battle_battle_of_beaugency_1429","name":"Battle of Beaugency","kind":"military","start_year":1429,"end_year":1429,"subtype":"battle"}},{"type":"Feature","geometry":{"type":"Point","coordinates":[35.5131,33.8869]},"properties":{"id":"battle_battle_of_beirut_1126","name":"Battle of Beirut","kind":"military","start_year":1126,"end_year":1126,"subtype":"battle"}},{"type":"Feature","geometry":{"type":"Point","coordinates":[-9,52.25]},"properties":{"id":"battle_battle_of_belach_lechta_978","name":"Battle of Belach Lechta","kind":"military","start_year":978,"end_year":978,"subtype":"battle"}},{"type":"Feature","geometry":{"type":"Point","coordinates":[-6.885,52.877]},"properties":{"id":"battle_battle_of_bellaghmoon_908","name":"Battle of Bellaghmoon","kind":"military","start_year":908,"end_year":908,"subtype":"battle"}},{"type":"Feature","geometry":{"type":"Point","coordinates":[35.5216,32.5956]},"properties":{"id":"battle_battle_of_belvoir_castle_1182","name":"Battle of Belvoir Castle","kind":"military","start_year":1182,"end_year":1182,"subtype":"battle"}},{"type":"Feature","geometry":{"type":"Point","coordinates":[36.1333,53.8]},"properties":{"id":"battle_battle_of_belyov_1437","name":"Battle of Belyov","kind":"military","start_year":1437,"end_year":1437,"subtype":"battle"}},{"type":"Feature","geometry":{"type":"Point","coordinates":[14.7733,41.1342]},"properties":{"id":"battle_battle_of_benevento_1266","name":"Battle of Benevento","kind":"military","start_year":1266,"end_year":1266,"subtype":"battle"}},{"type":"Feature","geometry":{"type":"Point","coordinates":[0.56,51.55]},"properties":{"id":"battle_battle_of_benfleet_894","name":"Battle of Benfleet","kind":"military","start_year":894,"end_year":894,"subtype":"battle"}},{"type":"Feature","geometry":{"type":"Point","coordinates":[-1.111,51.621]},"properties":{"id":"battle_battle_of_bensington_779","name":"Battle of Bensington","kind":"military","start_year":779,"end_year":779,"subtype":"battle"}},{"type":"Feature","geometry":{"type":"Point","coordinates":[-2.0424,43.1432]},"properties":{"id":"battle_battle_of_beotibar_1321","name":"Battle of Beotibar","kind":"military","start_year":1321,"end_year":1321,"subtype":"battle"}},{"type":"Feature","geometry":{"type":"Point","coordinates":[-1.7868,51.4855]},"properties":{"id":"battle_battle_of_beran_byrig_556","name":"Battle of Beran Byrig","kind":"military","start_year":556,"end_year":556,"subtype":"battle"}},{"type":"Feature","geometry":{"type":"Point","coordinates":[0.4824,44.8438]},"properties":{"id":"battle_battle_of_bergerac_1345","name":"Battle of Bergerac","kind":"military","start_year":1345,"end_year":1345,"subtype":"battle"}},{"type":"Feature","geometry":{"type":"Point","coordinates":[10.0667,49.9]},"properties":{"id":"battle_battle_of_bergtheim_1400","name":"Battle of Bergtheim","kind":"military","start_year":1400,"end_year":1400,"subtype":"battle"}},{"type":"Feature","geometry":{"type":"Point","coordinates":[25.65,42.4333]},"properties":{"id":"battle_battle_of_beroia_1122","name":"Battle of Beroia","kind":"military","start_year":1122,"end_year":1122,"subtype":"battle"}},{"type":"Feature","geometry":{"type":"Point","coordinates":[22.5086,41.3293]},"properties":{"id":"battle_battle_of_berzitia_774","name":"Battle of Berzitia","kind":"military","start_year":774,"end_year":774,"subtype":"battle"}},{"type":"Feature","geometry":{"type":"Point","coordinates":[2.7,42.2]},"properties":{"id":"battle_battle_of_besal_1285","name":"Battle of Besalú","kind":"military","start_year":1285,"end_year":1285,"subtype":"battle"}},{"type":"Feature","geometry":{"type":"Point","coordinates":[3.3811,51.1563]},"properties":{"id":"battle_battle_of_beverhoutsveld_1382","name":"Battle of Beverhoutsveld","kind":"military","start_year":1382,"end_year":1382,"subtype":"battle"}},{"type":"Feature","geometry":{"type":"Point","coordinates":[97.2336,24.2526]},"properties":{"id":"battle_battle_of_bhamo_1283","name":"Battle of Bhamo","kind":"military","start_year":1283,"end_year":1283,"subtype":"battle"}},{"type":"Feature","geometry":{"type":"Point","coordinates":[10.4685,44.6277]},"properties":{"id":"battle_battle_of_bianello_1092","name":"Battle of Bianello","kind":"military","start_year":1092,"end_year":1092,"subtype":"battle"}},{"type":"Feature","geometry":{"type":"Point","coordinates":[18.4333,42.8667]},"properties":{"id":"battle_battle_of_bile_a_1388","name":"Battle of Bileća","kind":"military","start_year":1388,"end_year":1388,"subtype":"battle"}},{"type":"Feature","geometry":{"type":"Point","coordinates":[6.4539,51.6622]},"properties":{"id":"battle_battle_of_birten_939","name":"Battle of Birten","kind":"military","start_year":939,"end_year":939,"subtype":"battle"}},{"type":"Feature","geometry":{"type":"Point","coordinates":[52.5317,29.625]},"properties":{"id":"battle_battle_of_bishapur_643","name":"Battle of Bishapur","kind":"military","start_year":643,"end_year":643,"subtype":"battle"}},{"type":"Feature","geometry":{"type":"Point","coordinates":[21.3347,41.0319]},"properties":{"id":"battle_battle_of_bitola_1015","name":"Battle of Bitola","kind":"military","start_year":1015,"end_year":1015,"subtype":"battle"}},{"type":"Feature","geometry":{"type":"Point","coordinates":[-3.6094,50.3194]},"properties":{"id":"battle_battle_of_blackpool_sands_1404","name":"Battle of Blackpool Sands","kind":"military","start_year":1404,"end_year":1404,"subtype":"battle"}},{"type":"Feature","geometry":{"type":"Point","coordinates":[-4.795,56.545]},"properties":{"id":"battle_battle_of_black_mount_1497","name":"Battle of Black Mount","kind":"military","start_year":1497,"end_year":1497,"subtype":"battle"}},{"type":"Feature","geometry":{"type":"Point","coordinates":[-1.75,47.4833]},"properties":{"id":"battle_battle_of_blain_843","name":"Battle of Blain","kind":"military","start_year":843,"end_year":843,"subtype":"battle"}},{"type":"Feature","geometry":{"type":"Point","coordinates":[-4.2678,57.5217]},"properties":{"id":"battle_battle_of_blairnacoi_1340","name":"Battle of Blairnacoi","kind":"military","start_year":1340,"end_year":1340,"subtype":"battle"}},{"type":"Feature","geometry":{"type":"Point","coordinates":[-0.6716,44.8925]},"properties":{"id":"battle_battle_of_blanquefort_1450","name":"Battle of Blanquefort","kind":"military","start_year":1450,"end_year":1450,"subtype":"battle"}},{"type":"Feature","geometry":{"type":"Point","coordinates":[-4.5536,57.5767]},"properties":{"id":"battle_battle_of_blar_na_pairce_1480","name":"Battle of Blar Na Pairce","kind":"military","start_year":1480,"end_year":1480,"subtype":"battle"}},{"type":"Feature","geometry":{"type":"Point","coordinates":[-2.9448,51.3082]},"properties":{"id":"battle_battle_of_bleadon_1068","name":"Battle of Bleadon","kind":"military","start_year":1068,"end_year":1068,"subtype":"battle"}},{"type":"Feature","geometry":{"type":"Point","coordinates":[16.25,43.5167]},"properties":{"id":"battle_battle_of_bliska_1322","name":"Battle of Bliska","kind":"military","start_year":1322,"end_year":1322,"subtype":"battle"}},{"type":"Feature","geometry":{"type":"Point","coordinates":[-6.1167,56.65]},"properties":{"id":"battle_battle_of_bloody_bay_1480","name":"Battle of Bloody Bay","kind":"military","start_year":1480,"end_year":1480,"subtype":"battle"}},{"type":"Feature","geometry":{"type":"Point","coordinates":[-2.4247,52.9136]},"properties":{"id":"battle_battle_of_blore_heath_1459","name":"Battle of Blore Heath","kind":"military","start_year":1459,"end_year":1459,"subtype":"battle"}},{"type":"Feature","geometry":{"type":"Point","coordinates":[30.7833,48.6583]},"properties":{"id":"battle_battle_of_blue_waters_1362","name":"Battle of Blue Waters","kind":"military","start_year":1362,"end_year":1362,"subtype":"battle"}},{"type":"Feature","geometry":{"type":"Point","coordinates":[-3.0973,52.7777]},"properties":{"id":"battle_battle_of_bodyddon_castle_1257","name":"Battle of Bodyddon Castle","kind":"military","start_year":1257,"end_year":1257,"subtype":"battle"}},{"type":"Feature","geometry":{"type":"Point","coordinates":[19.5772,50.3111]},"properties":{"id":"battle_battle_of_bogucin_1273","name":"Battle of Bogucin","kind":"military","start_year":1273,"end_year":1273,"subtype":"battle"}},{"type":"Feature","geometry":{"type":"Point","coordinates":[5.4231,59.2003]},"properties":{"id":"battle_battle_of_boknafjorden_1028","name":"Battle of Boknafjorden","kind":"military","start_year":1028,"end_year":1028,"subtype":"battle"}},{"type":"Feature","geometry":{"type":"Point","coordinates":[87.4367,46.9839]},"properties":{"id":"battle_battle_of_bolchu_711","name":"Battle of Bolchu","kind":"military","start_year":711,"end_year":711,"subtype":"battle"}},{"type":"Feature","geometry":{"type":"Point","coordinates":[44.5333,41.45]},"properties":{"id":"battle_battle_of_bolnisi_1228","name":"Battle of Bolnisi","kind":"military","start_year":1228,"end_year":1228,"subtype":"battle"}},{"type":"Feature","geometry":{"type":"Point","coordinates":[31.6,40.7333]},"properties":{"id":"battle_battle_of_bolu_1423","name":"Battle of Bolu","kind":"military","start_year":1423,"end_year":1423,"subtype":"battle"}},{"type":"Feature","geometry":{"type":"Point","coordinates":[31.05,38.7167]},"properties":{"id":"battle_battle_of_bolvadin_1116","name":"Battle of Bolvadin","kind":"military","start_year":1116,"end_year":1116,"subtype":"battle"}},{"type":"Feature","geometry":{"type":"Point","coordinates":[18.5904,46.5103]},"properties":{"id":"battle_battle_of_bonefield_1490","name":"Battle of Bonefield","kind":"military","start_year":1490,"end_year":1490,"subtype":"battle"}},{"type":"Feature","geometry":{"type":"Point","coordinates":[8.4667,45.7]},"properties":{"id":"battle_battle_of_borgomanero_1449","name":"Battle of Borgomanero","kind":"military","start_year":1449,"end_year":1449,"subtype":"battle"}},{"type":"Feature","geometry":{"type":"Point","coordinates":[14.9167,55.125]},"properties":{"id":"battle_battle_of_bornholm_1456","name":"Battle of Bornholm","kind":"military","start_year":1456,"end_year":1456,"subtype":"battle"}},{"type":"Feature","geometry":{"type":"Point","coordinates":[10.2333,54.0667]},"properties":{"id":"battle_battle_of_bornh_ved_798","name":"Battle of Bornhöved","kind":"military","start_year":798,"end_year":798,"subtype":"battle"}},{"type":"Feature","geometry":{"type":"Point","coordinates":[35.4256,56.4067]},"properties":{"id":"battle_battle_of_bortenevo_1317","name":"Battle of Bortenevo","kind":"military","start_year":1317,"end_year":1317,"subtype":"battle"}},{"type":"Feature","geometry":{"type":"Point","coordinates":[25.65,42.4333]},"properties":{"id":"battle_battle_of_boruy_1208","name":"Battle of Boruy","kind":"military","start_year":1208,"end_year":1208,"subtype":"battle"}},{"type":"Feature","geometry":{"type":"Point","coordinates":[8.6783,44.8264]},"properties":{"id":"battle_battle_of_bosco_marengo_1447","name":"Battle of Bosco Marengo","kind":"military","start_year":1447,"end_year":1447,"subtype":"battle"}},{"type":"Feature","geometry":{"type":"Point","coordinates":[36.4833,31.5333]},"properties":{"id":"battle_battle_of_bosra_634","name":"Battle of Bosra","kind":"military","start_year":634,"end_year":634,"subtype":"battle"}},{"type":"Feature","geometry":{"type":"Point","coordinates":[-1.4103,52.5911]},"properties":{"id":"battle_battle_of_bosworth_field_1485","name":"Battle of Bosworth Field","kind":"military","start_year":1485,"end_year":1485,"subtype":"battle"}},{"type":"Feature","geometry":{"type":"Point","coordinates":[27.1,41.4333]},"properties":{"id":"battle_battle_of_boulgarophygon_896","name":"Battle of Boulgarophygon","kind":"military","start_year":896,"end_year":896,"subtype":"battle"}},{"type":"Feature","geometry":{"type":"Point","coordinates":[0.8733,49.2986]},"properties":{"id":"battle_battle_of_bourgth_roulde_1124","name":"Battle of Bourgthéroulde","kind":"military","start_year":1124,"end_year":1124,"subtype":"battle"}},{"type":"Feature","geometry":{"type":"Point","coordinates":[-8.4167,41.5333]},"properties":{"id":"battle_battle_of_braga_585","name":"Battle of Braga","kind":"military","start_year":585,"end_year":585,"subtype":"battle"}},{"type":"Feature","geometry":{"type":"Point","coordinates":[-1.3414,53.8644]},"properties":{"id":"battle_battle_of_bramham_moor_1408","name":"Battle of Bramham Moor","kind":"military","start_year":1408,"end_year":1408,"subtype":"battle"}},{"type":"Feature","geometry":{"type":"Point","coordinates":[22.8333,52.75]},"properties":{"id":"battle_battle_of_bra_sk_1264","name":"Battle of Brańsk","kind":"military","start_year":1264,"end_year":1264,"subtype":"battle"}},{"type":"Feature","geometry":{"type":"Point","coordinates":[23.3444,45.9375]},"properties":{"id":"battle_battle_of_breadfield_1479","name":"Battle of Breadfield","kind":"military","start_year":1479,"end_year":1479,"subtype":"battle"}},{"type":"Feature","geometry":{"type":"Point","coordinates":[-3.3909,51.9468]},"properties":{"id":"battle_battle_of_brecenanmere_916","name":"Battle of Brecenanmere","kind":"military","start_year":916,"end_year":916,"subtype":"battle"}},{"type":"Feature","geometry":{"type":"Point","coordinates":[-2.6553,56.73]},"properties":{"id":"battle_battle_of_brechin_1452","name":"Battle of Brechin","kind":"military","start_year":1452,"end_year":1452,"subtype":"battle"}},{"type":"Feature","geometry":{"type":"Point","coordinates":[-3.3909,51.9468]},"properties":{"id":"battle_battle_of_brecon_1093","name":"Battle of Brecon","kind":"military","start_year":1093,"end_year":1093,"subtype":"battle"}},{"type":"Feature","geometry":{"type":"Point","coordinates":[11.2661,46.0072]},"properties":{"id":"battle_battle_of_brenta_899","name":"Battle of Brenta","kind":"military","start_year":899,"end_year":899,"subtype":"battle"}},{"type":"Feature","geometry":{"type":"Point","coordinates":[-0.3069,51.4786]},"properties":{"id":"battle_battle_of_brentford_1016","name":"Battle of Brentford","kind":"military","start_year":1016,"end_year":1016,"subtype":"battle"}},{"type":"Feature","geometry":{"type":"Point","coordinates":[-4.4963,48.3819]},"properties":{"id":"battle_battle_of_brest_1342","name":"Battle of Brest","kind":"military","start_year":1342,"end_year":1342,"subtype":"battle"}},{"type":"Feature","geometry":{"type":"Point","coordinates":[4.7522,45.6747]},"properties":{"id":"battle_battle_of_brignais_1362","name":"Battle of Brignais","kind":"military","start_year":1362,"end_year":1362,"subtype":"battle"}},{"type":"Feature","geometry":{"type":"Point","coordinates":[17.9458,40.6383]},"properties":{"id":"battle_battle_of_brindisi_1156","name":"Battle of Brindisi","kind":"military","start_year":1156,"end_year":1156,"subtype":"battle"}},{"type":"Feature","geometry":{"type":"Point","coordinates":[-0.4537,47.6998]},"properties":{"id":"battle_battle_of_brissarthe_866","name":"Battle of Brissarthe","kind":"military","start_year":866,"end_year":866,"subtype":"battle"}},{"type":"Feature","geometry":{"type":"Point","coordinates":[-4.364,53.02]},"properties":{"id":"battle_battle_of_bron_yr_erw_1075","name":"Battle of Bron yr Erw","kind":"military","start_year":1075,"end_year":1075,"subtype":"battle"}},{"type":"Feature","geometry":{"type":"Point","coordinates":[3.9142,51.7264]},"properties":{"id":"battle_battle_of_brouwershaven_1426","name":"Battle of Brouwershaven","kind":"military","start_year":1426,"end_year":1426,"subtype":"battle"}},{"type":"Feature","geometry":{"type":"Point","coordinates":[7.5948,47.5076]},"properties":{"id":"battle_battle_of_bruderholz_1499","name":"Battle of Bruderholz","kind":"military","start_year":1499,"end_year":1499,"subtype":"battle"}},{"type":"Feature","geometry":{"type":"Point","coordinates":[-2.2573,53.7964]},"properties":{"id":"battle_battle_of_brunanburh_937","name":"Battle of Brunanburh","kind":"military","start_year":937,"end_year":937,"subtype":"battle"}},{"type":"Feature","geometry":{"type":"Point","coordinates":[18.0686,59.3294]},"properties":{"id":"battle_battle_of_brunkeberg_1471","name":"Battle of Brunkeberg","kind":"military","start_year":1471,"end_year":1471,"subtype":"battle"}},{"type":"Feature","geometry":{"type":"Point","coordinates":[-4.29,52.99]},"properties":{"id":"battle_battle_of_bryn_derwin_1255","name":"Battle of Bryn Derwin","kind":"military","start_year":1255,"end_year":1255,"subtype":"battle"}},{"type":"Feature","geometry":{"type":"Point","coordinates":[-3.097,52.3068]},"properties":{"id":"battle_battle_of_bryn_glas_1402","name":"Battle of Bryn Glas","kind":"military","start_year":1402,"end_year":1402,"subtype":"battle"}},{"type":"Feature","geometry":{"type":"Point","coordinates":[1.4058,49.3433]},"properties":{"id":"battle_battle_of_br_mule_1119","name":"Battle of Brémule","kind":"military","start_year":1119,"end_year":1119,"subtype":"battle"}},{"type":"Feature","geometry":{"type":"Point","coordinates":[16.5,58.6417]},"properties":{"id":"battle_battle_of_br_vellier_800","name":"Battle of Brávellier","kind":"military","start_year":800,"end_year":800,"subtype":"battle"}},{"type":"Feature","geometry":{"type":"Point","coordinates":[13.6368,50.5212]},"properties":{"id":"battle_battle_of_br_x_1421","name":"Battle of Brüx","kind":"military","start_year":1421,"end_year":1421,"subtype":"battle"}},{"type":"Feature","geometry":{"type":"Point","coordinates":[139.4686,35.6683]},"properties":{"id":"battle_battle_of_bubaigawara_1333","name":"Battle of Bubaigawara","kind":"military","start_year":1333,"end_year":1333,"subtype":"battle"}},{"type":"Feature","geometry":{"type":"Point","coordinates":[112.3667,-7.55]},"properties":{"id":"battle_battle_of_bubat_1357","name":"Battle of Bubat","kind":"military","start_year":1357,"end_year":1357,"subtype":"battle"}},{"type":"Feature","geometry":{"type":"Point","coordinates":[-3.3986,52.1492]},"properties":{"id":"battle_battle_of_builth_castle_1260","name":"Battle of Builth Castle","kind":"military","start_year":1260,"end_year":1260,"subtype":"battle"}},{"type":"Feature","geometry":{"type":"Point","coordinates":[64.4286,39.7747]},"properties":{"id":"battle_battle_of_bukhara_709","name":"Battle of Bukhara","kind":"military","start_year":709,"end_year":709,"subtype":"battle"}},{"type":"Feature","geometry":{"type":"Point","coordinates":[5.835,48.2086]},"properties":{"id":"battle_battle_of_bulgn_ville_1431","name":"Battle of Bulgnéville","kind":"military","start_year":1431,"end_year":1431,"subtype":"battle"}},{"type":"Feature","geometry":{"type":"Point","coordinates":[130.333,33.618]},"properties":{"id":"battle_battle_of_bun_ei_1274","name":"Battle of Bun'ei","kind":"military","start_year":1274,"end_year":1274,"subtype":"battle"}},{"type":"Feature","geometry":{"type":"Point","coordinates":[-1.6238,52.8067]},"properties":{"id":"battle_battle_of_burton_bridge_1322","name":"Battle of Burton Bridge","kind":"military","start_year":1322,"end_year":1322,"subtype":"battle"}},{"type":"Feature","geometry":{"type":"Point","coordinates":[14.1833,37.1833]},"properties":{"id":"battle_battle_of_butera_845","name":"Battle of Butera","kind":"military","start_year":845,"end_year":845,"subtype":"battle"}},{"type":"Feature","geometry":{"type":"Point","coordinates":[-3.09,52.672]},"properties":{"id":"battle_battle_of_buttington_893","name":"Battle of Buttington","kind":"military","start_year":893,"end_year":893,"subtype":"battle"}},{"type":"Feature","geometry":{"type":"Point","coordinates":[4.6967,46.7117]},"properties":{"id":"battle_battle_of_buxy_1471","name":"Battle of Buxy","kind":"military","start_year":1471,"end_year":1471,"subtype":"battle"}},{"type":"Feature","geometry":{"type":"Point","coordinates":[117.8,47.7]},"properties":{"id":"battle_battle_of_buyur_lake_1388","name":"Battle of Buyur Lake","kind":"military","start_year":1388,"end_year":1388,"subtype":"battle"}},{"type":"Feature","geometry":{"type":"Point","coordinates":[41.6833,27.5167]},"properties":{"id":"battle_battle_of_buzakha_632","name":"Battle of Buzakha","kind":"military","start_year":632,"end_year":632,"subtype":"battle"}},{"type":"Feature","geometry":{"type":"Point","coordinates":[26.8167,45.1517]},"properties":{"id":"battle_battle_of_buz_u_1462","name":"Battle of Buzău","kind":"military","start_year":1462,"end_year":1462,"subtype":"battle"}},{"type":"Feature","geometry":{"type":"Point","coordinates":[-3.1965,51.9636]},"properties":{"id":"battle_battle_of_bwlch_y_dinas_castle_1233","name":"Battle of Bwlch y Dinas Castle","kind":"military","start_year":1233,"end_year":1233,"subtype":"battle"}},{"type":"Feature","geometry":{"type":"Point","coordinates":[7.7667,36.9]},"properties":{"id":"battle_battle_of_b_ne_1360","name":"Battle of Bône","kind":"military","start_year":1360,"end_year":1360,"subtype":"battle"}},{"type":"Feature","geometry":{"type":"Point","coordinates":[105.75,21.4667]},"properties":{"id":"battle_battle_of_b_nh_l_nguy_n_1258","name":"Battle of Bình Lệ Nguyên","kind":"military","start_year":1258,"end_year":1258,"subtype":"battle"}},{"type":"Feature","geometry":{"type":"Point","coordinates":[-4.4333,37.4667]},"properties":{"id":"battle_battle_of_cabra_1079","name":"Battle of Cabra","kind":"military","start_year":1079,"end_year":1079,"subtype":"battle"}},{"type":"Feature","geometry":{"type":"Point","coordinates":[-3.995,51.884]},"properties":{"id":"battle_battle_of_cadfan_1257","name":"Battle of Cadfan","kind":"military","start_year":1257,"end_year":1257,"subtype":"battle"}},{"type":"Feature","geometry":{"type":"Point","coordinates":[-2.646,48.019]},"properties":{"id":"battle_battle_of_cadoret_1345","name":"Battle of Cadoret","kind":"military","start_year":1345,"end_year":1345,"subtype":"battle"}},{"type":"Feature","geometry":{"type":"Point","coordinates":[3.4,51.3667]},"properties":{"id":"battle_battle_of_cadzand_1337","name":"Battle of Cadzand","kind":"military","start_year":1337,"end_year":1337,"subtype":"battle"}},{"type":"Feature","geometry":{"type":"Point","coordinates":[-0.3706,49.1822]},"properties":{"id":"battle_battle_of_caen_1346","name":"Battle of Caen","kind":"military","start_year":1346,"end_year":1346,"subtype":"battle"}},{"type":"Feature","geometry":{"type":"Point","coordinates":[-3.2169,52.6446]},"properties":{"id":"battle_battle_of_caereinion_castle_1167","name":"Battle of Caereinion Castle","kind":"military","start_year":1167,"end_year":1167,"subtype":"battle"}},{"type":"Feature","geometry":{"type":"Point","coordinates":[-2.959,51.615]},"properties":{"id":"battle_battle_of_caerleon_castle_1217","name":"Battle of Caerleon Castle","kind":"military","start_year":1217,"end_year":1217,"subtype":"battle"}},{"type":"Feature","geometry":{"type":"Point","coordinates":[-3.2203,51.5761]},"properties":{"id":"battle_battle_of_caerphilly_castle_1270","name":"Battle of Caerphilly Castle","kind":"military","start_year":1270,"end_year":1270,"subtype":"battle"}},{"type":"Feature","geometry":{"type":"Point","coordinates":[35.4875,38.7225]},"properties":{"id":"battle_battle_of_caesarea_1067","name":"Battle of Caesarea","kind":"military","start_year":1067,"end_year":1067,"subtype":"battle"}},{"type":"Feature","geometry":{"type":"Point","coordinates":[31.2358,30.0444]},"properties":{"id":"battle_battle_of_cairo_1367","name":"Battle of Cairo","kind":"military","start_year":1367,"end_year":1367,"subtype":"battle"}},{"type":"Feature","geometry":{"type":"Point","coordinates":[118.44,31.7]},"properties":{"id":"battle_battle_of_caishi_1161","name":"Battle of Caishi","kind":"military","start_year":1161,"end_year":1161,"subtype":"battle"}},{"type":"Feature","geometry":{"type":"Point","coordinates":[1.515,41.744]},"properties":{"id":"battle_battle_of_calaf_1465","name":"Battle of Calaf","kind":"military","start_year":1465,"end_year":1465,"subtype":"battle"}},{"type":"Feature","geometry":{"type":"Point","coordinates":[-2.8167,41.7]},"properties":{"id":"battle_battle_of_calata_azor_1002","name":"Battle of Calatañazor","kind":"military","start_year":1002,"end_year":1002,"subtype":"battle"}},{"type":"Feature","geometry":{"type":"Point","coordinates":[-4.0667,38.85]},"properties":{"id":"battle_battle_of_calatrava_1173","name":"Battle of Calatrava","kind":"military","start_year":1173,"end_year":1173,"subtype":"battle"}},{"type":"Feature","geometry":{"type":"Point","coordinates":[10.4139,45.4833]},"properties":{"id":"battle_battle_of_calcinato_1201","name":"Battle of Calcinato","kind":"military","start_year":1201,"end_year":1201,"subtype":"battle"}},{"type":"Feature","geometry":{"type":"Point","coordinates":[-9.4392,51.8886]},"properties":{"id":"battle_battle_of_callann_1261","name":"Battle of Callann","kind":"military","start_year":1261,"end_year":1261,"subtype":"battle"}},{"type":"Feature","geometry":{"type":"Point","coordinates":[11.1154,45.9391]},"properties":{"id":"battle_battle_of_calliano_1487","name":"Battle of Calliano","kind":"military","start_year":1487,"end_year":1487,"subtype":"battle"}},{"type":"Feature","geometry":{"type":"Point","coordinates":[39.0167,35.95]},"properties":{"id":"battle_battle_of_callinicum_531","name":"Battle of Callinicum","kind":"military","start_year":531,"end_year":531,"subtype":"battle"}},{"type":"Feature","geometry":{"type":"Point","coordinates":[15.318,37.844]},"properties":{"id":"battle_battle_of_caltavuturo_881","name":"Battle of Caltavuturo","kind":"military","start_year":881,"end_year":881,"subtype":"battle"}},{"type":"Feature","geometry":{"type":"Point","coordinates":[10.5105,46.6678]},"properties":{"id":"battle_battle_of_calven_1499","name":"Battle of Calven","kind":"military","start_year":1499,"end_year":1499,"subtype":"battle"}},{"type":"Feature","geometry":{"type":"Point","coordinates":[11.7526,43.7376]},"properties":{"id":"battle_battle_of_campaldino_1289","name":"Battle of Campaldino","kind":"military","start_year":1289,"end_year":1289,"subtype":"battle"}},{"type":"Feature","geometry":{"type":"Point","coordinates":[-7.2453,43.0154]},"properties":{"id":"battle_battle_of_campo_da_matanza_795","name":"Battle of Campo da Matanza","kind":"military","start_year":795,"end_year":795,"subtype":"battle"}},{"type":"Feature","geometry":{"type":"Point","coordinates":[10.63,43.66]},"properties":{"id":"battle_battle_of_campo_delle_mosche_1359","name":"Battle of Campo delle Mosche","kind":"military","start_year":1359,"end_year":1359,"subtype":"battle"}},{"type":"Feature","geometry":{"type":"Point","coordinates":[-2.8674,51.9149]},"properties":{"id":"battle_battle_of_campston_hill_1404","name":"Battle of Campston Hill","kind":"military","start_year":1404,"end_year":1404,"subtype":"battle"}},{"type":"Feature","geometry":{"type":"Point","coordinates":[-3.5,41.3667]},"properties":{"id":"battle_battle_of_candespina_1110","name":"Battle of Candespina","kind":"military","start_year":1110,"end_year":1110,"subtype":"battle"}},{"type":"Feature","geometry":{"type":"Point","coordinates":[16.1517,41.2964]},"properties":{"id":"battle_battle_of_cannae_1018_1018","name":"Battle of Cannae (1018)","kind":"military","start_year":1018,"end_year":1018,"subtype":"battle"}},{"type":"Feature","geometry":{"type":"Point","coordinates":[12.8441,43.5133]},"properties":{"id":"battle_battle_of_canturino_1363","name":"Battle of Canturino","kind":"military","start_year":1363,"end_year":1363,"subtype":"battle"}},{"type":"Feature","geometry":{"type":"Point","coordinates":[12.5333,54.4167]},"properties":{"id":"battle_battle_of_cape_darsin_1184","name":"Battle of Cape Darsin","kind":"military","start_year":1184,"end_year":1184,"subtype":"battle"}},{"type":"Feature","geometry":{"type":"Point","coordinates":[-9.222,38.414]},"properties":{"id":"battle_battle_of_cape_espichel_1180","name":"Battle of Cape Espichel","kind":"military","start_year":1180,"end_year":1180,"subtype":"battle"}},{"type":"Feature","geometry":{"type":"Point","coordinates":[14.7333,38.15]},"properties":{"id":"battle_battle_of_cape_orlando_1299","name":"Battle of Cape Orlando","kind":"military","start_year":1299,"end_year":1299,"subtype":"battle"}},{"type":"Feature","geometry":{"type":"Point","coordinates":[-8.9944,37.025]},"properties":{"id":"battle_battle_of_cape_st_vincent_1337","name":"Battle of Cape St. Vincent","kind":"military","start_year":1337,"end_year":1337,"subtype":"battle"}},{"type":"Feature","geometry":{"type":"Point","coordinates":[14.2083,41.1061]},"properties":{"id":"battle_battle_of_capua_1348","name":"Battle of Capua","kind":"military","start_year":1348,"end_year":1348,"subtype":"battle"}},{"type":"Feature","geometry":{"type":"Point","coordinates":[9.1095,39.2149]},"properties":{"id":"battle_battle_of_caranalis_533","name":"Battle of Caranalis","kind":"military","start_year":533,"end_year":533,"subtype":"battle"}},{"type":"Feature","geometry":{"type":"Point","coordinates":[9.6431,45.4978]},"properties":{"id":"battle_battle_of_caravaggio_1448","name":"Battle of Caravaggio","kind":"military","start_year":1448,"end_year":1448,"subtype":"battle"}},{"type":"Feature","geometry":{"type":"Point","coordinates":[9.1981,45.7994]},"properties":{"id":"battle_battle_of_carcano_1160","name":"Battle of Carcano","kind":"military","start_year":1160,"end_year":1160,"subtype":"battle"}},{"type":"Feature","geometry":{"type":"Point","coordinates":[2.3514,43.2158]},"properties":{"id":"battle_battle_of_carcassonne_589","name":"Battle of Carcassonne","kind":"military","start_year":589,"end_year":589,"subtype":"battle"}},{"type":"Feature","geometry":{"type":"Point","coordinates":[-3.1812,51.4823]},"properties":{"id":"battle_battle_of_cardiff_castle_1233","name":"Battle of Cardiff Castle","kind":"military","start_year":1233,"end_year":1233,"subtype":"battle"}},{"type":"Feature","geometry":{"type":"Point","coordinates":[-2.3208,55.6369]},"properties":{"id":"battle_battle_of_carham_1010","name":"Battle of Carham","kind":"military","start_year":1010,"end_year":1010,"subtype":"battle"}},{"type":"Feature","geometry":{"type":"Point","coordinates":[-4.15,51.68]},"properties":{"id":"battle_battle_of_carnwyllion_1189","name":"Battle of Carnwyllion","kind":"military","start_year":1189,"end_year":1189,"subtype":"battle"}},{"type":"Feature","geometry":{"type":"Point","coordinates":[-3.1011,52.7769]},"properties":{"id":"battle_battle_of_carreghofa_1213","name":"Battle of Carreghofa","kind":"military","start_year":1213,"end_year":1213,"subtype":"battle"}},{"type":"Feature","geometry":{"type":"Point","coordinates":[10.3233,36.8528]},"properties":{"id":"battle_battle_of_carthage_698","name":"Battle of Carthage","kind":"military","start_year":698,"end_year":698,"subtype":"battle"}},{"type":"Feature","geometry":{"type":"Point","coordinates":[11.2833,44.4833]},"properties":{"id":"battle_battle_of_casalecchio_1402","name":"Battle of Casalecchio","kind":"military","start_year":1402,"end_year":1402,"subtype":"battle"}},{"type":"Feature","geometry":{"type":"Point","coordinates":[8.9258,45.0069]},"properties":{"id":"battle_battle_of_casei_gerola_1213","name":"Battle of Casei Gerola","kind":"military","start_year":1213,"end_year":1213,"subtype":"battle"}},{"type":"Feature","geometry":{"type":"Point","coordinates":[9.0167,45.3167]},"properties":{"id":"battle_battle_of_casorate_1356","name":"Battle of Casorate","kind":"military","start_year":1356,"end_year":1356,"subtype":"battle"}},{"type":"Feature","geometry":{"type":"Point","coordinates":[9.5167,45.5333]},"properties":{"id":"battle_battle_of_cassano_1158","name":"Battle of Cassano","kind":"military","start_year":1158,"end_year":1158,"subtype":"battle"}},{"type":"Feature","geometry":{"type":"Point","coordinates":[2.4883,50.8006]},"properties":{"id":"battle_battle_of_cassel_1071","name":"Battle of Cassel","kind":"military","start_year":1071,"end_year":1071,"subtype":"battle"}},{"type":"Feature","geometry":{"type":"Point","coordinates":[11.4108,45.1208]},"properties":{"id":"battle_battle_of_castagnaro_1387","name":"Battle of Castagnaro","kind":"military","start_year":1387,"end_year":1387,"subtype":"battle"}},{"type":"Feature","geometry":{"type":"Point","coordinates":[-3.0125,52.273]},"properties":{"id":"battle_battle_of_castell_llandandras_1262","name":"Battle of Castell Llandandras","kind":"military","start_year":1262,"end_year":1262,"subtype":"battle"}},{"type":"Feature","geometry":{"type":"Point","coordinates":[11.8,44.3167]},"properties":{"id":"battle_battle_of_castel_bolognese_1434","name":"Battle of Castel Bolognese","kind":"military","start_year":1434,"end_year":1434,"subtype":"battle"}},{"type":"Feature","geometry":{"type":"Point","coordinates":[-0.0189,44.8517]},"properties":{"id":"battle_battle_of_castillon_1453","name":"Battle of Castillon","kind":"military","start_year":1453,"end_year":1453,"subtype":"battle"}},{"type":"Feature","geometry":{"type":"Point","coordinates":[9.05,46.2167]},"properties":{"id":"battle_battle_of_castione_1449","name":"Battle of Castione","kind":"military","start_year":1449,"end_year":1449,"subtype":"battle"}},{"type":"Feature","geometry":{"type":"Point","coordinates":[-2.7789,37.7958]},"properties":{"id":"battle_battle_of_castril_1438","name":"Battle of Castril","kind":"military","start_year":1438,"end_year":1438,"subtype":"battle"}},{"type":"Feature","geometry":{"type":"Point","coordinates":[16.6,38.9]},"properties":{"id":"battle_battle_of_catanzaro_1297","name":"Battle of Catanzaro","kind":"military","start_year":1297,"end_year":1297,"subtype":"battle"}},{"type":"Feature","geometry":{"type":"Point","coordinates":[-8.75,52.5]},"properties":{"id":"battle_battle_of_cathair_cuan_977","name":"Battle of Cathair Cuan","kind":"military","start_year":977,"end_year":977,"subtype":"battle"}},{"type":"Feature","geometry":{"type":"Point","coordinates":[-1.6301,54.3774]},"properties":{"id":"battle_battle_of_catraeth_600","name":"Battle of Catraeth","kind":"military","start_year":600,"end_year":600,"subtype":"battle"}},{"type":"Feature","geometry":{"type":"Point","coordinates":[14.483,53.25]},"properties":{"id":"battle_battle_of_cedynia_972","name":"Battle of Cedynia","kind":"military","start_year":972,"end_year":972,"subtype":"battle"}},{"type":"Feature","geometry":{"type":"Point","coordinates":[-3.0667,52.65]},"properties":{"id":"battle_battle_of_cefn_digoll_630","name":"Battle of Cefn Digoll","kind":"military","start_year":630,"end_year":630,"subtype":"battle"}},{"type":"Feature","geometry":{"type":"Point","coordinates":[-3,42.6333]},"properties":{"id":"battle_battle_of_cellorigo_882","name":"Battle of Cellorigo","kind":"military","start_year":882,"end_year":882,"subtype":"battle"}},{"type":"Feature","geometry":{"type":"Point","coordinates":[20.5525,38.265]},"properties":{"id":"battle_battle_of_cephalonia_880","name":"Battle of Cephalonia","kind":"military","start_year":880,"end_year":880,"subtype":"battle"}},{"type":"Feature","geometry":{"type":"Point","coordinates":[14.5,37.78]},"properties":{"id":"battle_battle_of_cerami_1063","name":"Battle of Cerami","kind":"military","start_year":1063,"end_year":1063,"subtype":"battle"}},{"type":"Feature","geometry":{"type":"Point","coordinates":[-3.258,52.5012]},"properties":{"id":"battle_battle_of_ceri_1228","name":"Battle of Ceri","kind":"military","start_year":1228,"end_year":1228,"subtype":"battle"}},{"type":"Feature","geometry":{"type":"Point","coordinates":[-8.7894,41.6948]},"properties":{"id":"battle_battle_of_cerneja_1139","name":"Battle of Cerneja","kind":"military","start_year":1139,"end_year":1139,"subtype":"battle"}},{"type":"Feature","geometry":{"type":"Point","coordinates":[-3.4667,41.9]},"properties":{"id":"battle_battle_of_cervera_1000","name":"Battle of Cervera","kind":"military","start_year":1000,"end_year":1000,"subtype":"battle"}},{"type":"Feature","geometry":{"type":"Point","coordinates":[13.1369,43.7697]},"properties":{"id":"battle_battle_of_cesano_1462","name":"Battle of Cesano","kind":"military","start_year":1462,"end_year":1462,"subtype":"battle"}},{"type":"Feature","geometry":{"type":"Point","coordinates":[-8.4422,40.9236]},"properties":{"id":"battle_battle_of_cesar_1035","name":"Battle of Cesar","kind":"military","start_year":1035,"end_year":1035,"subtype":"battle"}},{"type":"Feature","geometry":{"type":"Point","coordinates":[-5.3,35.8867]},"properties":{"id":"battle_battle_of_ceuta_1144","name":"Battle of Ceuta","kind":"military","start_year":1144,"end_year":1144,"subtype":"battle"}},{"type":"Feature","geometry":{"type":"Point","coordinates":[-5.3,35.8867]},"properties":{"id":"battle_battle_of_ceuta_1182_1182","name":"Battle of Ceuta (1182)","kind":"military","start_year":1182,"end_year":1182,"subtype":"battle"}},{"type":"Feature","geometry":{"type":"Point","coordinates":[35.5596,36.5652]},"properties":{"id":"battle_battle_of_ceyhan_river_1130","name":"Battle of Ceyhan River","kind":"military","start_year":1130,"end_year":1130,"subtype":"battle"}},{"type":"Feature","geometry":{"type":"Point","coordinates":[85.1414,25.61]},"properties":{"id":"battle_battle_of_chabuheluo_647","name":"Battle of Chabuheluo","kind":"military","start_year":647,"end_year":647,"subtype":"battle"}},{"type":"Feature","geometry":{"type":"Point","coordinates":[72.4928,33.9097]},"properties":{"id":"battle_battle_of_chach_1009","name":"Battle of Chach","kind":"military","start_year":1009,"end_year":1009,"subtype":"battle"}},{"type":"Feature","geometry":{"type":"Point","coordinates":[47.6713,29.3929]},"properties":{"id":"battle_battle_of_chains_633","name":"Battle of Chains","kind":"military","start_year":633,"end_year":633,"subtype":"battle"}},{"type":"Feature","geometry":{"type":"Point","coordinates":[89,49]},"properties":{"id":"battle_battle_of_chakirmaut_1204","name":"Battle of Chakirmaut","kind":"military","start_year":1204,"end_year":1204,"subtype":"battle"}},{"type":"Feature","geometry":{"type":"Point","coordinates":[46.4914,39.8272]},"properties":{"id":"battle_battle_of_chalagan_1412","name":"Battle of Chalagan","kind":"military","start_year":1412,"end_year":1412,"subtype":"battle"}},{"type":"Feature","geometry":{"type":"Point","coordinates":[21.7832,38.1076]},"properties":{"id":"battle_battle_of_chalandritsa_1316","name":"Battle of Chalandritsa","kind":"military","start_year":1316,"end_year":1316,"subtype":"battle"}},{"type":"Feature","geometry":{"type":"Point","coordinates":[-3.0847,58.475]},"properties":{"id":"battle_battle_of_champions_1478","name":"Battle of Champions","kind":"military","start_year":1478,"end_year":1478,"subtype":"battle"}},{"type":"Feature","geometry":{"type":"Point","coordinates":[-1.2929,47.316]},"properties":{"id":"battle_battle_of_champtoceaux_1341","name":"Battle of Champtoceaux","kind":"military","start_year":1341,"end_year":1341,"subtype":"battle"}},{"type":"Feature","geometry":{"type":"Point","coordinates":[78.367,27.107]},"properties":{"id":"battle_battle_of_chandawar_1194","name":"Battle of Chandawar","kind":"military","start_year":1194,"end_year":1194,"subtype":"battle"}},{"type":"Feature","geometry":{"type":"Point","coordinates":[40.5017,38.8861]},"properties":{"id":"battle_battle_of_chapakchur_1387","name":"Battle of Chapakchur","kind":"military","start_year":1387,"end_year":1387,"subtype":"battle"}},{"type":"Feature","geometry":{"type":"Point","coordinates":[0.0844,49.5069]},"properties":{"id":"battle_battle_of_chef_de_caux_1415","name":"Battle of Chef-de-Caux","kind":"military","start_year":1415,"end_year":1415,"subtype":"battle"}},{"type":"Feature","geometry":{"type":"Point","coordinates":[1.3167,35.3667]},"properties":{"id":"battle_battle_of_chelif_river_1015","name":"Battle of Chelif River","kind":"military","start_year":1015,"end_year":1015,"subtype":"battle"}},{"type":"Feature","geometry":{"type":"Point","coordinates":[127.2011,37.2361]},"properties":{"id":"battle_battle_of_cheoin_1232","name":"Battle of Cheoin","kind":"military","start_year":1232,"end_year":1232,"subtype":"battle"}},{"type":"Feature","geometry":{"type":"Point","coordinates":[124.3161,39.8342]},"properties":{"id":"battle_battle_of_cheolju_fortress_1231","name":"Battle of Cheolju Fortress","kind":"military","start_year":1231,"end_year":1231,"subtype":"battle"}},{"type":"Feature","geometry":{"type":"Point","coordinates":[-1.4167,53.2333]},"properties":{"id":"battle_battle_of_chesterfield_1266","name":"Battle of Chesterfield","kind":"military","start_year":1266,"end_year":1266,"subtype":"battle"}},{"type":"Feature","geometry":{"type":"Point","coordinates":[-2.8856,53.1675]},"properties":{"id":"battle_battle_of_chester_615","name":"Battle of Chester","kind":"military","start_year":615,"end_year":615,"subtype":"battle"}},{"type":"Feature","geometry":{"type":"Point","coordinates":[26,42]},"properties":{"id":"battle_battle_of_chettos_559","name":"Battle of Chettos","kind":"military","start_year":559,"end_year":559,"subtype":"battle"}},{"type":"Feature","geometry":{"type":"Point","coordinates":[43.07,42.24]},"properties":{"id":"battle_battle_of_chikhori_1463","name":"Battle of Chikhori","kind":"military","start_year":1463,"end_year":1463,"subtype":"battle"}},{"type":"Feature","geometry":{"type":"Point","coordinates":[130.556,33.3966]},"properties":{"id":"battle_battle_of_chikugo_river_1359","name":"Battle of Chikugo River","kind":"military","start_year":1359,"end_year":1359,"subtype":"battle"}},{"type":"Feature","geometry":{"type":"Point","coordinates":[12.2785,45.2189]},"properties":{"id":"battle_battle_of_chioggia_1380","name":"Battle of Chioggia","kind":"military","start_year":1380,"end_year":1380,"subtype":"battle"}},{"type":"Feature","geometry":{"type":"Point","coordinates":[26.0167,38.4]},"properties":{"id":"battle_battle_of_chios_1319","name":"Battle of Chios","kind":"military","start_year":1319,"end_year":1319,"subtype":"battle"}},{"type":"Feature","geometry":{"type":"Point","coordinates":[-0.5479,38.8418]},"properties":{"id":"battle_battle_of_chio_1239","name":"Battle of Chio","kind":"military","start_year":1239,"end_year":1239,"subtype":"battle"}},{"type":"Feature","geometry":{"type":"Point","coordinates":[-2.1158,51.4585]},"properties":{"id":"battle_battle_of_chippenham_878","name":"Battle of Chippenham","kind":"military","start_year":878,"end_year":878,"subtype":"battle"}},{"type":"Feature","geometry":{"type":"Point","coordinates":[-0.3475,46.1156]},"properties":{"id":"battle_battle_of_chiset_1373","name":"Battle of Chiset","kind":"military","start_year":1373,"end_year":1373,"subtype":"battle"}},{"type":"Feature","geometry":{"type":"Point","coordinates":[7.327,45.1039]},"properties":{"id":"battle_battle_of_chiusa_di_san_michele_773","name":"Battle of Chiusa di San Michele","kind":"military","start_year":773,"end_year":773,"subtype":"battle"}},{"type":"Feature","geometry":{"type":"Point","coordinates":[20.7497,50.6117]},"properties":{"id":"battle_battle_of_chmielnik_1241","name":"Battle of Chmielnik","kind":"military","start_year":1241,"end_year":1241,"subtype":"battle"}},{"type":"Feature","geometry":{"type":"Point","coordinates":[17.5667,53.7]},"properties":{"id":"battle_battle_of_chojnice_1454","name":"Battle of Chojnice","kind":"military","start_year":1454,"end_year":1454,"subtype":"battle"}},{"type":"Feature","geometry":{"type":"Point","coordinates":[36.5542,40.3097]},"properties":{"id":"battle_battle_of_chonarion_860","name":"Battle of Chonarion","kind":"military","start_year":860,"end_year":860,"subtype":"battle"}},{"type":"Feature","geometry":{"type":"Point","coordinates":[29.0178,41.0264]},"properties":{"id":"battle_battle_of_chrysopolis_988","name":"Battle of Chrysopolis","kind":"military","start_year":988,"end_year":988,"subtype":"battle"}},{"type":"Feature","geometry":{"type":"Point","coordinates":[13.6439,51.9503]},"properties":{"id":"battle_battle_of_ciani_1015","name":"Battle of Ciani","kind":"military","start_year":1015,"end_year":1015,"subtype":"battle"}},{"type":"Feature","geometry":{"type":"Point","coordinates":[32.9711,37.0014]},"properties":{"id":"battle_battle_of_cibistra_1304","name":"Battle of Cibistra","kind":"military","start_year":1304,"end_year":1304,"subtype":"battle"}},{"type":"Feature","geometry":{"type":"Point","coordinates":[-5.0792,37.5411]},"properties":{"id":"battle_battle_of_cija_711","name":"Battle of Écija","kind":"military","start_year":711,"end_year":711,"subtype":"battle"}},{"type":"Feature","geometry":{"type":"Point","coordinates":[-4.634,52.0532]},"properties":{"id":"battle_battle_of_cilgerran_1258","name":"Battle of Cilgerran","kind":"military","start_year":1258,"end_year":1258,"subtype":"battle"}},{"type":"Feature","geometry":{"type":"Point","coordinates":[8.8333,35.1667]},"properties":{"id":"battle_battle_of_cillium_544","name":"Battle of Cillium","kind":"military","start_year":544,"end_year":544,"subtype":"battle"}},{"type":"Feature","geometry":{"type":"Point","coordinates":[13.2274,43.3859]},"properties":{"id":"battle_battle_of_cingoli_1250","name":"Battle of Cingoli","kind":"military","start_year":1250,"end_year":1250,"subtype":"battle"}},{"type":"Feature","geometry":{"type":"Point","coordinates":[-1.968,51.719]},"properties":{"id":"battle_battle_of_cirencester_628","name":"Battle of Cirencester","kind":"military","start_year":628,"end_year":628,"subtype":"battle"}},{"type":"Feature","geometry":{"type":"Point","coordinates":[29.1561,40.4317]},"properties":{"id":"battle_battle_of_civetot_1096","name":"Battle of Civetot","kind":"military","start_year":1096,"end_year":1096,"subtype":"battle"}},{"type":"Feature","geometry":{"type":"Point","coordinates":[15.2667,41.7333]},"properties":{"id":"battle_battle_of_civitate_1053","name":"Battle of Civitate","kind":"military","start_year":1053,"end_year":1053,"subtype":"battle"}},{"type":"Feature","geometry":{"type":"Point","coordinates":[-4.2597,57.4883]},"properties":{"id":"battle_battle_of_clachnaharry_1454","name":"Battle of Clachnaharry","kind":"military","start_year":1454,"end_year":1454,"subtype":"battle"}},{"type":"Feature","geometry":{"type":"Point","coordinates":[-7.3735,52.7198]},"properties":{"id":"battle_battle_of_clashacrow_1169","name":"Battle of Clashacrow","kind":"military","start_year":1169,"end_year":1169,"subtype":"battle"}},{"type":"Feature","geometry":{"type":"Point","coordinates":[-2.4067,42.3689]},"properties":{"id":"battle_battle_of_clavijo_844","name":"Battle of Clavijo","kind":"military","start_year":844,"end_year":844,"subtype":"battle"}},{"type":"Feature","geometry":{"type":"Point","coordinates":[-2.391,53.873]},"properties":{"id":"battle_battle_of_clitheroe_1138","name":"Battle of Clitheroe","kind":"military","start_year":1138,"end_year":1138,"subtype":"battle"}},{"type":"Feature","geometry":{"type":"Point","coordinates":[-6.1975,53.365]},"properties":{"id":"battle_battle_of_clontarf_1014","name":"Battle of Clontarf","kind":"military","start_year":1014,"end_year":1014,"subtype":"battle"}},{"type":"Feature","geometry":{"type":"Point","coordinates":[-7.921,53.351]},"properties":{"id":"battle_battle_of_cluain_immorrais_1406","name":"Battle of Cluain Immorrais","kind":"military","start_year":1406,"end_year":1406,"subtype":"battle"}},{"type":"Feature","geometry":{"type":"Point","coordinates":[-3.4745,50.7115]},"properties":{"id":"battle_battle_of_clyst_heath_1455","name":"Battle of Clyst Heath","kind":"military","start_year":1455,"end_year":1455,"subtype":"battle"}},{"type":"Feature","geometry":{"type":"Point","coordinates":[1.3194,49.0425]},"properties":{"id":"battle_battle_of_cocherel_1364","name":"Battle of Cocherel","kind":"military","start_year":1364,"end_year":1364,"subtype":"battle"}},{"type":"Feature","geometry":{"type":"Point","coordinates":[6.8667,47.0167]},"properties":{"id":"battle_battle_of_coffrane_1296","name":"Battle of Coffrane","kind":"military","start_year":1296,"end_year":1296,"subtype":"battle"}},{"type":"Feature","geometry":{"type":"Point","coordinates":[-3.1554,52.2484]},"properties":{"id":"battle_battle_of_coleshill_1150","name":"Battle of Coleshill","kind":"military","start_year":1150,"end_year":1150,"subtype":"battle"}},{"type":"Feature","geometry":{"type":"Point","coordinates":[-3.1364,37.7881]},"properties":{"id":"battle_battle_of_collejares_1406","name":"Battle of Collejares","kind":"military","start_year":1406,"end_year":1406,"subtype":"battle"}},{"type":"Feature","geometry":{"type":"Point","coordinates":[11.131,43.413]},"properties":{"id":"battle_battle_of_colle_val_d_elsa_1269","name":"Battle of Colle Val d'Elsa","kind":"military","start_year":1269,"end_year":1269,"subtype":"battle"}},{"type":"Feature","geometry":{"type":"Point","coordinates":[6.959,50.9426]},"properties":{"id":"battle_battle_of_cologne_716","name":"Battle of Cologne","kind":"military","start_year":716,"end_year":716,"subtype":"battle"}},{"type":"Feature","geometry":{"type":"Point","coordinates":[12.1703,44.6838]},"properties":{"id":"battle_battle_of_comacchio_809","name":"Battle of Comacchio","kind":"military","start_year":809,"end_year":809,"subtype":"battle"}},{"type":"Feature","geometry":{"type":"Point","coordinates":[-2.8231,49.415]},"properties":{"id":"battle_battle_of_compi_gne_715","name":"Battle of Compiègne","kind":"military","start_year":715,"end_year":715,"subtype":"battle"}},{"type":"Feature","geometry":{"type":"Point","coordinates":[-2.8333,42.7667]},"properties":{"id":"battle_battle_of_conchas_de_arganz_n_801","name":"Battle of Conchas de Arganzón","kind":"military","start_year":801,"end_year":801,"subtype":"battle"}},{"type":"Feature","geometry":{"type":"Point","coordinates":[-6.4894,53.3803]},"properties":{"id":"battle_battle_of_confey_917","name":"Battle of Confey","kind":"military","start_year":917,"end_year":917,"subtype":"battle"}},{"type":"Feature","geometry":{"type":"Point","coordinates":[-6.13,54.48]},"properties":{"id":"battle_battle_of_connor_1315","name":"Battle of Connor","kind":"military","start_year":1315,"end_year":1315,"subtype":"battle"}},{"type":"Feature","geometry":{"type":"Point","coordinates":[-1.7514,47.6244]},"properties":{"id":"battle_battle_of_conquereuil_981","name":"Battle of Conquereuil","kind":"military","start_year":981,"end_year":981,"subtype":"battle"}},{"type":"Feature","geometry":{"type":"Point","coordinates":[39.7558,37.229]},"properties":{"id":"battle_battle_of_constantina_581","name":"Battle of Constantina","kind":"military","start_year":581,"end_year":581,"subtype":"battle"}},{"type":"Feature","geometry":{"type":"Point","coordinates":[28.9333,42.0333]},"properties":{"id":"battle_battle_of_constantinople_922","name":"Battle of Constantinople","kind":"military","start_year":922,"end_year":922,"subtype":"battle"}},{"type":"Feature","geometry":{"type":"Point","coordinates":[-3.6,39.45]},"properties":{"id":"battle_battle_of_consuegra_1097","name":"Battle of Consuegra","kind":"military","start_year":1097,"end_year":1097,"subtype":"battle"}},{"type":"Feature","geometry":{"type":"Point","coordinates":[12.5689,55.6761]},"properties":{"id":"battle_battle_of_copenhagen_1342","name":"Battle of Copenhagen","kind":"military","start_year":1342,"end_year":1342,"subtype":"battle"}},{"type":"Feature","geometry":{"type":"Point","coordinates":[0.7,41.6833]},"properties":{"id":"battle_battle_of_corbins_1126","name":"Battle of Corbins","kind":"military","start_year":1126,"end_year":1126,"subtype":"battle"}},{"type":"Feature","geometry":{"type":"Point","coordinates":[-2.0171,54.9741]},"properties":{"id":"battle_battle_of_corbridge_918","name":"Battle of Corbridge","kind":"military","start_year":918,"end_year":918,"subtype":"battle"}},{"type":"Feature","geometry":{"type":"Point","coordinates":[9.4667,45.65]},"properties":{"id":"battle_battle_of_coronate_689","name":"Battle of Coronate","kind":"military","start_year":689,"end_year":689,"subtype":"battle"}},{"type":"Feature","geometry":{"type":"Point","coordinates":[-5.1167,56.8414]},"properties":{"id":"battle_battle_of_corpach_1470","name":"Battle of Corpach","kind":"military","start_year":1470,"end_year":1470,"subtype":"battle"}},{"type":"Feature","geometry":{"type":"Point","coordinates":[9.7833,45.5333]},"properties":{"id":"battle_battle_of_cortenuova_1237","name":"Battle of Cortenuova","kind":"military","start_year":1237,"end_year":1237,"subtype":"battle"}},{"type":"Feature","geometry":{"type":"Point","coordinates":[29.9833,39.4242]},"properties":{"id":"battle_battle_of_cotyaeum_1113","name":"Battle of Cotyaeum","kind":"military","start_year":1113,"end_year":1113,"subtype":"battle"}},{"type":"Feature","geometry":{"type":"Point","coordinates":[-4.9807,43.2734]},"properties":{"id":"battle_battle_of_covadonga_718","name":"Battle of Covadonga","kind":"military","start_year":718,"end_year":718,"subtype":"battle"}},{"type":"Feature","geometry":{"type":"Point","coordinates":[-3.878,56.987]},"properties":{"id":"battle_battle_of_craig_cailloc_1441","name":"Battle of Craig Cailloc","kind":"military","start_year":1441,"end_year":1441,"subtype":"battle"}},{"type":"Feature","geometry":{"type":"Point","coordinates":[3.6917,47.6839]},"properties":{"id":"battle_battle_of_cravant_1423","name":"Battle of Cravant","kind":"military","start_year":1423,"end_year":1423,"subtype":"battle"}},{"type":"Feature","geometry":{"type":"Point","coordinates":[-8.615,54.356]},"properties":{"id":"battle_battle_of_creadran_cille_1257","name":"Battle of Creadran Cille","kind":"military","start_year":1257,"end_year":1257,"subtype":"battle"}},{"type":"Feature","geometry":{"type":"Point","coordinates":[8.2961,46.1475]},"properties":{"id":"battle_battle_of_crevola_1487","name":"Battle of Crevola","kind":"military","start_year":1487,"end_year":1487,"subtype":"battle"}},{"type":"Feature","geometry":{"type":"Point","coordinates":[-3.104,52.939]},"properties":{"id":"battle_battle_of_crogen_1165","name":"Battle of Crogen","kind":"military","start_year":1165,"end_year":1165,"subtype":"battle"}},{"type":"Feature","geometry":{"type":"Point","coordinates":[-2,50]},"properties":{"id":"battle_battle_of_crotoy_1347","name":"Battle of Crotoy","kind":"military","start_year":1347,"end_year":1347,"subtype":"battle"}},{"type":"Feature","geometry":{"type":"Point","coordinates":[-4.621,52.096]},"properties":{"id":"battle_battle_of_crug_mawr_1136","name":"Battle of Crug Mawr","kind":"military","start_year":1136,"end_year":1136,"subtype":"battle"}},{"type":"Feature","geometry":{"type":"Point","coordinates":[-2.9341,57.0899]},"properties":{"id":"battle_battle_of_culblean_1335","name":"Battle of Culblean","kind":"military","start_year":1335,"end_year":1335,"subtype":"battle"}},{"type":"Feature","geometry":{"type":"Point","coordinates":[14.0561,40.8471]},"properties":{"id":"battle_battle_of_cumae_717","name":"Battle of Cumae","kind":"military","start_year":717,"end_year":717,"subtype":"battle"}},{"type":"Feature","geometry":{"type":"Point","coordinates":[16.9733,42.8675]},"properties":{"id":"battle_battle_of_curzola_1298","name":"Battle of Curzola","kind":"military","start_year":1298,"end_year":1298,"subtype":"battle"}},{"type":"Feature","geometry":{"type":"Point","coordinates":[-1.185,40.9361]},"properties":{"id":"battle_battle_of_cutanda_1120","name":"Battle of Cutanda","kind":"military","start_year":1120,"end_year":1120,"subtype":"battle"}},{"type":"Feature","geometry":{"type":"Point","coordinates":[-4.307,51.736]},"properties":{"id":"battle_battle_of_cydweli_1223","name":"Battle of Cydweli","kind":"military","start_year":1223,"end_year":1223,"subtype":"battle"}},{"type":"Feature","geometry":{"type":"Point","coordinates":[-3.0783,51.1586]},"properties":{"id":"battle_battle_of_cynwit_878","name":"Battle of Cynwit","kind":"military","start_year":878,"end_year":878,"subtype":"battle"}},{"type":"Feature","geometry":{"type":"Point","coordinates":[-8.6667,54.25]},"properties":{"id":"battle_battle_of_c_l_dreimhne_561","name":"Battle of Cúl Dreimhne","kind":"military","start_year":561,"end_year":561,"subtype":"battle"}},{"type":"Feature","geometry":{"type":"Point","coordinates":[-4.78,37.89]},"properties":{"id":"battle_battle_of_c_rdoba_742","name":"Battle of Córdoba","kind":"military","start_year":742,"end_year":742,"subtype":"battle"}},{"type":"Feature","geometry":{"type":"Point","coordinates":[25.27,57.3133]},"properties":{"id":"battle_battle_of_c_sis_1210","name":"Battle of Cēsis","kind":"military","start_year":1210,"end_year":1210,"subtype":"battle"}},{"type":"Feature","geometry":{"type":"Point","coordinates":[29.2651,45.4408]},"properties":{"id":"battle_battle_of_c_tl_buga_1485","name":"Battle of Cătlăbuga","kind":"military","start_year":1485,"end_year":1485,"subtype":"battle"}},{"type":"Feature","geometry":{"type":"Point","coordinates":[65.7662,40.0304]},"properties":{"id":"battle_battle_of_dabusiyya_1032","name":"Battle of Dabusiyya","kind":"military","start_year":1032,"end_year":1032,"subtype":"battle"}},{"type":"Feature","geometry":{"type":"Point","coordinates":[15.5167,51.5567]},"properties":{"id":"battle_battle_of_dadosesani_land_1015","name":"Battle of Dadosesani Land","kind":"military","start_year":1015,"end_year":1015,"subtype":"battle"}},{"type":"Feature","geometry":{"type":"Point","coordinates":[112.0047,-7.8111]},"properties":{"id":"battle_battle_of_daha_1293","name":"Battle of Daha","kind":"military","start_year":1293,"end_year":1293,"subtype":"battle"}},{"type":"Feature","geometry":{"type":"Point","coordinates":[140.5574,40.5901]},"properties":{"id":"battle_battle_of_daik_ji_1333","name":"Battle of Daikōji","kind":"military","start_year":1333,"end_year":1333,"subtype":"battle"}},{"type":"Feature","geometry":{"type":"Point","coordinates":[108.7883,48.8422]},"properties":{"id":"battle_battle_of_dalan_baljut_1187","name":"Battle of Dalan Baljut","kind":"military","start_year":1187,"end_year":1187,"subtype":"battle"}},{"type":"Feature","geometry":{"type":"Point","coordinates":[30.11,28.11]},"properties":{"id":"battle_battle_of_dalas_1150","name":"Battle of Dalas","kind":"military","start_year":1150,"end_year":1150,"subtype":"battle"}},{"type":"Feature","geometry":{"type":"Point","coordinates":[-4.6878,56.4236]},"properties":{"id":"battle_battle_of_dalrigh_1306","name":"Battle of Dalrigh","kind":"military","start_year":1306,"end_year":1306,"subtype":"battle"}},{"type":"Feature","geometry":{"type":"Point","coordinates":[54.3481,36.1681]},"properties":{"id":"battle_battle_of_damghan_1063","name":"Battle of Damghan","kind":"military","start_year":1063,"end_year":1063,"subtype":"battle"}},{"type":"Feature","geometry":{"type":"Point","coordinates":[3.3818,51.3336]},"properties":{"id":"battle_battle_of_damme_1213","name":"Battle of Damme","kind":"military","start_year":1213,"end_year":1213,"subtype":"battle"}},{"type":"Feature","geometry":{"type":"Point","coordinates":[61.3454,37.3919]},"properties":{"id":"battle_battle_of_dandanaqan_1040","name":"Battle of Dandanaqan","kind":"military","start_year":1040,"end_year":1040,"subtype":"battle"}},{"type":"Feature","geometry":{"type":"Point","coordinates":[-1.2472,52.1144]},"properties":{"id":"battle_battle_of_danes_moor_1469","name":"Battle of Danes Moor","kind":"military","start_year":1469,"end_year":1469,"subtype":"battle"}},{"type":"Feature","geometry":{"type":"Point","coordinates":[130.9566,33.9651]},"properties":{"id":"battle_battle_of_dan_no_ura_1185","name":"Battle of Dan-no-ura","kind":"military","start_year":1185,"end_year":1185,"subtype":"battle"}},{"type":"Feature","geometry":{"type":"Point","coordinates":[40.955,37.18]},"properties":{"id":"battle_battle_of_dara_530","name":"Battle of Dara","kind":"military","start_year":530,"end_year":530,"subtype":"battle"}},{"type":"Feature","geometry":{"type":"Point","coordinates":[34.8392,38.6706]},"properties":{"id":"battle_battle_of_darb_al_kankarun_950","name":"Battle of Darb al-Kankarun","kind":"military","start_year":950,"end_year":950,"subtype":"battle"}},{"type":"Feature","geometry":{"type":"Point","coordinates":[41.5692,11.5492]},"properties":{"id":"battle_battle_of_das_1332","name":"Battle of Das","kind":"military","start_year":1332,"end_year":1332,"subtype":"battle"}},{"type":"Feature","geometry":{"type":"Point","coordinates":[22.3522,37.3497]},"properties":{"id":"battle_battle_of_davia_1423","name":"Battle of Davia","kind":"military","start_year":1423,"end_year":1423,"subtype":"battle"}},{"type":"Feature","geometry":{"type":"Point","coordinates":[39.8683,29.8114]},"properties":{"id":"battle_battle_of_dawmat_al_jandal_633","name":"Battle of Dawmat al-Jandal","kind":"military","start_year":633,"end_year":633,"subtype":"battle"}},{"type":"Feature","geometry":{"type":"Point","coordinates":[45.0833,32.9167]},"properties":{"id":"battle_battle_of_dayr_al_aqul_876","name":"Battle of Dayr al-Aqul","kind":"military","start_year":876,"end_year":876,"subtype":"battle"}},{"type":"Feature","geometry":{"type":"Point","coordinates":[44.4,32.0333]},"properties":{"id":"battle_battle_of_dayr_al_jamajim_701","name":"Battle of Dayr al-Jamajim","kind":"military","start_year":701,"end_year":701,"subtype":"battle"}},{"type":"Feature","geometry":{"type":"Point","coordinates":[41.8272,39.0006]},"properties":{"id":"battle_battle_of_death_hill_607","name":"Battle of Death Hill","kind":"military","start_year":607,"end_year":607,"subtype":"battle"}},{"type":"Feature","geometry":{"type":"Point","coordinates":[9.4667,46.1333]},"properties":{"id":"battle_battle_of_delebio_1432","name":"Battle of Delebio","kind":"military","start_year":1432,"end_year":1432,"subtype":"battle"}},{"type":"Feature","geometry":{"type":"Point","coordinates":[22.9417,39.35]},"properties":{"id":"battle_battle_of_demetrias_1270","name":"Battle of Demetrias","kind":"military","start_year":1270,"end_year":1270,"subtype":"battle"}},{"type":"Feature","geometry":{"type":"Point","coordinates":[23.3833,41.2333]},"properties":{"id":"battle_battle_of_demetritzes_1185","name":"Battle of Demetritzes","kind":"military","start_year":1185,"end_year":1185,"subtype":"battle"}},{"type":"Feature","geometry":{"type":"Point","coordinates":[26.5,41.35]},"properties":{"id":"battle_battle_of_demotika_1352","name":"Battle of Demotika","kind":"military","start_year":1352,"end_year":1352,"subtype":"battle"}},{"type":"Feature","geometry":{"type":"Point","coordinates":[-2.3684,51.4889]},"properties":{"id":"battle_battle_of_deorham_577","name":"Battle of Deorham","kind":"military","start_year":577,"end_year":577,"subtype":"battle"}},{"type":"Feature","geometry":{"type":"Point","coordinates":[48.2889,42.0578]},"properties":{"id":"battle_battle_of_derbent_722","name":"Battle of Derbent","kind":"military","start_year":722,"end_year":722,"subtype":"battle"}},{"type":"Feature","geometry":{"type":"Point","coordinates":[-1.4767,52.9217]},"properties":{"id":"battle_battle_of_derby_917","name":"Battle of Derby","kind":"military","start_year":917,"end_year":917,"subtype":"battle"}},{"type":"Feature","geometry":{"type":"Point","coordinates":[9.2167,45.6167]},"properties":{"id":"battle_battle_of_desio_1277","name":"Battle of Desio","kind":"military","start_year":1277,"end_year":1277,"subtype":"battle"}},{"type":"Feature","geometry":{"type":"Point","coordinates":[15.5807,49.6079]},"properties":{"id":"battle_battle_of_deutschbrod_1422","name":"Battle of Deutschbrod","kind":"military","start_year":1422,"end_year":1422,"subtype":"battle"}},{"type":"Feature","geometry":{"type":"Point","coordinates":[78.933,16.7]},"properties":{"id":"battle_battle_of_devarakonda_1458","name":"Battle of Devarakonda","kind":"military","start_year":1458,"end_year":1458,"subtype":"battle"}},{"type":"Feature","geometry":{"type":"Point","coordinates":[26.45,42.9167]},"properties":{"id":"battle_battle_of_devina_1279","name":"Battle of Devina","kind":"military","start_year":1279,"end_year":1279,"subtype":"battle"}},{"type":"Feature","geometry":{"type":"Point","coordinates":[20.85,40.7167]},"properties":{"id":"battle_battle_of_devol_1108","name":"Battle of Devol","kind":"military","start_year":1108,"end_year":1108,"subtype":"battle"}},{"type":"Feature","geometry":{"type":"Point","coordinates":[46.3167,31.2333]},"properties":{"id":"battle_battle_of_dhi_qar_609","name":"Battle of Dhi Qar","kind":"military","start_year":609,"end_year":609,"subtype":"battle"}},{"type":"Feature","geometry":{"type":"Point","coordinates":[44.5167,41.6833]},"properties":{"id":"battle_battle_of_didgori_1121","name":"Battle of Didgori","kind":"military","start_year":1121,"end_year":1121,"subtype":"battle"}},{"type":"Feature","geometry":{"type":"Point","coordinates":[5.0428,47.3239]},"properties":{"id":"battle_battle_of_dijon_500","name":"Battle of Dijon","kind":"military","start_year":500,"end_year":500,"subtype":"battle"}},{"type":"Feature","geometry":{"type":"Point","coordinates":[-2.7904,51.7895]},"properties":{"id":"battle_battle_of_dingestow_castle_1182","name":"Battle of Dingestow Castle","kind":"military","start_year":1182,"end_year":1182,"subtype":"battle"}},{"type":"Feature","geometry":{"type":"Point","coordinates":[118.3622,31.334]},"properties":{"id":"battle_battle_of_dingjiazhou_1275","name":"Battle of Dingjiazhou","kind":"military","start_year":1275,"end_year":1275,"subtype":"battle"}},{"type":"Feature","geometry":{"type":"Point","coordinates":[-4.428,57.597]},"properties":{"id":"battle_battle_of_dingwall_1411","name":"Battle of Dingwall","kind":"military","start_year":1411,"end_year":1411,"subtype":"battle"}},{"type":"Feature","geometry":{"type":"Point","coordinates":[10.0731,52.1733]},"properties":{"id":"battle_battle_of_dinklar_1367","name":"Battle of Dinklar","kind":"military","start_year":1367,"end_year":1367,"subtype":"battle"}},{"type":"Feature","geometry":{"type":"Point","coordinates":[-3.4098,53.3076]},"properties":{"id":"battle_battle_of_diserth_castle_1263","name":"Battle of Diserth Castle","kind":"military","start_year":1263,"end_year":1263,"subtype":"battle"}},{"type":"Feature","geometry":{"type":"Point","coordinates":[40.1872,37.9747]},"properties":{"id":"battle_battle_of_diyarbak_r_1436","name":"Battle of Diyarbakır","kind":"military","start_year":1436,"end_year":1436,"subtype":"battle"}},{"type":"Feature","geometry":{"type":"Point","coordinates":[44.2717,40.2228]},"properties":{"id":"battle_battle_of_doghs_894","name":"Battle of Doghs","kind":"military","start_year":894,"end_year":894,"subtype":"battle"}},{"type":"Feature","geometry":{"type":"Point","coordinates":[-3.6739,56.1619]},"properties":{"id":"battle_battle_of_dollar_875","name":"Battle of Dollar","kind":"military","start_year":875,"end_year":875,"subtype":"battle"}},{"type":"Feature","geometry":{"type":"Point","coordinates":[12.9934,49.4083]},"properties":{"id":"battle_battle_of_doma_lice_1431","name":"Battle of Domažlice","kind":"military","start_year":1431,"end_year":1431,"subtype":"battle"}},{"type":"Feature","geometry":{"type":"Point","coordinates":[-3.1396,52.6589]},"properties":{"id":"battle_battle_of_domen_gastell_1196","name":"Battle of Domen Gastell","kind":"military","start_year":1196,"end_year":1196,"subtype":"battle"}},{"type":"Feature","geometry":{"type":"Point","coordinates":[30.7439,18.2231]},"properties":{"id":"battle_battle_of_dongola_1276","name":"Battle of Dongola","kind":"military","start_year":1276,"end_year":1276,"subtype":"battle"}},{"type":"Feature","geometry":{"type":"Point","coordinates":[105.8412,21.0245]},"properties":{"id":"battle_battle_of_dong_quan_citadel_1426","name":"Battle of Dong Quan citadel","kind":"military","start_year":1426,"end_year":1426,"subtype":"battle"}},{"type":"Feature","geometry":{"type":"Point","coordinates":[5.34,51.975]},"properties":{"id":"battle_battle_of_dorestad_695","name":"Battle of Dorestad","kind":"military","start_year":695,"end_year":695,"subtype":"battle"}},{"type":"Feature","geometry":{"type":"Point","coordinates":[2.9008,48.3158]},"properties":{"id":"battle_battle_of_dormelles_599","name":"Battle of Dormelles","kind":"military","start_year":599,"end_year":599,"subtype":"battle"}},{"type":"Feature","geometry":{"type":"Point","coordinates":[7.4153,46.925]},"properties":{"id":"battle_battle_of_dornb_hl_1298","name":"Battle of Dornbühl","kind":"military","start_year":1298,"end_year":1298,"subtype":"battle"}},{"type":"Feature","geometry":{"type":"Point","coordinates":[30.5206,39.7767]},"properties":{"id":"battle_battle_of_dorylaeum_1097","name":"Battle of Dorylaeum","kind":"military","start_year":1097,"end_year":1097,"subtype":"battle"}},{"type":"Feature","geometry":{"type":"Point","coordinates":[6.07,47.4242]},"properties":{"id":"battle_battle_of_dournon_1493","name":"Battle of Dournon","kind":"military","start_year":1493,"end_year":1493,"subtype":"battle"}},{"type":"Feature","geometry":{"type":"Point","coordinates":[1.311,51.13]},"properties":{"id":"battle_battle_of_dover_1217","name":"Battle of Dover","kind":"military","start_year":1217,"end_year":1217,"subtype":"battle"}},{"type":"Feature","geometry":{"type":"Point","coordinates":[17.9167,45.45]},"properties":{"id":"battle_battle_of_drava_river_925","name":"Battle of Drava River","kind":"military","start_year":925,"end_year":925,"subtype":"battle"}},{"type":"Feature","geometry":{"type":"Point","coordinates":[27.2654,44.1092]},"properties":{"id":"battle_battle_of_dristra_1087","name":"Battle of Dristra","kind":"military","start_year":1087,"end_year":1087,"subtype":"battle"}},{"type":"Feature","geometry":{"type":"Point","coordinates":[22.6592,52.3972]},"properties":{"id":"battle_battle_of_drohiczyn_1194","name":"Battle of Drohiczyn","kind":"military","start_year":1194,"end_year":1194,"subtype":"battle"}},{"type":"Feature","geometry":{"type":"Point","coordinates":[-5.703,54.322]},"properties":{"id":"battle_battle_of_druim_dearg_1260","name":"Battle of Druim Dearg","kind":"military","start_year":1260,"end_year":1260,"subtype":"battle"}},{"type":"Feature","geometry":{"type":"Point","coordinates":[-4.5167,57.5833]},"properties":{"id":"battle_battle_of_drumchatt_1497","name":"Battle of Drumchatt","kind":"military","start_year":1497,"end_year":1497,"subtype":"battle"}},{"type":"Feature","geometry":{"type":"Point","coordinates":[-5.1797,56.9206]},"properties":{"id":"battle_battle_of_drumlui_1330","name":"Battle of Drumlui","kind":"military","start_year":1330,"end_year":1330,"subtype":"battle"}},{"type":"Feature","geometry":{"type":"Point","coordinates":[-4.45,58.4333]},"properties":{"id":"battle_battle_of_drumnacoub_1400","name":"Battle of Drumnacoub","kind":"military","start_year":1400,"end_year":1400,"subtype":"battle"}},{"type":"Feature","geometry":{"type":"Point","coordinates":[-2.3383,57.0862]},"properties":{"id":"battle_battle_of_drumoak_1402","name":"Battle of Drumoak","kind":"military","start_year":1402,"end_year":1402,"subtype":"battle"}},{"type":"Feature","geometry":{"type":"Point","coordinates":[14.7145,49.2284]},"properties":{"id":"battle_battle_of_dr_chova_1467","name":"Battle of Dráchova","kind":"military","start_year":1467,"end_year":1467,"subtype":"battle"}},{"type":"Feature","geometry":{"type":"Point","coordinates":[-2.5212,55.9769]},"properties":{"id":"battle_battle_of_dunbar_1296","name":"Battle of Dunbar","kind":"military","start_year":1296,"end_year":1296,"subtype":"battle"}},{"type":"Feature","geometry":{"type":"Point","coordinates":[2.3764,51.0378]},"properties":{"id":"battle_battle_of_dunkirk_1383","name":"Battle of Dunkirk","kind":"military","start_year":1383,"end_year":1383,"subtype":"battle"}},{"type":"Feature","geometry":{"type":"Point","coordinates":[-3.2778,56.4703]},"properties":{"id":"battle_battle_of_dunsinane_1054","name":"Battle of Dunsinane","kind":"military","start_year":1054,"end_year":1054,"subtype":"battle"}},{"type":"Feature","geometry":{"type":"Point","coordinates":[-2.3426,55.7784]},"properties":{"id":"battle_battle_of_duns_1372","name":"Battle of Duns","kind":"military","start_year":1372,"end_year":1372,"subtype":"battle"}},{"type":"Feature","geometry":{"type":"Point","coordinates":[-2.8,56.63]},"properties":{"id":"battle_battle_of_dun_nechtain_685","name":"Battle of Dun Nechtain","kind":"military","start_year":685,"end_year":685,"subtype":"battle"}},{"type":"Feature","geometry":{"type":"Point","coordinates":[-3.56,56.36]},"properties":{"id":"battle_battle_of_dupplin_moor_1332","name":"Battle of Dupplin Moor","kind":"military","start_year":1332,"end_year":1332,"subtype":"battle"}},{"type":"Feature","geometry":{"type":"Point","coordinates":[21.35,56.595]},"properties":{"id":"battle_battle_of_durbe_1260","name":"Battle of Durbe","kind":"military","start_year":1260,"end_year":1260,"subtype":"battle"}},{"type":"Feature","geometry":{"type":"Point","coordinates":[-1.5667,54.7833]},"properties":{"id":"battle_battle_of_durham_1069","name":"Battle of Durham","kind":"military","start_year":1069,"end_year":1069,"subtype":"battle"}},{"type":"Feature","geometry":{"type":"Point","coordinates":[44.5783,40.0044]},"properties":{"id":"battle_battle_of_dvin_572","name":"Battle of Dvin","kind":"military","start_year":572,"end_year":572,"subtype":"battle"}},{"type":"Feature","geometry":{"type":"Point","coordinates":[19.4544,41.3256]},"properties":{"id":"battle_battle_of_dyrrhachium_1018","name":"Battle of Dyrrhachium","kind":"military","start_year":1018,"end_year":1018,"subtype":"battle"}},{"type":"Feature","geometry":{"type":"Point","coordinates":[-9.0664,52.9114]},"properties":{"id":"battle_battle_of_dysert_o_dea_1318","name":"Battle of Dysert O'Dea","kind":"military","start_year":1318,"end_year":1318,"subtype":"battle"}},{"type":"Feature","geometry":{"type":"Point","coordinates":[19.4709,54.0806]},"properties":{"id":"battle_battle_of_dzierzgo_1233","name":"Battle of Dzierzgoń","kind":"military","start_year":1233,"end_year":1233,"subtype":"battle"}},{"type":"Feature","geometry":{"type":"Point","coordinates":[44.3861,40.9794]},"properties":{"id":"battle_battle_of_dzknavachar_910","name":"Battle of Dzknavachar","kind":"military","start_year":910,"end_year":910,"subtype":"battle"}},{"type":"Feature","geometry":{"type":"Point","coordinates":[8.5274,41.0496]},"properties":{"id":"battle_battle_of_d_asinara_1353","name":"Battle of d’Asinara","kind":"military","start_year":1353,"end_year":1353,"subtype":"battle"}},{"type":"Feature","geometry":{"type":"Point","coordinates":[13.0272,55.8199]},"properties":{"id":"battle_battle_of_d_sjebro_1181","name":"Battle of Dösjebro","kind":"military","start_year":1181,"end_year":1181,"subtype":"battle"}},{"type":"Feature","geometry":{"type":"Point","coordinates":[-0.8,52.3]},"properties":{"id":"battle_battle_of_edgcote_1469","name":"Battle of Edgcote","kind":"military","start_year":1469,"end_year":1469,"subtype":"battle"}},{"type":"Feature","geometry":{"type":"Point","coordinates":[-2.106,51.277]},"properties":{"id":"battle_battle_of_edington_878","name":"Battle of Edington","kind":"military","start_year":878,"end_year":878,"subtype":"battle"}},{"type":"Feature","geometry":{"type":"Point","coordinates":[139.6705,35.7239]},"properties":{"id":"battle_battle_of_egota_numabukurohara_1477","name":"Battle of Egota-Numabukurohara","kind":"military","start_year":1477,"end_year":1477,"subtype":"battle"}},{"type":"Feature","geometry":{"type":"Point","coordinates":[10.3146,50.9797]},"properties":{"id":"battle_battle_of_eisenach_908","name":"Battle of Eisenach","kind":"military","start_year":908,"end_year":908,"subtype":"battle"}},{"type":"Feature","geometry":{"type":"Point","coordinates":[5.6287,6.3307]},"properties":{"id":"battle_battle_of_ekiokpagha_1255","name":"Battle of Ekiokpagha","kind":"military","start_year":1255,"end_year":1255,"subtype":"battle"}},{"type":"Feature","geometry":{"type":"Point","coordinates":[37.1883,38.2014]},"properties":{"id":"battle_battle_of_elbistan_1277","name":"Battle of Elbistan","kind":"military","start_year":1277,"end_year":1277,"subtype":"battle"}},{"type":"Feature","geometry":{"type":"Point","coordinates":[44.5144,40.1814]},"properties":{"id":"battle_battle_of_elevard_604","name":"Battle of Elevard","kind":"military","start_year":604,"end_year":604,"subtype":"battle"}},{"type":"Feature","geometry":{"type":"Point","coordinates":[-1.792,51.525]},"properties":{"id":"battle_battle_of_ellandun_825","name":"Battle of Ellandun","kind":"military","start_year":825,"end_year":825,"subtype":"battle"}},{"type":"Feature","geometry":{"type":"Point","coordinates":[-2.5426,43.1305]},"properties":{"id":"battle_battle_of_elorrio_1468","name":"Battle of Elorrio","kind":"military","start_year":1468,"end_year":1468,"subtype":"battle"}},{"type":"Feature","geometry":{"type":"Point","coordinates":[21.819,56.506]},"properties":{"id":"battle_battle_of_emb_te_1244","name":"Battle of Embūte","kind":"military","start_year":1244,"end_year":1244,"subtype":"battle"}},{"type":"Feature","geometry":{"type":"Point","coordinates":[-1.1,51.444]},"properties":{"id":"battle_battle_of_englefield_871","name":"Battle of Englefield","kind":"military","start_year":871,"end_year":871,"subtype":"battle"}},{"type":"Feature","geometry":{"type":"Point","coordinates":[14.2667,37.5667]},"properties":{"id":"battle_battle_of_enna_835","name":"Battle of Enna","kind":"military","start_year":835,"end_year":835,"subtype":"battle"}},{"type":"Feature","geometry":{"type":"Point","coordinates":[10.91,47.9119]},"properties":{"id":"battle_battle_of_epfach_743","name":"Battle of Epfach","kind":"military","start_year":743,"end_year":743,"subtype":"battle"}},{"type":"Feature","geometry":{"type":"Point","coordinates":[27.3419,37.9411]},"properties":{"id":"battle_battle_of_ephesus_1147","name":"Battle of Ephesus","kind":"military","start_year":1147,"end_year":1147,"subtype":"battle"}},{"type":"Feature","geometry":{"type":"Point","coordinates":[-6.15,55.7667]},"properties":{"id":"battle_battle_of_epiphany_1156","name":"Battle of Epiphany","kind":"military","start_year":1156,"end_year":1156,"subtype":"battle"}},{"type":"Feature","geometry":{"type":"Point","coordinates":[43.3597,39.0311]},"properties":{"id":"battle_battle_of_erci_1394","name":"Battle of Erciş","kind":"military","start_year":1394,"end_year":1394,"subtype":"battle"}},{"type":"Feature","geometry":{"type":"Point","coordinates":[44.05,40.9167]},"properties":{"id":"battle_battle_of_erginay_605","name":"Battle of Erginay","kind":"military","start_year":605,"end_year":605,"subtype":"battle"}},{"type":"Feature","geometry":{"type":"Point","coordinates":[7.492,51.7527]},"properties":{"id":"battle_battle_of_ermen_1242","name":"Battle of Ermen","kind":"military","start_year":1242,"end_year":1242,"subtype":"battle"}},{"type":"Feature","geometry":{"type":"Point","coordinates":[39.4914,39.7464]},"properties":{"id":"battle_battle_of_erzincan_1473","name":"Battle of Erzincan","kind":"military","start_year":1473,"end_year":1473,"subtype":"battle"}},{"type":"Feature","geometry":{"type":"Point","coordinates":[-5.1494,36.4244]},"properties":{"id":"battle_battle_of_estepona_1342","name":"Battle of Estepona","kind":"military","start_year":1342,"end_year":1342,"subtype":"battle"}},{"type":"Feature","geometry":{"type":"Point","coordinates":[-1.5125,42.0083]},"properties":{"id":"battle_battle_of_estercuel_975","name":"Battle of Estercuel","kind":"military","start_year":975,"end_year":975,"subtype":"battle"}},{"type":"Feature","geometry":{"type":"Point","coordinates":[13.91,58.106]},"properties":{"id":"battle_battle_of_ettak_1277","name":"Battle of Ettak","kind":"military","start_year":1277,"end_year":1277,"subtype":"battle"}},{"type":"Feature","geometry":{"type":"Point","coordinates":[-1.9461,52.1081]},"properties":{"id":"battle_battle_of_evesham_1265","name":"Battle of Evesham","kind":"military","start_year":1265,"end_year":1265,"subtype":"battle"}},{"type":"Feature","geometry":{"type":"Point","coordinates":[-3.068,53.199]},"properties":{"id":"battle_battle_of_ewloe_1157","name":"Battle of Ewloe","kind":"military","start_year":1157,"end_year":1157,"subtype":"battle"}},{"type":"Feature","geometry":{"type":"Point","coordinates":[35.6167,32.45]},"properties":{"id":"battle_battle_of_fahl_635","name":"Battle of Fahl","kind":"military","start_year":635,"end_year":635,"subtype":"battle"}},{"type":"Feature","geometry":{"type":"Point","coordinates":[-1.4164,37.8136]},"properties":{"id":"battle_battle_of_fahs_al_jullab_1165","name":"Battle of Fahs al-Jullab","kind":"military","start_year":1165,"end_year":1165,"subtype":"battle"}},{"type":"Feature","geometry":{"type":"Point","coordinates":[6.1667,35.2333]},"properties":{"id":"battle_battle_of_fahs_al_riyah_907","name":"Battle of Fahs al-Riyah","kind":"military","start_year":907,"end_year":907,"subtype":"battle"}},{"type":"Feature","geometry":{"type":"Point","coordinates":[39.8068,21.4531]},"properties":{"id":"battle_battle_of_fakhkh_786","name":"Battle of Fakhkh","kind":"military","start_year":786,"end_year":786,"subtype":"battle"}},{"type":"Feature","geometry":{"type":"Point","coordinates":[12.5322,37.9372]},"properties":{"id":"battle_battle_of_falconaria_1299","name":"Battle of Falconaria","kind":"military","start_year":1299,"end_year":1299,"subtype":"battle"}},{"type":"Feature","geometry":{"type":"Point","coordinates":[59.7336,35.7658]},"properties":{"id":"battle_battle_of_farhadgerd_1449","name":"Battle of Farhadgerd","kind":"military","start_year":1449,"end_year":1449,"subtype":"battle"}},{"type":"Feature","geometry":{"type":"Point","coordinates":[31.7147,31.3297]},"properties":{"id":"battle_battle_of_fariskur_1250","name":"Battle of Fariskur","kind":"military","start_year":1250,"end_year":1250,"subtype":"battle"}},{"type":"Feature","geometry":{"type":"Point","coordinates":[11.8833,44.2856]},"properties":{"id":"battle_battle_of_faventia_542","name":"Battle of Faventia","kind":"military","start_year":542,"end_year":542,"subtype":"battle"}},{"type":"Feature","geometry":{"type":"Point","coordinates":[-7.3955,53.7826]},"properties":{"id":"battle_battle_of_fiodh_an_tha_1327","name":"Battle of Fiodh-an-Átha","kind":"military","start_year":1327,"end_year":1327,"subtype":"battle"}},{"type":"Feature","geometry":{"type":"Point","coordinates":[11.3819,44.1197]},"properties":{"id":"battle_battle_of_firenzuola_923","name":"Battle of Firenzuola","kind":"military","start_year":923,"end_year":923,"subtype":"battle"}},{"type":"Feature","geometry":{"type":"Point","coordinates":[5.3714,59.9189]},"properties":{"id":"battle_battle_of_fitjar_961","name":"Battle of Fitjar","kind":"military","start_year":961,"end_year":961,"subtype":"battle"}},{"type":"Feature","geometry":{"type":"Point","coordinates":[5.398,61.363]},"properties":{"id":"battle_battle_of_fjaler_880","name":"Battle of Fjaler","kind":"military","start_year":880,"end_year":880,"subtype":"battle"}},{"type":"Feature","geometry":{"type":"Point","coordinates":[10.4782,51.1268]},"properties":{"id":"battle_battle_of_flarchheim_1080","name":"Battle of Flarchheim","kind":"military","start_year":1080,"end_year":1080,"subtype":"battle"}},{"type":"Feature","geometry":{"type":"Point","coordinates":[10.361,48.852]},"properties":{"id":"battle_battle_of_flochberg_1150","name":"Battle of Flochberg","kind":"military","start_year":1150,"end_year":1150,"subtype":"battle"}},{"type":"Feature","geometry":{"type":"Point","coordinates":[3.276,50.829]},"properties":{"id":"battle_battle_of_florennes_1015","name":"Battle of Florennes","kind":"military","start_year":1015,"end_year":1015,"subtype":"battle"}},{"type":"Feature","geometry":{"type":"Point","coordinates":[5.15,60.4667]},"properties":{"id":"battle_battle_of_florv_g_1194","name":"Battle of Florvåg","kind":"military","start_year":1194,"end_year":1194,"subtype":"battle"}},{"type":"Feature","geometry":{"type":"Point","coordinates":[10.2833,43.6667]},"properties":{"id":"battle_battle_of_foce_pisana_1421","name":"Battle of Foce Pisana","kind":"military","start_year":1421,"end_year":1421,"subtype":"battle"}},{"type":"Feature","geometry":{"type":"Point","coordinates":[15.5519,41.4584]},"properties":{"id":"battle_battle_of_foggia_1254","name":"Battle of Foggia","kind":"military","start_year":1254,"end_year":1254,"subtype":"battle"}},{"type":"Feature","geometry":{"type":"Point","coordinates":[3.3,47.65]},"properties":{"id":"battle_battle_of_fontenoy_841","name":"Battle of Fontenoy","kind":"military","start_year":841,"end_year":841,"subtype":"battle"}},{"type":"Feature","geometry":{"type":"Point","coordinates":[14.7369,40.8636]},"properties":{"id":"battle_battle_of_forino_663","name":"Battle of Forino","kind":"military","start_year":663,"end_year":663,"subtype":"battle"}},{"type":"Feature","geometry":{"type":"Point","coordinates":[12.042,44.2156]},"properties":{"id":"battle_battle_of_forli_1282","name":"Battle of Forli","kind":"military","start_year":1282,"end_year":1282,"subtype":"battle"}},{"type":"Feature","geometry":{"type":"Point","coordinates":[-0.8978,49.3372]},"properties":{"id":"battle_battle_of_formigny_1450","name":"Battle of Formigny","kind":"military","start_year":1450,"end_year":1450,"subtype":"battle"}},{"type":"Feature","geometry":{"type":"Point","coordinates":[10.1,44.6833]},"properties":{"id":"battle_battle_of_fornovo_1495","name":"Battle of Fornovo","kind":"military","start_year":1495,"end_year":1495,"subtype":"battle"}},{"type":"Feature","geometry":{"type":"Point","coordinates":[10.9257,44.6458]},"properties":{"id":"battle_battle_of_fossalta_1249","name":"Battle of Fossalta","kind":"military","start_year":1249,"end_year":1249,"subtype":"battle"}},{"type":"Feature","geometry":{"type":"Point","coordinates":[12.9667,55.45]},"properties":{"id":"battle_battle_of_fotevik_1134","name":"Battle of Fotevik","kind":"military","start_year":1134,"end_year":1134,"subtype":"battle"}},{"type":"Feature","geometry":{"type":"Point","coordinates":[0.3516,41.5207]},"properties":{"id":"battle_battle_of_fraga_1134","name":"Battle of Fraga","kind":"military","start_year":1134,"end_year":1134,"subtype":"battle"}},{"type":"Feature","geometry":{"type":"Point","coordinates":[14.7817,41.2558]},"properties":{"id":"battle_battle_of_fragneto_1087","name":"Battle of Fragneto","kind":"military","start_year":1087,"end_year":1087,"subtype":"battle"}},{"type":"Feature","geometry":{"type":"Point","coordinates":[8.6822,50.1106]},"properties":{"id":"battle_battle_of_frankfurt_1246","name":"Battle of Frankfurt","kind":"military","start_year":1246,"end_year":1246,"subtype":"battle"}},{"type":"Feature","geometry":{"type":"Point","coordinates":[9.62,47.22]},"properties":{"id":"battle_battle_of_frastanz_1499","name":"Battle of Frastanz","kind":"military","start_year":1499,"end_year":1499,"subtype":"battle"}},{"type":"Feature","geometry":{"type":"Point","coordinates":[6.4639,43.3214]},"properties":{"id":"battle_battle_of_fraxinet_942","name":"Battle of Fraxinet","kind":"military","start_year":942,"end_year":942,"subtype":"battle"}},{"type":"Feature","geometry":{"type":"Point","coordinates":[33.3333,37.5]},"properties":{"id":"battle_battle_of_frenkyaz_s_1386","name":"Battle of Frenkyazısı","kind":"military","start_year":1386,"end_year":1386,"subtype":"battle"}},{"type":"Feature","geometry":{"type":"Point","coordinates":[11.6902,52.0475]},"properties":{"id":"battle_battle_of_frohse_1278","name":"Battle of Frohse","kind":"military","start_year":1278,"end_year":1278,"subtype":"battle"}},{"type":"Feature","geometry":{"type":"Point","coordinates":[136.2093,36.0883]},"properties":{"id":"battle_battle_of_fujishima_1338","name":"Battle of Fujishima","kind":"military","start_year":1338,"end_year":1338,"subtype":"battle"}},{"type":"Feature","geometry":{"type":"Point","coordinates":[136.7532,35.4641]},"properties":{"id":"battle_battle_of_funada_1495","name":"Battle of Funada","kind":"military","start_year":1495,"end_year":1495,"subtype":"battle"}},{"type":"Feature","geometry":{"type":"Point","coordinates":[2.6679,51.0726]},"properties":{"id":"battle_battle_of_furnes_1297","name":"Battle of Furnes","kind":"military","start_year":1297,"end_year":1297,"subtype":"battle"}},{"type":"Feature","geometry":{"type":"Point","coordinates":[17.6142,59.8719]},"properties":{"id":"battle_battle_of_f_risvellir_980","name":"Battle of Fýrisvellir","kind":"military","start_year":980,"end_year":980,"subtype":"battle"}},{"type":"Feature","geometry":{"type":"Point","coordinates":[9.0349,45.4048]},"properties":{"id":"battle_battle_of_gaggiano_1313","name":"Battle of Gaggiano","kind":"military","start_year":1313,"end_year":1313,"subtype":"battle"}},{"type":"Feature","geometry":{"type":"Point","coordinates":[14.5333,37.7167]},"properties":{"id":"battle_battle_of_gagliano_1300","name":"Battle of Gagliano","kind":"military","start_year":1300,"end_year":1300,"subtype":"battle"}},{"type":"Feature","geometry":{"type":"Point","coordinates":[22.0333,55.0333]},"properties":{"id":"battle_battle_of_galialauk_1338","name":"Battle of Galialaukė","kind":"military","start_year":1338,"end_year":1338,"subtype":"battle"}},{"type":"Feature","geometry":{"type":"Point","coordinates":[13.6167,41.7167]},"properties":{"id":"battle_battle_of_gallinare_1022","name":"Battle of Gallinare","kind":"military","start_year":1022,"end_year":1022,"subtype":"battle"}},{"type":"Feature","geometry":{"type":"Point","coordinates":[26.6711,40.4133]},"properties":{"id":"battle_battle_of_gallipoli_1305","name":"Battle of Gallipoli","kind":"military","start_year":1305,"end_year":1305,"subtype":"battle"}},{"type":"Feature","geometry":{"type":"Point","coordinates":[7.7753,44.9531]},"properties":{"id":"battle_battle_of_gamenario_1345","name":"Battle of Gamenario","kind":"military","start_year":1345,"end_year":1345,"subtype":"battle"}},{"type":"Feature","geometry":{"type":"Point","coordinates":[11.9451,48.5501]},"properties":{"id":"battle_battle_of_gammelsdorf_1313","name":"Battle of Gammelsdorf","kind":"military","start_year":1313,"end_year":1313,"subtype":"battle"}},{"type":"Feature","geometry":{"type":"Point","coordinates":[46.3606,40.6828]},"properties":{"id":"battle_battle_of_ganja_1046","name":"Battle of Ganja","kind":"military","start_year":1046,"end_year":1046,"subtype":"battle"}},{"type":"Feature","geometry":{"type":"Point","coordinates":[46.2019,37.0123]},"properties":{"id":"battle_battle_of_ganzak_624","name":"Battle of Ganzak","kind":"military","start_year":624,"end_year":624,"subtype":"battle"}},{"type":"Feature","geometry":{"type":"Point","coordinates":[116.4074,39.9042]},"properties":{"id":"battle_battle_of_gaoliang_river_979","name":"Battle of Gaoliang River","kind":"military","start_year":979,"end_year":979,"subtype":"battle"}},{"type":"Feature","geometry":{"type":"Point","coordinates":[112.9259,35.7911]},"properties":{"id":"battle_battle_of_gaoping_954","name":"Battle of Gaoping","kind":"military","start_year":954,"end_year":954,"subtype":"battle"}},{"type":"Feature","geometry":{"type":"Point","coordinates":[22.0584,37.2629]},"properties":{"id":"battle_battle_of_gardiki_1375","name":"Battle of Gardiki","kind":"military","start_year":1375,"end_year":1375,"subtype":"battle"}},{"type":"Feature","geometry":{"type":"Point","coordinates":[13.75,41.2167]},"properties":{"id":"battle_battle_of_garigliano_915","name":"Battle of Garigliano","kind":"military","start_year":915,"end_year":915,"subtype":"battle"}},{"type":"Feature","geometry":{"type":"Point","coordinates":[44.7231,40.1194]},"properties":{"id":"battle_battle_of_garni_1225","name":"Battle of Garni","kind":"military","start_year":1225,"end_year":1225,"subtype":"battle"}},{"type":"Feature","geometry":{"type":"Point","coordinates":[23.9939,56.6132]},"properties":{"id":"battle_battle_of_garoza_1287","name":"Battle of Garoza","kind":"military","start_year":1287,"end_year":1287,"subtype":"battle"}},{"type":"Feature","geometry":{"type":"Point","coordinates":[16.9167,59.6333]},"properties":{"id":"battle_battle_of_gataskogen_1365","name":"Battle of Gataskogen","kind":"military","start_year":1365,"end_year":1365,"subtype":"battle"}},{"type":"Feature","geometry":{"type":"Point","coordinates":[3.65,50.9333]},"properties":{"id":"battle_battle_of_gavere_1453","name":"Battle of Gavere","kind":"military","start_year":1453,"end_year":1453,"subtype":"battle"}},{"type":"Feature","geometry":{"type":"Point","coordinates":[34.4725,31.5208]},"properties":{"id":"battle_battle_of_gaza_1280","name":"Battle of Gaza","kind":"military","start_year":1280,"end_year":1280,"subtype":"battle"}},{"type":"Feature","geometry":{"type":"Point","coordinates":[-4.8422,51.845]},"properties":{"id":"battle_battle_of_gelli_carnant_1096","name":"Battle of Gelli Carnant","kind":"military","start_year":1096,"end_year":1096,"subtype":"battle"}},{"type":"Feature","geometry":{"type":"Point","coordinates":[112.5,-7.7]},"properties":{"id":"battle_battle_of_genter_1221","name":"Battle of Genter","kind":"military","start_year":1221,"end_year":1221,"subtype":"battle"}},{"type":"Feature","geometry":{"type":"Point","coordinates":[16.2167,38.2667]},"properties":{"id":"battle_battle_of_gerace_952","name":"Battle of Gerace","kind":"military","start_year":952,"end_year":952,"subtype":"battle"}},{"type":"Feature","geometry":{"type":"Point","coordinates":[1.8506,49.535]},"properties":{"id":"battle_battle_of_gerberoy_1435","name":"Battle of Gerberoy","kind":"military","start_year":1435,"end_year":1435,"subtype":"battle"}},{"type":"Feature","geometry":{"type":"Point","coordinates":[39.0328,38.0286]},"properties":{"id":"battle_battle_of_gerger_1123","name":"Battle of Gerger","kind":"military","start_year":1123,"end_year":1123,"subtype":"battle"}},{"type":"Feature","geometry":{"type":"Point","coordinates":[36.9453,37.5875]},"properties":{"id":"battle_battle_of_germanicia_778","name":"Battle of Germanicia","kind":"military","start_year":778,"end_year":778,"subtype":"battle"}},{"type":"Feature","geometry":{"type":"Point","coordinates":[27.6089,39.1883]},"properties":{"id":"battle_battle_of_germe_1304","name":"Battle of Germe","kind":"military","start_year":1304,"end_year":1304,"subtype":"battle"}},{"type":"Feature","geometry":{"type":"Point","coordinates":[12.7,57.728]},"properties":{"id":"battle_battle_of_gestilren_1210","name":"Battle of Gestilren","kind":"military","start_year":1210,"end_year":1210,"subtype":"battle"}},{"type":"Feature","geometry":{"type":"Point","coordinates":[-5.4425,36.095]},"properties":{"id":"battle_battle_of_getares_1340","name":"Battle of Getares","kind":"military","start_year":1340,"end_year":1340,"subtype":"battle"}},{"type":"Feature","geometry":{"type":"Point","coordinates":[31.2646,30.0749]},"properties":{"id":"battle_battle_of_ghamra_632","name":"Battle of Ghamra","kind":"military","start_year":632,"end_year":632,"subtype":"battle"}},{"type":"Feature","geometry":{"type":"Point","coordinates":[68.4233,33.5492]},"properties":{"id":"battle_battle_of_ghazni_998","name":"Battle of Ghazni","kind":"military","start_year":998,"end_year":998,"subtype":"battle"}},{"type":"Feature","geometry":{"type":"Point","coordinates":[10.2803,45.402]},"properties":{"id":"battle_battle_of_ghedi_1453","name":"Battle of Ghedi","kind":"military","start_year":1453,"end_year":1453,"subtype":"battle"}},{"type":"Feature","geometry":{"type":"Point","coordinates":[69.1658,34.5328]},"properties":{"id":"battle_battle_of_ghwarah_marghah_1460","name":"Battle of Ghwarah Marghah","kind":"military","start_year":1460,"end_year":1460,"subtype":"battle"}},{"type":"Feature","geometry":{"type":"Point","coordinates":[-5.395,36.13]},"properties":{"id":"battle_battle_of_gibraltar_1407_1407","name":"Battle of Gibraltar (1407)","kind":"military","start_year":1407,"end_year":1407,"subtype":"battle"}},{"type":"Feature","geometry":{"type":"Point","coordinates":[-5.35,36.15]},"properties":{"id":"battle_battle_of_gibraltar_1476_1476","name":"Battle of Gibraltar (1476)","kind":"military","start_year":1476,"end_year":1476,"subtype":"battle"}},{"type":"Feature","geometry":{"type":"Point","coordinates":[10.245,48.6217]},"properties":{"id":"battle_battle_of_giengen_1462","name":"Battle of Giengen","kind":"military","start_year":1462,"end_year":1462,"subtype":"battle"}},{"type":"Feature","geometry":{"type":"Point","coordinates":[10.219,43.548]},"properties":{"id":"battle_battle_of_giglio_1241","name":"Battle of Giglio","kind":"military","start_year":1241,"end_year":1241,"subtype":"battle"}},{"type":"Feature","geometry":{"type":"Point","coordinates":[8.8833,46.3833]},"properties":{"id":"battle_battle_of_giornico_1478","name":"Battle of Giornico","kind":"military","start_year":1478,"end_year":1478,"subtype":"battle"}},{"type":"Feature","geometry":{"type":"Point","coordinates":[1.7436,49.2617]},"properties":{"id":"battle_battle_of_gisors_1198","name":"Battle of Gisors","kind":"military","start_year":1198,"end_year":1198,"subtype":"battle"}},{"type":"Feature","geometry":{"type":"Point","coordinates":[21.1371,37.94]},"properties":{"id":"battle_battle_of_glarentza_1315","name":"Battle of Glarentza","kind":"military","start_year":1315,"end_year":1315,"subtype":"battle"}},{"type":"Feature","geometry":{"type":"Point","coordinates":[-6.525,53.28]},"properties":{"id":"battle_battle_of_glenmama_1000","name":"Battle of Glenmama","kind":"military","start_year":1000,"end_year":1000,"subtype":"battle"}},{"type":"Feature","geometry":{"type":"Point","coordinates":[-4.487,55.09]},"properties":{"id":"battle_battle_of_glen_trool_1307","name":"Battle of Glen Trool","kind":"military","start_year":1307,"end_year":1307,"subtype":"battle"}},{"type":"Feature","geometry":{"type":"Point","coordinates":[-3.835,52.758]},"properties":{"id":"battle_battle_of_glyn_cyning_1075","name":"Battle of Glyn Cyning","kind":"military","start_year":1075,"end_year":1075,"subtype":"battle"}},{"type":"Feature","geometry":{"type":"Point","coordinates":[-4.6598,42.237]},"properties":{"id":"battle_battle_of_golpejera_1072","name":"Battle of Golpejera","kind":"military","start_year":1072,"end_year":1072,"subtype":"battle"}},{"type":"Feature","geometry":{"type":"Point","coordinates":[64.4333,39.7667]},"properties":{"id":"battle_battle_of_gol_zarriun_560","name":"Battle of Gol-Zarriun","kind":"military","start_year":560,"end_year":560,"subtype":"battle"}},{"type":"Feature","geometry":{"type":"Point","coordinates":[42.1278,9.3111]},"properties":{"id":"battle_battle_of_gomit_1446","name":"Battle of Gomit","kind":"military","start_year":1446,"end_year":1446,"subtype":"battle"}},{"type":"Feature","geometry":{"type":"Point","coordinates":[128.6953,36.0169]},"properties":{"id":"battle_battle_of_gongsan_dongsu_927","name":"Battle of Gongsan Dongsu","kind":"military","start_year":927,"end_year":927,"subtype":"battle"}},{"type":"Feature","geometry":{"type":"Point","coordinates":[18.3542,52.5856]},"properties":{"id":"battle_battle_of_gop_o_1096","name":"Battle of Gopło","kind":"military","start_year":1096,"end_year":1096,"subtype":"battle"}},{"type":"Feature","geometry":{"type":"Point","coordinates":[54.43,36.8467]},"properties":{"id":"battle_battle_of_gorgan_900","name":"Battle of Gorgan","kind":"military","start_year":900,"end_year":900,"subtype":"battle"}},{"type":"Feature","geometry":{"type":"Point","coordinates":[9.4792,45.5142]},"properties":{"id":"battle_battle_of_gorgonzola_1323","name":"Battle of Gorgonzola","kind":"military","start_year":1323,"end_year":1323,"subtype":"battle"}},{"type":"Feature","geometry":{"type":"Point","coordinates":[135.7607,35.0365]},"properties":{"id":"battle_battle_of_gory_1467","name":"Battle of Goryō","kind":"military","start_year":1467,"end_year":1467,"subtype":"battle"}},{"type":"Feature","geometry":{"type":"Point","coordinates":[10.9539,45.0886]},"properties":{"id":"battle_battle_of_governolo_1397","name":"Battle of Governolo","kind":"military","start_year":1397,"end_year":1397,"subtype":"battle"}},{"type":"Feature","geometry":{"type":"Point","coordinates":[21.4742,50.6992]},"properties":{"id":"battle_battle_of_go_lice_1280","name":"Battle of Goźlice","kind":"military","start_year":1280,"end_year":1280,"subtype":"battle"}},{"type":"Feature","geometry":{"type":"Point","coordinates":[6.6331,46.8169]},"properties":{"id":"battle_battle_of_grandson_1476","name":"Battle of Grandson","kind":"military","start_year":1476,"end_year":1476,"subtype":"battle"}},{"type":"Feature","geometry":{"type":"Point","coordinates":[13.0642,53.034]},"properties":{"id":"battle_battle_of_gransee_1316","name":"Battle of Gransee","kind":"military","start_year":1316,"end_year":1316,"subtype":"battle"}},{"type":"Feature","geometry":{"type":"Point","coordinates":[9.29,56.239]},"properties":{"id":"battle_battle_of_grathe_heath_1157","name":"Battle of Grathe Heath","kind":"military","start_year":1157,"end_year":1157,"subtype":"battle"}},{"type":"Feature","geometry":{"type":"Point","coordinates":[0.3333,42.1833]},"properties":{"id":"battle_battle_of_graus_1063","name":"Battle of Graus","kind":"military","start_year":1063,"end_year":1063,"subtype":"battle"}},{"type":"Feature","geometry":{"type":"Point","coordinates":[14.4333,45.3333]},"properties":{"id":"battle_battle_of_grobnik_field_1242","name":"Battle of Grobnik field","kind":"military","start_year":1242,"end_year":1242,"subtype":"battle"}},{"type":"Feature","geometry":{"type":"Point","coordinates":[20.8106,50.3028]},"properties":{"id":"battle_battle_of_grotniki_1439","name":"Battle of Grotniki","kind":"military","start_year":1439,"end_year":1439,"subtype":"battle"}},{"type":"Feature","geometry":{"type":"Point","coordinates":[20.1247,53.4861]},"properties":{"id":"battle_battle_of_grunwald_1410","name":"Battle of Grunwald","kind":"military","start_year":1410,"end_year":1410,"subtype":"battle"}},{"type":"Feature","geometry":{"type":"Point","coordinates":[-3.87,39.8]},"properties":{"id":"battle_battle_of_guadalacete_852","name":"Battle of Guadalacete","kind":"military","start_year":852,"end_year":852,"subtype":"battle"}},{"type":"Feature","geometry":{"type":"Point","coordinates":[-6.2167,36.6]},"properties":{"id":"battle_battle_of_guadalete_711","name":"Battle of Guadalete","kind":"military","start_year":711,"end_year":711,"subtype":"battle"}},{"type":"Feature","geometry":{"type":"Point","coordinates":[-4.455,36.666]},"properties":{"id":"battle_battle_of_guadalhorce_1326","name":"Battle of Guadalhorce","kind":"military","start_year":1326,"end_year":1326,"subtype":"battle"}},{"type":"Feature","geometry":{"type":"Point","coordinates":[-6.3567,36.7913]},"properties":{"id":"battle_battle_of_guadalquivir_1138","name":"Battle of Guadalquivir","kind":"military","start_year":1138,"end_year":1138,"subtype":"battle"}},{"type":"Feature","geometry":{"type":"Point","coordinates":[-5.2767,36.2825]},"properties":{"id":"battle_battle_of_guadiaro_1010","name":"Battle of Guadiaro","kind":"military","start_year":1010,"end_year":1010,"subtype":"battle"}},{"type":"Feature","geometry":{"type":"Point","coordinates":[-3.13,37.3]},"properties":{"id":"battle_battle_of_guadix_1362","name":"Battle of Guadix","kind":"military","start_year":1362,"end_year":1362,"subtype":"battle"}},{"type":"Feature","geometry":{"type":"Point","coordinates":[4,1]},"properties":{"id":"battle_battle_of_guinea_1478","name":"Battle of Guinea","kind":"military","start_year":1478,"end_year":1478,"subtype":"battle"}},{"type":"Feature","geometry":{"type":"Point","coordinates":[2.2711,50.6081]},"properties":{"id":"battle_battle_of_guinegate_1479","name":"Battle of Guinegate","kind":"military","start_year":1479,"end_year":1479,"subtype":"battle"}},{"type":"Feature","geometry":{"type":"Point","coordinates":[15.5167,44.9]},"properties":{"id":"battle_battle_of_gvozd_mountain_1097","name":"Battle of Gvozd Mountain","kind":"military","start_year":1097,"end_year":1097,"subtype":"battle"}},{"type":"Feature","geometry":{"type":"Point","coordinates":[-1.35,54.1]},"properties":{"id":"battle_battle_of_gwen_ystrat_575","name":"Battle of Gwen Ystrat","kind":"military","start_year":575,"end_year":575,"subtype":"battle"}},{"type":"Feature","geometry":{"type":"Point","coordinates":[-3.1473,52.519]},"properties":{"id":"battle_battle_of_gwernesgof_1257","name":"Battle of Gwernesgof","kind":"military","start_year":1257,"end_year":1257,"subtype":"battle"}},{"type":"Feature","geometry":{"type":"Point","coordinates":[8.0443,49.5926]},"properties":{"id":"battle_battle_of_g_llheim_1298","name":"Battle of Göllheim","kind":"military","start_year":1298,"end_year":1298,"subtype":"battle"}},{"type":"Feature","geometry":{"type":"Point","coordinates":[27.8402,38.9241]},"properties":{"id":"battle_battle_of_g_lnas_1425","name":"Battle of Gülnas","kind":"military","start_year":1425,"end_year":1425,"subtype":"battle"}},{"type":"Feature","geometry":{"type":"Point","coordinates":[138.4867,35.1275]},"properties":{"id":"battle_battle_of_hachita_1180","name":"Battle of Hachita","kind":"military","start_year":1180,"end_year":1180,"subtype":"battle"}},{"type":"Feature","geometry":{"type":"Point","coordinates":[37.46,37.707]},"properties":{"id":"battle_battle_of_hadath_954","name":"Battle of Hadath","kind":"military","start_year":954,"end_year":954,"subtype":"battle"}},{"type":"Feature","geometry":{"type":"Point","coordinates":[44.2,15.35]},"properties":{"id":"battle_battle_of_hadhramaut_570","name":"Battle of Hadhramaut","kind":"military","start_year":570,"end_year":570,"subtype":"battle"}},{"type":"Feature","geometry":{"type":"Point","coordinates":[5.6715,58.9415]},"properties":{"id":"battle_battle_of_hafrsfjord_872","name":"Battle of Hafrsfjord","kind":"military","start_year":872,"end_year":872,"subtype":"battle"}},{"type":"Feature","geometry":{"type":"Point","coordinates":[10.825,60.1194]},"properties":{"id":"battle_battle_of_hakadal_860","name":"Battle of Hakadal","kind":"military","start_year":860,"end_year":860,"subtype":"battle"}},{"type":"Feature","geometry":{"type":"Point","coordinates":[138.9792,35.3347]},"properties":{"id":"battle_battle_of_hakone_takenoshita_1336","name":"Battle of Hakone-Takenoshita","kind":"military","start_year":1336,"end_year":1336,"subtype":"battle"}},{"type":"Feature","geometry":{"type":"Point","coordinates":[-2.05,55.7875]},"properties":{"id":"battle_battle_of_halidon_hill_1333","name":"Battle of Halidon Hill","kind":"military","start_year":1333,"end_year":1333,"subtype":"battle"}},{"type":"Feature","geometry":{"type":"Point","coordinates":[22.8401,39.1587]},"properties":{"id":"battle_battle_of_halmyros_1311","name":"Battle of Halmyros","kind":"military","start_year":1311,"end_year":1311,"subtype":"battle"}},{"type":"Feature","geometry":{"type":"Point","coordinates":[48.5167,34.8]},"properties":{"id":"battle_battle_of_hamadan_843","name":"Battle of Hamadan","kind":"military","start_year":843,"end_year":843,"subtype":"battle"}},{"type":"Feature","geometry":{"type":"Point","coordinates":[16.4319,59.7864]},"properties":{"id":"battle_battle_of_haraker_1464","name":"Battle of Haraker","kind":"military","start_year":1464,"end_year":1464,"subtype":"battle"}},{"type":"Feature","geometry":{"type":"Point","coordinates":[19.4,45.25]},"properties":{"id":"battle_battle_of_haram_1125","name":"Battle of Haram","kind":"military","start_year":1125,"end_year":1125,"subtype":"battle"}},{"type":"Feature","geometry":{"type":"Point","coordinates":[9.69,47.4892]},"properties":{"id":"battle_battle_of_hard_1499","name":"Battle of Hard","kind":"military","start_year":1499,"end_year":1499,"subtype":"battle"}},{"type":"Feature","geometry":{"type":"Point","coordinates":[36.5167,36.2]},"properties":{"id":"battle_battle_of_harim_1164","name":"Battle of Harim","kind":"military","start_year":1164,"end_year":1164,"subtype":"battle"}},{"type":"Feature","geometry":{"type":"Point","coordinates":[-2.4119,57.3081]},"properties":{"id":"battle_battle_of_harlaw_1411","name":"Battle of Harlaw","kind":"military","start_year":1411,"end_year":1411,"subtype":"battle"}},{"type":"Feature","geometry":{"type":"Point","coordinates":[-3.5167,58.4833]},"properties":{"id":"battle_battle_of_harpsdale_1426","name":"Battle of Harpsdale","kind":"military","start_year":1426,"end_year":1426,"subtype":"battle"}},{"type":"Feature","geometry":{"type":"Point","coordinates":[39.25,38.7039]},"properties":{"id":"battle_battle_of_harput_1465","name":"Battle of Harput","kind":"military","start_year":1465,"end_year":1465,"subtype":"battle"}},{"type":"Feature","geometry":{"type":"Point","coordinates":[39.0333,36.8667]},"properties":{"id":"battle_battle_of_harran_1104","name":"Battle of Harran","kind":"military","start_year":1104,"end_year":1104,"subtype":"battle"}},{"type":"Feature","geometry":{"type":"Point","coordinates":[46.4128,40.0739]},"properties":{"id":"battle_battle_of_hashtadsar_829","name":"Battle of Hashtadsar","kind":"military","start_year":829,"end_year":829,"subtype":"battle"}},{"type":"Feature","geometry":{"type":"Point","coordinates":[-0.926,53.585]},"properties":{"id":"battle_battle_of_hatfield_chase_633","name":"Battle of Hatfield Chase","kind":"military","start_year":633,"end_year":633,"subtype":"battle"}},{"type":"Feature","geometry":{"type":"Point","coordinates":[-19.3,65.5333]},"properties":{"id":"battle_battle_of_haugsnes_1246","name":"Battle of Haugsnes","kind":"military","start_year":1246,"end_year":1246,"subtype":"battle"}},{"type":"Feature","geometry":{"type":"Point","coordinates":[7.6711,48.6086]},"properties":{"id":"battle_battle_of_hausbergen_1262","name":"Battle of Hausbergen","kind":"military","start_year":1262,"end_year":1262,"subtype":"battle"}},{"type":"Feature","geometry":{"type":"Point","coordinates":[-3.0198,53.1808]},"properties":{"id":"battle_battle_of_hawarden_castle_1282","name":"Battle of Hawarden Castle,","kind":"military","start_year":1282,"end_year":1282,"subtype":"battle"}},{"type":"Feature","geometry":{"type":"Point","coordinates":[-3.1314,52.0758]},"properties":{"id":"battle_battle_of_hay_on_wye_1216","name":"Battle of Hay on Wye","kind":"military","start_year":1216,"end_year":1216,"subtype":"battle"}},{"type":"Feature","geometry":{"type":"Point","coordinates":[37.0575,35.9958]},"properties":{"id":"battle_battle_of_hazir_637","name":"Battle of Hazir","kind":"military","start_year":637,"end_year":637,"subtype":"battle"}},{"type":"Feature","geometry":{"type":"Point","coordinates":[-2.1,55.02]},"properties":{"id":"battle_battle_of_heavenfield_634","name":"Battle of Heavenfield","kind":"military","start_year":634,"end_year":634,"subtype":"battle"}},{"type":"Feature","geometry":{"type":"Point","coordinates":[-1.924,55.471]},"properties":{"id":"battle_battle_of_hedgeley_moor_1464","name":"Battle of Hedgeley Moor","kind":"military","start_year":1464,"end_year":1464,"subtype":"battle"}},{"type":"Feature","geometry":{"type":"Point","coordinates":[-17.4055,65.771]},"properties":{"id":"battle_battle_of_helgasta_ir_1220","name":"Battle of Helgastaðir","kind":"military","start_year":1220,"end_year":1220,"subtype":"battle"}},{"type":"Feature","geometry":{"type":"Point","coordinates":[13.6167,55.8]},"properties":{"id":"battle_battle_of_helge_1026","name":"Battle of Helgeå","kind":"military","start_year":1026,"end_year":1026,"subtype":"battle"}},{"type":"Feature","geometry":{"type":"Point","coordinates":[31.2889,30.1294]},"properties":{"id":"battle_battle_of_heliopolis_640","name":"Battle of Heliopolis","kind":"military","start_year":640,"end_year":640,"subtype":"battle"}},{"type":"Feature","geometry":{"type":"Point","coordinates":[-1.6833,38.5167]},"properties":{"id":"battle_battle_of_hell_n_1448","name":"Battle of Hellín","kind":"military","start_year":1448,"end_year":1448,"subtype":"battle"}},{"type":"Feature","geometry":{"type":"Point","coordinates":[12.66,56.04]},"properties":{"id":"battle_battle_of_helsingborg_1362","name":"Battle of Helsingborg","kind":"military","start_year":1362,"end_year":1362,"subtype":"battle"}},{"type":"Feature","geometry":{"type":"Point","coordinates":[9.0719,54.1472]},"properties":{"id":"battle_battle_of_hemmingstedt_1500","name":"Battle of Hemmingstedt","kind":"military","start_year":1500,"end_year":1500,"subtype":"battle"}},{"type":"Feature","geometry":{"type":"Point","coordinates":[62.2031,34.3419]},"properties":{"id":"battle_battle_of_herat_589","name":"Battle of Herat","kind":"military","start_year":589,"end_year":589,"subtype":"battle"}},{"type":"Feature","geometry":{"type":"Point","coordinates":[-2.7175,52.056]},"properties":{"id":"battle_battle_of_hereford_760","name":"Battle of Hereford","kind":"military","start_year":760,"end_year":760,"subtype":"battle"}},{"type":"Feature","geometry":{"type":"Point","coordinates":[23.6657,46.1218]},"properties":{"id":"battle_battle_of_hermannstadt_1442","name":"Battle of Hermannstadt","kind":"military","start_year":1442,"end_year":1442,"subtype":"battle"}},{"type":"Feature","geometry":{"type":"Point","coordinates":[16.2378,59.5619]},"properties":{"id":"battle_battle_of_herrevadsbro_1251","name":"Battle of Herrevadsbro","kind":"military","start_year":1251,"end_year":1251,"subtype":"battle"}},{"type":"Feature","geometry":{"type":"Point","coordinates":[-1.0833,54.6]},"properties":{"id":"battle_battle_of_heworth_moor_1453","name":"Battle of Heworth Moor","kind":"military","start_year":1453,"end_year":1453,"subtype":"battle"}},{"type":"Feature","geometry":{"type":"Point","coordinates":[-2.1,54.97]},"properties":{"id":"battle_battle_of_hexham_1464","name":"Battle of Hexham","kind":"military","start_year":1464,"end_year":1464,"subtype":"battle"}},{"type":"Feature","geometry":{"type":"Point","coordinates":[12.5794,49.3839]},"properties":{"id":"battle_battle_of_hiltersried_1433","name":"Battle of Hiltersried","kind":"military","start_year":1433,"end_year":1433,"subtype":"battle"}},{"type":"Feature","geometry":{"type":"Point","coordinates":[-4.2473,50.521]},"properties":{"id":"battle_battle_of_hingston_down_838","name":"Battle of Hingston Down","kind":"military","start_year":838,"end_year":838,"subtype":"battle"}},{"type":"Feature","geometry":{"type":"Point","coordinates":[135.5822,34.5326]},"properties":{"id":"battle_battle_of_hirao_1388","name":"Battle of Hirao","kind":"military","start_year":1388,"end_year":1388,"subtype":"battle"}},{"type":"Feature","geometry":{"type":"Point","coordinates":[44.39,31.98]},"properties":{"id":"battle_battle_of_hira_633","name":"Battle of Hira","kind":"military","start_year":633,"end_year":633,"subtype":"battle"}},{"type":"Feature","geometry":{"type":"Point","coordinates":[6.1,62.3583]},"properties":{"id":"battle_battle_of_hj_rungav_gr_984","name":"Battle of Hjörungavágr","kind":"military","start_year":984,"end_year":984,"subtype":"battle"}},{"type":"Feature","geometry":{"type":"Point","coordinates":[11.1083,58.9375]},"properties":{"id":"battle_battle_of_holmengr_1139","name":"Battle of Holmengrå","kind":"military","start_year":1139,"end_year":1139,"subtype":"battle"}},{"type":"Feature","geometry":{"type":"Point","coordinates":[-3.2257,53.2649]},"properties":{"id":"battle_battle_of_holywell_castle_1213","name":"Battle of Holywell Castle","kind":"military","start_year":1213,"end_year":1213,"subtype":"battle"}},{"type":"Feature","geometry":{"type":"Point","coordinates":[17.1567,48.8086]},"properties":{"id":"battle_battle_of_hol_1315","name":"Battle of Holíč","kind":"military","start_year":1315,"end_year":1315,"subtype":"battle"}},{"type":"Feature","geometry":{"type":"Point","coordinates":[-2.052,55.559]},"properties":{"id":"battle_battle_of_homildon_hill_1402","name":"Battle of Homildon Hill","kind":"military","start_year":1402,"end_year":1402,"subtype":"battle"}},{"type":"Feature","geometry":{"type":"Point","coordinates":[126.858,36.2626]},"properties":{"id":"battle_battle_of_hongsan_1376","name":"Battle of Hongsan","kind":"military","start_year":1376,"end_year":1376,"subtype":"battle"}},{"type":"Feature","geometry":{"type":"Point","coordinates":[14.8842,51.2969]},"properties":{"id":"battle_battle_of_hork_1431","name":"Battle of Horką","kind":"military","start_year":1431,"end_year":1431,"subtype":"battle"}},{"type":"Feature","geometry":{"type":"Point","coordinates":[15.3087,49.2632]},"properties":{"id":"battle_battle_of_horn_dubenky_1423","name":"Battle of Horní Dubenky","kind":"military","start_year":1423,"end_year":1423,"subtype":"battle"}},{"type":"Feature","geometry":{"type":"Point","coordinates":[21.3836,43.9272]},"properties":{"id":"battle_battle_of_horreum_margi_505","name":"Battle of Horreum Margi","kind":"military","start_year":505,"end_year":505,"subtype":"battle"}},{"type":"Feature","geometry":{"type":"Point","coordinates":[14.2167,58.85]},"properties":{"id":"battle_battle_of_hova_1275","name":"Battle of Hova","kind":"military","start_year":1275,"end_year":1275,"subtype":"battle"}},{"type":"Feature","geometry":{"type":"Point","coordinates":[15.6444,50.3647]},"properties":{"id":"battle_battle_of_ho_ice_1423","name":"Battle of Hořice","kind":"military","start_year":1423,"end_year":1423,"subtype":"battle"}},{"type":"Feature","geometry":{"type":"Point","coordinates":[-2.6889,40.1475]},"properties":{"id":"battle_battle_of_huete_1164","name":"Battle of Huete","kind":"military","start_year":1164,"end_year":1164,"subtype":"battle"}},{"type":"Feature","geometry":{"type":"Point","coordinates":[113.2064,34.8436]},"properties":{"id":"battle_battle_of_hulao_621","name":"Battle of Hulao","kind":"military","start_year":621,"end_year":621,"subtype":"battle"}},{"type":"Feature","geometry":{"type":"Point","coordinates":[40.042,21.5166]},"properties":{"id":"battle_battle_of_hunayn_630","name":"Battle of Hunayn","kind":"military","start_year":630,"end_year":630,"subtype":"battle"}},{"type":"Feature","geometry":{"type":"Point","coordinates":[17.0783,51.1456]},"properties":{"id":"battle_battle_of_hundsfeld_1109","name":"Battle of Hundsfeld","kind":"military","start_year":1109,"end_year":1109,"subtype":"battle"}},{"type":"Feature","geometry":{"type":"Point","coordinates":[111.75,36.57]},"properties":{"id":"battle_battle_of_huoyi_617","name":"Battle of Huoyi","kind":"military","start_year":617,"end_year":617,"subtype":"battle"}},{"type":"Feature","geometry":{"type":"Point","coordinates":[44.3661,33.3153]},"properties":{"id":"battle_battle_of_husayd_633","name":"Battle of Husayd","kind":"military","start_year":633,"end_year":633,"subtype":"battle"}},{"type":"Feature","geometry":{"type":"Point","coordinates":[127.0847,36.2039]},"properties":{"id":"battle_battle_of_hwangsanbeol_660","name":"Battle of Hwangsanbeol","kind":"military","start_year":660,"end_year":660,"subtype":"battle"}},{"type":"Feature","geometry":{"type":"Point","coordinates":[127.3858,35.41]},"properties":{"id":"battle_battle_of_hwangsan_1380","name":"Battle of Hwangsan","kind":"military","start_year":1380,"end_year":1380,"subtype":"battle"}},{"type":"Feature","geometry":{"type":"Point","coordinates":[27.1686,37.54]},"properties":{"id":"battle_battle_of_hyelion_and_leimocheir_1177","name":"Battle of Hyelion and Leimocheir","kind":"military","start_year":1177,"end_year":1177,"subtype":"battle"}},{"type":"Feature","geometry":{"type":"Point","coordinates":[139.5472,35.3192]},"properties":{"id":"battle_battle_of_h_ji_1247","name":"Battle of Hōji","kind":"military","start_year":1247,"end_year":1247,"subtype":"battle"}},{"type":"Feature","geometry":{"type":"Point","coordinates":[16.3911,59.8011]},"properties":{"id":"battle_battle_of_h_llaskogen_1437","name":"Battle of Hällaskogen","kind":"military","start_year":1437,"end_year":1437,"subtype":"battle"}},{"type":"Feature","geometry":{"type":"Point","coordinates":[6.7667,47.5833]},"properties":{"id":"battle_battle_of_h_ricourt_1474","name":"Battle of Héricourt","kind":"military","start_year":1474,"end_year":1474,"subtype":"battle"}},{"type":"Feature","geometry":{"type":"Point","coordinates":[135.1053,34.6403]},"properties":{"id":"battle_battle_of_ichi_no_tani_1184","name":"Battle of Ichi-no-Tani","kind":"military","start_year":1184,"end_year":1184,"subtype":"battle"}},{"type":"Feature","geometry":{"type":"Point","coordinates":[32.5161,37.8471]},"properties":{"id":"battle_battle_of_iconium_1069","name":"Battle of Iconium","kind":"military","start_year":1069,"end_year":1069,"subtype":"battle"}},{"type":"Feature","geometry":{"type":"Point","coordinates":[23.815,42.44]},"properties":{"id":"battle_battle_of_ihtiman_1355","name":"Battle of Ihtiman","kind":"military","start_year":1355,"end_year":1355,"subtype":"battle"}},{"type":"Feature","geometry":{"type":"Point","coordinates":[139.2173,36.2288]},"properties":{"id":"battle_battle_of_ikakko_1459","name":"Battle of Ikakko","kind":"military","start_year":1459,"end_year":1459,"subtype":"battle"}},{"type":"Feature","geometry":{"type":"Point","coordinates":[129.7167,33.7833]},"properties":{"id":"battle_battle_of_iki_1274_1274","name":"Battle of Iki (1274)","kind":"military","start_year":1274,"end_year":1274,"subtype":"battle"}},{"type":"Feature","geometry":{"type":"Point","coordinates":[18.2361,48.9994]},"properties":{"id":"battle_battle_of_ilava_1431","name":"Battle of Ilava","kind":"military","start_year":1431,"end_year":1431,"subtype":"battle"}},{"type":"Feature","geometry":{"type":"Point","coordinates":[10.4,63.44]},"properties":{"id":"battle_battle_of_ilevollene_1180","name":"Battle of Ilevollene","kind":"military","start_year":1180,"end_year":1180,"subtype":"battle"}},{"type":"Feature","geometry":{"type":"Point","coordinates":[128.4333,36.1167]},"properties":{"id":"battle_battle_of_illicheon_936","name":"Battle of Illicheon","kind":"military","start_year":936,"end_year":936,"subtype":"battle"}},{"type":"Feature","geometry":{"type":"Point","coordinates":[36.9536,36.5181]},"properties":{"id":"battle_battle_of_inab_1149","name":"Battle of Inab","kind":"military","start_year":1149,"end_year":1149,"subtype":"battle"}},{"type":"Feature","geometry":{"type":"Point","coordinates":[72.18,33.77]},"properties":{"id":"battle_battle_of_indus_1221","name":"Battle of Indus","kind":"military","start_year":1221,"end_year":1221,"subtype":"battle"}},{"type":"Feature","geometry":{"type":"Point","coordinates":[-2.7665,42.8332]},"properties":{"id":"battle_battle_of_inglesmendi_1367","name":"Battle of Inglesmendi","kind":"military","start_year":1367,"end_year":1367,"subtype":"battle"}},{"type":"Feature","geometry":{"type":"Point","coordinates":[-5.1097,56.8169]},"properties":{"id":"battle_battle_of_inverlochy_1431","name":"Battle of Inverlochy","kind":"military","start_year":1431,"end_year":1431,"subtype":"battle"}},{"type":"Feature","geometry":{"type":"Point","coordinates":[-4.16,57.0389]},"properties":{"id":"battle_battle_of_invernahavon_1386","name":"Battle of Invernahavon","kind":"military","start_year":1386,"end_year":1386,"subtype":"battle"}},{"type":"Feature","geometry":{"type":"Point","coordinates":[-2.318,57.335]},"properties":{"id":"battle_battle_of_inverurie_1308","name":"Battle of Inverurie","kind":"military","start_year":1308,"end_year":1308,"subtype":"battle"}},{"type":"Feature","geometry":{"type":"Point","coordinates":[39.1267,40.1894]},"properties":{"id":"battle_battle_of_iran_1120","name":"Battle of Şiran","kind":"military","start_year":1120,"end_year":1120,"subtype":"battle"}},{"type":"Feature","geometry":{"type":"Point","coordinates":[90.2155,47.4145]},"properties":{"id":"battle_battle_of_irtysh_river_657","name":"Battle of Irtysh River","kind":"military","start_year":657,"end_year":657,"subtype":"battle"}},{"type":"Feature","geometry":{"type":"Point","coordinates":[19.4,47.5333]},"properties":{"id":"battle_battle_of_isaszeg_1265","name":"Battle of Isaszeg","kind":"military","start_year":1265,"end_year":1265,"subtype":"battle"}},{"type":"Feature","geometry":{"type":"Point","coordinates":[51.675,32.6525]},"properties":{"id":"battle_battle_of_isfahan_1497","name":"Battle of Isfahan","kind":"military","start_year":1497,"end_year":1497,"subtype":"battle"}},{"type":"Feature","geometry":{"type":"Point","coordinates":[139.1403,35.2211]},"properties":{"id":"battle_battle_of_ishibashiyama_1180","name":"Battle of Ishibashiyama","kind":"military","start_year":1180,"end_year":1180,"subtype":"battle"}},{"type":"Feature","geometry":{"type":"Point","coordinates":[140.4601,37.7091]},"properties":{"id":"battle_battle_of_ishinazaka_1189","name":"Battle of Ishinazaka","kind":"military","start_year":1189,"end_year":1189,"subtype":"battle"}},{"type":"Feature","geometry":{"type":"Point","coordinates":[135.4535,34.5549]},"properties":{"id":"battle_battle_of_ishizu_1338","name":"Battle of Ishizu","kind":"military","start_year":1338,"end_year":1338,"subtype":"battle"}},{"type":"Feature","geometry":{"type":"Point","coordinates":[51.4344,35.5975]},"properties":{"id":"battle_battle_of_iskhabad_940","name":"Battle of Iskhabad","kind":"military","start_year":940,"end_year":940,"subtype":"battle"}},{"type":"Feature","geometry":{"type":"Point","coordinates":[28.976,41.0122]},"properties":{"id":"battle_battle_of_iskrest_lighthouse_1043","name":"Battle of Iskrest Lighthouse","kind":"military","start_year":1043,"end_year":1043,"subtype":"battle"}},{"type":"Feature","geometry":{"type":"Point","coordinates":[13.55,45.95]},"properties":{"id":"battle_battle_of_isonzo_1477","name":"Battle of Isonzo","kind":"military","start_year":1477,"end_year":1477,"subtype":"battle"}},{"type":"Feature","geometry":{"type":"Point","coordinates":[14.4214,49.7544]},"properties":{"id":"battle_battle_of_ivoho_1419","name":"Battle of Živohošť","kind":"military","start_year":1419,"end_year":1419,"subtype":"battle"}},{"type":"Feature","geometry":{"type":"Point","coordinates":[-3.5225,37.3925]},"properties":{"id":"battle_battle_of_iznalloz_1295","name":"Battle of Iznalloz","kind":"military","start_year":1295,"end_year":1295,"subtype":"battle"}},{"type":"Feature","geometry":{"type":"Point","coordinates":[29.7194,40.4289]},"properties":{"id":"battle_battle_of_i_znik_1423","name":"Battle of İznik","kind":"military","start_year":1423,"end_year":1423,"subtype":"battle"}},{"type":"Feature","geometry":{"type":"Point","coordinates":[48.6981,40.6631]},"properties":{"id":"battle_battle_of_jabani_1500","name":"Battle of Jabani","kind":"military","start_year":1500,"end_year":1500,"subtype":"battle"}},{"type":"Feature","geometry":{"type":"Point","coordinates":[34.7531,32.0522]},"properties":{"id":"battle_battle_of_jaffa_1197","name":"Battle of Jaffa","kind":"military","start_year":1197,"end_year":1197,"subtype":"battle"}},{"type":"Feature","geometry":{"type":"Point","coordinates":[46.4689,35.689]},"properties":{"id":"battle_battle_of_jaghatu_1336","name":"Battle of Jaghatu","kind":"military","start_year":1336,"end_year":1336,"subtype":"battle"}},{"type":"Feature","geometry":{"type":"Point","coordinates":[45.1667,34.2833]},"properties":{"id":"battle_battle_of_jalula_637","name":"Battle of Jalula","kind":"military","start_year":637,"end_year":637,"subtype":"battle"}},{"type":"Feature","geometry":{"type":"Point","coordinates":[-4.05,38.0333]},"properties":{"id":"battle_battle_of_jandula_853","name":"Battle of Jandula","kind":"military","start_year":853,"end_year":853,"subtype":"battle"}},{"type":"Feature","geometry":{"type":"Point","coordinates":[22.6778,50.0162]},"properties":{"id":"battle_battle_of_jaros_aw_1245_1245","name":"Battle of Jarosław (1245)","kind":"military","start_year":1245,"end_year":1245,"subtype":"battle"}},{"type":"Feature","geometry":{"type":"Point","coordinates":[10.113,48.206]},"properties":{"id":"battle_battle_of_jedesheim_1108","name":"Battle of Jedesheim","kind":"military","start_year":1108,"end_year":1108,"subtype":"battle"}},{"type":"Feature","geometry":{"type":"Point","coordinates":[9.4194,55.7558]},"properties":{"id":"battle_battle_of_jellinge_heath_1131","name":"Battle of Jellinge Heath","kind":"military","start_year":1131,"end_year":1131,"subtype":"battle"}},{"type":"Feature","geometry":{"type":"Point","coordinates":[-1.7319,47.7239]},"properties":{"id":"battle_battle_of_jengland_851","name":"Battle of Jengland","kind":"military","start_year":851,"end_year":851,"subtype":"battle"}},{"type":"Feature","geometry":{"type":"Point","coordinates":[-6.1378,36.6817]},"properties":{"id":"battle_battle_of_jerez_1231","name":"Battle of Jerez","kind":"military","start_year":1231,"end_year":1231,"subtype":"battle"}},{"type":"Feature","geometry":{"type":"Point","coordinates":[76.4823,25.8908]},"properties":{"id":"battle_battle_of_jhain_1291","name":"Battle of Jhain","kind":"military","start_year":1291,"end_year":1291,"subtype":"battle"}},{"type":"Feature","geometry":{"type":"Point","coordinates":[72.15,31.17]},"properties":{"id":"battle_battle_of_jhelum_1206","name":"Battle of Jhelum","kind":"military","start_year":1206,"end_year":1206,"subtype":"battle"}},{"type":"Feature","geometry":{"type":"Point","coordinates":[126.6667,36]},"properties":{"id":"battle_battle_of_jinpo_1380","name":"Battle of Jinpo","kind":"military","start_year":1380,"end_year":1380,"subtype":"battle"}},{"type":"Feature","geometry":{"type":"Point","coordinates":[14.5,53.9167]},"properties":{"id":"battle_battle_of_julin_bridge_1170","name":"Battle of Julin Bridge","kind":"military","start_year":1170,"end_year":1170,"subtype":"battle"}},{"type":"Feature","geometry":{"type":"Point","coordinates":[54.43,36.8467]},"properties":{"id":"battle_battle_of_jurj_n_748","name":"Battle of Jurjān","kind":"military","start_year":748,"end_year":748,"subtype":"battle"}},{"type":"Feature","geometry":{"type":"Point","coordinates":[67.3497,29.106]},"properties":{"id":"battle_battle_of_kachhi_1142","name":"Battle of Kachhi","kind":"military","start_year":1142,"end_year":1142,"subtype":"battle"}},{"type":"Feature","geometry":{"type":"Point","coordinates":[10.1,35.6833]},"properties":{"id":"battle_battle_of_kairouan_1348","name":"Battle of Kairouan","kind":"military","start_year":1348,"end_year":1348,"subtype":"battle"}},{"type":"Feature","geometry":{"type":"Point","coordinates":[113.5,33.9]},"properties":{"id":"battle_battle_of_kai_keng_1232","name":"Battle of Kai-Keng","kind":"military","start_year":1232,"end_year":1232,"subtype":"battle"}},{"type":"Feature","geometry":{"type":"Point","coordinates":[28.098,41.111]},"properties":{"id":"battle_battle_of_kalavrye_1078","name":"Battle of Kalavrye","kind":"military","start_year":1078,"end_year":1078,"subtype":"battle"}},{"type":"Feature","geometry":{"type":"Point","coordinates":[79.7078,12.8308]},"properties":{"id":"battle_battle_of_kanchi_803","name":"Battle of Kanchi","kind":"military","start_year":803,"end_year":803,"subtype":"battle"}},{"type":"Feature","geometry":{"type":"Point","coordinates":[78.7414,10.9131]},"properties":{"id":"battle_battle_of_kannanur_1342","name":"Battle of Kannanur","kind":"military","start_year":1342,"end_year":1342,"subtype":"battle"}},{"type":"Feature","geometry":{"type":"Point","coordinates":[41.6756,39.9797]},"properties":{"id":"battle_battle_of_kapetron_1048","name":"Battle of Kapetron","kind":"military","start_year":1048,"end_year":1048,"subtype":"battle"}},{"type":"Feature","geometry":{"type":"Point","coordinates":[26.5097,38.6359]},"properties":{"id":"battle_battle_of_karaburun_1416","name":"Battle of Karaburun","kind":"military","start_year":1416,"end_year":1416,"subtype":"battle"}},{"type":"Feature","geometry":{"type":"Point","coordinates":[41.3282,39.3379]},"properties":{"id":"battle_battle_of_karasounk_863","name":"Battle of Karasounk","kind":"military","start_year":863,"end_year":863,"subtype":"battle"}},{"type":"Feature","geometry":{"type":"Point","coordinates":[44.0314,32.6153]},"properties":{"id":"battle_battle_of_karbala_680","name":"Battle of Karbala","kind":"military","start_year":680,"end_year":680,"subtype":"battle"}},{"type":"Feature","geometry":{"type":"Point","coordinates":[26.75,40.55]},"properties":{"id":"battle_battle_of_kardia_872","name":"Battle of Kardia","kind":"military","start_year":872,"end_year":872,"subtype":"battle"}},{"type":"Feature","geometry":{"type":"Point","coordinates":[27.1333,35.5833]},"properties":{"id":"battle_battle_of_karpathos_1498","name":"Battle of Karpathos","kind":"military","start_year":1498,"end_year":1498,"subtype":"battle"}},{"type":"Feature","geometry":{"type":"Point","coordinates":[23.5,58.5]},"properties":{"id":"battle_battle_of_karuse_1270","name":"Battle of Karuse","kind":"military","start_year":1270,"end_year":1270,"subtype":"battle"}},{"type":"Feature","geometry":{"type":"Point","coordinates":[23.7281,37.9842]},"properties":{"id":"battle_battle_of_karydi_1258","name":"Battle of Karydi","kind":"military","start_year":1258,"end_year":1258,"subtype":"battle"}},{"type":"Feature","geometry":{"type":"Point","coordinates":[28.8903,41.0306]},"properties":{"id":"battle_battle_of_katasyrtai_917","name":"Battle of Katasyrtai","kind":"military","start_year":917,"end_year":917,"subtype":"battle"}},{"type":"Feature","geometry":{"type":"Point","coordinates":[135.4251,34.7152]},"properties":{"id":"battle_battle_of_kawajiri_1185","name":"Battle of Kawajiri","kind":"military","start_year":1185,"end_year":1185,"subtype":"battle"}},{"type":"Feature","geometry":{"type":"Point","coordinates":[141.2936,38.8485]},"properties":{"id":"battle_battle_of_kawasaki_1057","name":"Battle of Kawasaki","kind":"military","start_year":1057,"end_year":1057,"subtype":"battle"}},{"type":"Feature","geometry":{"type":"Point","coordinates":[38.7439,38.7925]},"properties":{"id":"battle_battle_of_keban_1218","name":"Battle of Keban","kind":"military","start_year":1218,"end_year":1218,"subtype":"battle"}},{"type":"Feature","geometry":{"type":"Point","coordinates":[-6.8769,53.7272]},"properties":{"id":"battle_battle_of_kells_1315","name":"Battle of Kells","kind":"military","start_year":1315,"end_year":1315,"subtype":"battle"}},{"type":"Feature","geometry":{"type":"Point","coordinates":[-3.7297,51.53]},"properties":{"id":"battle_battle_of_kenfig_1243","name":"Battle of Kenfig","kind":"military","start_year":1243,"end_year":1243,"subtype":"battle"}},{"type":"Feature","geometry":{"type":"Point","coordinates":[33,35]},"properties":{"id":"battle_battle_of_keramaia_746","name":"Battle of Keramaia","kind":"military","start_year":746,"end_year":746,"subtype":"battle"}},{"type":"Feature","geometry":{"type":"Point","coordinates":[48.5167,34.8]},"properties":{"id":"battle_battle_of_kerj_abu_dulaf_1073","name":"Battle of Kerj Abu Dulaf","kind":"military","start_year":1073,"end_year":1073,"subtype":"battle"}},{"type":"Feature","geometry":{"type":"Point","coordinates":[24.308,47.0201]},"properties":{"id":"battle_battle_of_kerl_s_1068","name":"Battle of Kerlés","kind":"military","start_year":1068,"end_year":1068,"subtype":"battle"}},{"type":"Feature","geometry":{"type":"Point","coordinates":[43.8318,43.405]},"properties":{"id":"battle_battle_of_khankala_1222_1222","name":"Battle of Khankala (1222)","kind":"military","start_year":1222,"end_year":1222,"subtype":"battle"}},{"type":"Feature","geometry":{"type":"Point","coordinates":[45.7167,43.4]},"properties":{"id":"battle_battle_of_khankala_1395","name":"Battle of Khankala","kind":"military","start_year":1395,"end_year":1395,"subtype":"battle"}},{"type":"Feature","geometry":{"type":"Point","coordinates":[64.75,35.9333]},"properties":{"id":"battle_battle_of_kharistan_737","name":"Battle of Kharistan","kind":"military","start_year":737,"end_year":737,"subtype":"battle"}},{"type":"Feature","geometry":{"type":"Point","coordinates":[39.2925,25.6986]},"properties":{"id":"battle_battle_of_khaybar_628","name":"Battle of Khaybar","kind":"military","start_year":628,"end_year":628,"subtype":"battle"}},{"type":"Feature","geometry":{"type":"Point","coordinates":[43.53,36.31]},"properties":{"id":"battle_battle_of_khazir_686","name":"Battle of Khazir","kind":"military","start_year":686,"end_year":686,"subtype":"battle"}},{"type":"Feature","geometry":{"type":"Point","coordinates":[109.2219,48.6557]},"properties":{"id":"battle_battle_of_kherlen_1409","name":"Battle of Kherlen","kind":"military","start_year":1409,"end_year":1409,"subtype":"battle"}},{"type":"Feature","geometry":{"type":"Point","coordinates":[44.9595,38.5517]},"properties":{"id":"battle_battle_of_khoy_1468","name":"Battle of Khoy","kind":"military","start_year":1468,"end_year":1468,"subtype":"battle"}},{"type":"Feature","geometry":{"type":"Point","coordinates":[77.2309,28.6546]},"properties":{"id":"battle_battle_of_kili_1299","name":"Battle of Kili","kind":"military","start_year":1299,"end_year":1299,"subtype":"battle"}},{"type":"Feature","geometry":{"type":"Point","coordinates":[-8.1517,12.3064]},"properties":{"id":"battle_battle_of_kirina_1235","name":"Battle of Kirina","kind":"military","start_year":1235,"end_year":1235,"subtype":"battle"}},{"type":"Feature","geometry":{"type":"Point","coordinates":[23.0167,41.3667]},"properties":{"id":"battle_battle_of_kleidion_1014","name":"Battle of Kleidion","kind":"military","start_year":1014,"end_year":1014,"subtype":"battle"}},{"type":"Feature","geometry":{"type":"Point","coordinates":[6.1448,51.8151]},"properties":{"id":"battle_battle_of_kleverhamm_1397","name":"Battle of Kleverhamm","kind":"military","start_year":1397,"end_year":1397,"subtype":"battle"}},{"type":"Feature","geometry":{"type":"Point","coordinates":[16.7667,44.5333]},"properties":{"id":"battle_battle_of_kljuc_1463","name":"Battle of Kljuc","kind":"military","start_year":1463,"end_year":1463,"subtype":"battle"}},{"type":"Feature","geometry":{"type":"Point","coordinates":[25.5,41.9833]},"properties":{"id":"battle_battle_of_klokotnitsa_1230","name":"Battle of Klokotnitsa","kind":"military","start_year":1230,"end_year":1230,"subtype":"battle"}},{"type":"Feature","geometry":{"type":"Point","coordinates":[20.5108,54.7064]},"properties":{"id":"battle_battle_of_knipawa_1455","name":"Battle of Knipawa","kind":"military","start_year":1455,"end_year":1455,"subtype":"battle"}},{"type":"Feature","geometry":{"type":"Point","coordinates":[11.9397,57.8494]},"properties":{"id":"battle_battle_of_konungahel_1135","name":"Battle of Konungahelę","kind":"military","start_year":1135,"end_year":1135,"subtype":"battle"}},{"type":"Feature","geometry":{"type":"Point","coordinates":[34.8711,37.4278]},"properties":{"id":"battle_battle_of_kopidnadon_788","name":"Battle of Kopidnadon","kind":"military","start_year":788,"end_year":788,"subtype":"battle"}},{"type":"Feature","geometry":{"type":"Point","coordinates":[76.1833,10.8833]},"properties":{"id":"battle_battle_of_koppam_1054","name":"Battle of Koppam","kind":"military","start_year":1054,"end_year":1054,"subtype":"battle"}},{"type":"Feature","geometry":{"type":"Point","coordinates":[28.1353,48.8506]},"properties":{"id":"battle_battle_of_kopystrzyniem_1432","name":"Battle of Kopystrzyniem","kind":"military","start_year":1432,"end_year":1432,"subtype":"battle"}},{"type":"Feature","geometry":{"type":"Point","coordinates":[28.1353,48.8506]},"properties":{"id":"battle_battle_of_kopystrzy_1487","name":"Battle of Kopystrzyń","kind":"military","start_year":1487,"end_year":1487,"subtype":"battle"}},{"type":"Feature","geometry":{"type":"Point","coordinates":[141.1135,38.9973]},"properties":{"id":"battle_battle_of_koromo_river_1189","name":"Battle of Koromo River","kind":"military","start_year":1189,"end_year":1189,"subtype":"battle"}},{"type":"Feature","geometry":{"type":"Point","coordinates":[17.8111,53.3569]},"properties":{"id":"battle_battle_of_koronowo_1410","name":"Battle of Koronowo","kind":"military","start_year":1410,"end_year":1410,"subtype":"battle"}},{"type":"Feature","geometry":{"type":"Point","coordinates":[28.9378,41.08]},"properties":{"id":"battle_battle_of_kosmidion_1410","name":"Battle of Kosmidion","kind":"military","start_year":1410,"end_year":1410,"subtype":"battle"}},{"type":"Feature","geometry":{"type":"Point","coordinates":[37.8306,40.3053]},"properties":{"id":"battle_battle_of_koyulhisar_1461","name":"Battle of Koyulhisar","kind":"military","start_year":1461,"end_year":1461,"subtype":"battle"}},{"type":"Feature","geometry":{"type":"Point","coordinates":[26.2167,38.5167]},"properties":{"id":"battle_battle_of_koyun_islands_1090","name":"Battle of Koyun Islands","kind":"military","start_year":1090,"end_year":1090,"subtype":"battle"}},{"type":"Feature","geometry":{"type":"Point","coordinates":[31,39]},"properties":{"id":"battle_battle_of_krasos_804","name":"Battle of Krasos","kind":"military","start_year":804,"end_year":804,"subtype":"battle"}},{"type":"Feature","geometry":{"type":"Point","coordinates":[14.9975,50.7933]},"properties":{"id":"battle_battle_of_kratzau_1428","name":"Battle of Kratzau","kind":"military","start_year":1428,"end_year":1428,"subtype":"battle"}},{"type":"Feature","geometry":{"type":"Point","coordinates":[15.7,44.6]},"properties":{"id":"battle_battle_of_krbava_field_1493","name":"Battle of Krbava Field","kind":"military","start_year":1493,"end_year":1493,"subtype":"battle"}},{"type":"Feature","geometry":{"type":"Point","coordinates":[22.9356,40.6403]},"properties":{"id":"battle_battle_of_kreta_1009","name":"Battle of Kreta","kind":"military","start_year":1009,"end_year":1009,"subtype":"battle"}},{"type":"Feature","geometry":{"type":"Point","coordinates":[14.9328,49.3872]},"properties":{"id":"battle_battle_of_kretsch_1435","name":"Battle of Kretsch","kind":"military","start_year":1435,"end_year":1435,"subtype":"battle"}},{"type":"Feature","geometry":{"type":"Point","coordinates":[17.3786,49.2875]},"properties":{"id":"battle_battle_of_krom_e_1423","name":"Battle of Kroměříže","kind":"military","start_year":1423,"end_year":1423,"subtype":"battle"}},{"type":"Feature","geometry":{"type":"Point","coordinates":[15.1131,52.0528]},"properties":{"id":"battle_battle_of_krosno_odrza_skie_1015","name":"Battle of Krosno Odrzańskie","kind":"military","start_year":1015,"end_year":1015,"subtype":"battle"}},{"type":"Feature","geometry":{"type":"Point","coordinates":[21.3267,43.5833]},"properties":{"id":"battle_battle_of_kru_evac_1454","name":"Battle of Kruševac","kind":"military","start_year":1454,"end_year":1454,"subtype":"battle"}},{"type":"Feature","geometry":{"type":"Point","coordinates":[20.4495,54.4476]},"properties":{"id":"battle_battle_of_kr_cken_1249","name":"Battle of Krücken","kind":"military","start_year":1249,"end_year":1249,"subtype":"battle"}},{"type":"Feature","geometry":{"type":"Point","coordinates":[76.06,16.2036]},"properties":{"id":"battle_battle_of_kudal_sangamam_1062","name":"Battle of Kudal-Sangamam","kind":"military","start_year":1062,"end_year":1062,"subtype":"battle"}},{"type":"Feature","geometry":{"type":"Point","coordinates":[139.5816,35.8351]},"properties":{"id":"battle_battle_of_kumegawa_1333","name":"Battle of Kumegawa","kind":"military","start_year":1333,"end_year":1333,"subtype":"battle"}},{"type":"Feature","geometry":{"type":"Point","coordinates":[22.1761,43.1803]},"properties":{"id":"battle_battle_of_kunovica_1444","name":"Battle of Kunovica","kind":"military","start_year":1444,"end_year":1444,"subtype":"battle"}},{"type":"Feature","geometry":{"type":"Point","coordinates":[14.6894,45.4908]},"properties":{"id":"battle_battle_of_kupa_819","name":"Battle of Kupa","kind":"military","start_year":819,"end_year":819,"subtype":"battle"}},{"type":"Feature","geometry":{"type":"Point","coordinates":[136.821,36.6617]},"properties":{"id":"battle_battle_of_kurikara_1183","name":"Battle of Kurikara","kind":"military","start_year":1183,"end_year":1183,"subtype":"battle"}},{"type":"Feature","geometry":{"type":"Point","coordinates":[37.16,36.2]},"properties":{"id":"battle_battle_of_kurzahil_1085","name":"Battle of Kurzahil","kind":"military","start_year":1085,"end_year":1085,"subtype":"battle"}},{"type":"Feature","geometry":{"type":"Point","coordinates":[15.2195,49.9915]},"properties":{"id":"battle_battle_of_kutn_hora_1421","name":"Battle of Kutná Hora","kind":"military","start_year":1421,"end_year":1421,"subtype":"battle"}},{"type":"Feature","geometry":{"type":"Point","coordinates":[43.5014,41.9694]},"properties":{"id":"battle_battle_of_kvishkheti_1260","name":"Battle of Kvishkheti","kind":"military","start_year":1260,"end_year":1260,"subtype":"battle"}},{"type":"Feature","geometry":{"type":"Point","coordinates":[130.3328,33.6251]},"properties":{"id":"battle_battle_of_k_an_1281","name":"Battle of Kōan","kind":"military","start_year":1281,"end_year":1281,"subtype":"battle"}},{"type":"Feature","geometry":{"type":"Point","coordinates":[135.6573,34.8704]},"properties":{"id":"battle_battle_of_k_nai_1355","name":"Battle of Kōnai","kind":"military","start_year":1355,"end_year":1355,"subtype":"battle"}},{"type":"Feature","geometry":{"type":"Point","coordinates":[31.5358,37.9217]},"properties":{"id":"battle_battle_of_k_reli_1472","name":"Battle of Kıreli","kind":"military","start_year":1472,"end_year":1472,"subtype":"battle"}},{"type":"Feature","geometry":{"type":"Point","coordinates":[34.9006,40.7222]},"properties":{"id":"battle_battle_of_k_rkdilim_1392","name":"Battle of Kırkdilim","kind":"military","start_year":1392,"end_year":1392,"subtype":"battle"}},{"type":"Feature","geometry":{"type":"Point","coordinates":[39.55,40.25]},"properties":{"id":"battle_battle_of_k_se_da_1243","name":"Battle of Köse Dağ","kind":"military","start_year":1243,"end_year":1243,"subtype":"battle"}},{"type":"Feature","geometry":{"type":"Point","coordinates":[35.7922,36.7678]},"properties":{"id":"battle_battle_of_laiazzo_1294","name":"Battle of Laiazzo","kind":"military","start_year":1294,"end_year":1294,"subtype":"battle"}},{"type":"Feature","geometry":{"type":"Point","coordinates":[20.3189,46.4303]},"properties":{"id":"battle_battle_of_lake_h_d_1282","name":"Battle of Lake Hód","kind":"military","start_year":1282,"end_year":1282,"subtype":"battle"}},{"type":"Feature","geometry":{"type":"Point","coordinates":[116.38,29.07]},"properties":{"id":"battle_battle_of_lake_poyang_1363","name":"Battle of Lake Poyang","kind":"military","start_year":1363,"end_year":1363,"subtype":"battle"}},{"type":"Feature","geometry":{"type":"Point","coordinates":[35,41.6]},"properties":{"id":"battle_battle_of_lalakaon_863","name":"Battle of Lalakaon","kind":"military","start_year":863,"end_year":863,"subtype":"battle"}},{"type":"Feature","geometry":{"type":"Point","coordinates":[30.4068,59.9438]},"properties":{"id":"battle_battle_of_landskrona_1301","name":"Battle of Landskrona","kind":"military","start_year":1301,"end_year":1301,"subtype":"battle"}},{"type":"Feature","geometry":{"type":"Point","coordinates":[29.1075,37.8358]},"properties":{"id":"battle_battle_of_laodicea_1147","name":"Battle of Laodicea","kind":"military","start_year":1147,"end_year":1147,"subtype":"battle"}},{"type":"Feature","geometry":{"type":"Point","coordinates":[32.5161,37.8471]},"properties":{"id":"battle_battle_of_larende_1468","name":"Battle of Larende","kind":"military","start_year":1468,"end_year":1468,"subtype":"battle"}},{"type":"Feature","geometry":{"type":"Point","coordinates":[-4.8678,55.7925]},"properties":{"id":"battle_battle_of_largs_1263","name":"Battle of Largs","kind":"military","start_year":1263,"end_year":1263,"subtype":"battle"}},{"type":"Feature","geometry":{"type":"Point","coordinates":[22.4167,39.6347]},"properties":{"id":"battle_battle_of_larissa_1083","name":"Battle of Larissa","kind":"military","start_year":1083,"end_year":1083,"subtype":"battle"}},{"type":"Feature","geometry":{"type":"Point","coordinates":[-6.0544,42.4581]},"properties":{"id":"battle_battle_of_las_babias_795","name":"Battle of las Babias","kind":"military","start_year":795,"end_year":795,"subtype":"battle"}},{"type":"Feature","geometry":{"type":"Point","coordinates":[-3.549,38.343]},"properties":{"id":"battle_battle_of_las_navas_de_tolosa_1212","name":"Battle of Las Navas de Tolosa","kind":"military","start_year":1212,"end_year":1212,"subtype":"battle"}},{"type":"Feature","geometry":{"type":"Point","coordinates":[-4.462,51.7694]},"properties":{"id":"battle_battle_of_laugharne_castle_1257","name":"Battle of Laugharne Castle","kind":"military","start_year":1257,"end_year":1257,"subtype":"battle"}},{"type":"Feature","geometry":{"type":"Point","coordinates":[1.1806,43.7428]},"properties":{"id":"battle_battle_of_launac_1362","name":"Battle of Launac","kind":"military","start_year":1362,"end_year":1362,"subtype":"battle"}},{"type":"Feature","geometry":{"type":"Point","coordinates":[7.2333,46.9]},"properties":{"id":"battle_battle_of_laupen_1339","name":"Battle of Laupen","kind":"military","start_year":1339,"end_year":1339,"subtype":"battle"}},{"type":"Feature","geometry":{"type":"Point","coordinates":[-6.3664,38.9697]},"properties":{"id":"battle_battle_of_la_albuera_1479","name":"Battle of La Albuera","kind":"military","start_year":1479,"end_year":1479,"subtype":"battle"}},{"type":"Feature","geometry":{"type":"Point","coordinates":[-0.741,47.765]},"properties":{"id":"battle_battle_of_la_brossini_re_1423","name":"Battle of La Brossinière","kind":"military","start_year":1423,"end_year":1423,"subtype":"battle"}},{"type":"Feature","geometry":{"type":"Point","coordinates":[-3.7079,37.2375]},"properties":{"id":"battle_battle_of_la_higueruela_1431","name":"Battle of La Higueruela","kind":"military","start_year":1431,"end_year":1431,"subtype":"battle"}},{"type":"Feature","geometry":{"type":"Point","coordinates":[-1.15,46.1667]},"properties":{"id":"battle_battle_of_la_rochelle_1372","name":"Battle of La Rochelle","kind":"military","start_year":1372,"end_year":1372,"subtype":"battle"}},{"type":"Feature","geometry":{"type":"Point","coordinates":[-3.26,48.7464]},"properties":{"id":"battle_battle_of_la_roche_derrien_1347","name":"Battle of La Roche-Derrien","kind":"military","start_year":1347,"end_year":1347,"subtype":"battle"}},{"type":"Feature","geometry":{"type":"Point","coordinates":[25.4828,58.5494]},"properties":{"id":"battle_battle_of_lehola_1215","name":"Battle of Lehola","kind":"military","start_year":1215,"end_year":1215,"subtype":"battle"}},{"type":"Feature","geometry":{"type":"Point","coordinates":[16.25,48.4167]},"properties":{"id":"battle_battle_of_leitzersdorf_1484","name":"Battle of Leitzersdorf","kind":"military","start_year":1484,"end_year":1484,"subtype":"battle"}},{"type":"Feature","geometry":{"type":"Point","coordinates":[25.25,39.9167]},"properties":{"id":"battle_battle_of_lemnos_1024","name":"Battle of Lemnos","kind":"military","start_year":1024,"end_year":1024,"subtype":"battle"}},{"type":"Feature","geometry":{"type":"Point","coordinates":[13.8333,58.2333]},"properties":{"id":"battle_battle_of_lena_1208","name":"Battle of Lena","kind":"military","start_year":1208,"end_year":1208,"subtype":"battle"}},{"type":"Feature","geometry":{"type":"Point","coordinates":[11.4733,53.0911]},"properties":{"id":"battle_battle_of_lenzen_929","name":"Battle of Lenzen","kind":"military","start_year":929,"end_year":929,"subtype":"battle"}},{"type":"Feature","geometry":{"type":"Point","coordinates":[4.7,50.883]},"properties":{"id":"battle_battle_of_leuven_891","name":"Battle of Leuven","kind":"military","start_year":891,"end_year":891,"subtype":"battle"}},{"type":"Feature","geometry":{"type":"Point","coordinates":[26.0825,40.7247]},"properties":{"id":"battle_battle_of_levounion_1091","name":"Battle of Levounion","kind":"military","start_year":1091,"end_year":1091,"subtype":"battle"}},{"type":"Feature","geometry":{"type":"Point","coordinates":[-0.0139,50.8786]},"properties":{"id":"battle_battle_of_lewes_1264","name":"Battle of Lewes","kind":"military","start_year":1264,"end_year":1264,"subtype":"battle"}},{"type":"Feature","geometry":{"type":"Point","coordinates":[17.0233,38.9089]},"properties":{"id":"battle_battle_of_le_castella_1297","name":"Battle of Le Castella","kind":"military","start_year":1297,"end_year":1297,"subtype":"battle"}},{"type":"Feature","geometry":{"type":"Point","coordinates":[2.8628,42.4642]},"properties":{"id":"battle_battle_of_le_perthus_1462","name":"Battle of Le Perthus","kind":"military","start_year":1462,"end_year":1462,"subtype":"battle"}},{"type":"Feature","geometry":{"type":"Point","coordinates":[14.2667,58.8167]},"properties":{"id":"battle_battle_of_lgar_s_1205","name":"Battle of Älgarås","kind":"military","start_year":1205,"end_year":1205,"subtype":"battle"}},{"type":"Feature","geometry":{"type":"Point","coordinates":[23.8394,58.6944]},"properties":{"id":"battle_battle_of_lihula_1220","name":"Battle of Lihula","kind":"military","start_year":1220,"end_year":1220,"subtype":"battle"}},{"type":"Feature","geometry":{"type":"Point","coordinates":[-0.555,53.235]},"properties":{"id":"battle_battle_of_lincoln_1141","name":"Battle of Lincoln","kind":"military","start_year":1141,"end_year":1141,"subtype":"battle"}},{"type":"Feature","geometry":{"type":"Point","coordinates":[-3.0667,37.7667]},"properties":{"id":"battle_battle_of_linuesa_1361","name":"Battle of Linuesa","kind":"military","start_year":1361,"end_year":1361,"subtype":"battle"}},{"type":"Feature","geometry":{"type":"Point","coordinates":[14.9369,50.0286]},"properties":{"id":"battle_battle_of_lipany_1434","name":"Battle of Lipany","kind":"military","start_year":1434,"end_year":1434,"subtype":"battle"}},{"type":"Feature","geometry":{"type":"Point","coordinates":[39.5877,52.6059]},"properties":{"id":"battle_battle_of_lipitsa_1216","name":"Battle of Lipitsa","kind":"military","start_year":1216,"end_year":1216,"subtype":"battle"}},{"type":"Feature","geometry":{"type":"Point","coordinates":[27.5125,48.3936]},"properties":{"id":"battle_battle_of_lipnic_1470","name":"Battle of Lipnic","kind":"military","start_year":1470,"end_year":1470,"subtype":"battle"}},{"type":"Feature","geometry":{"type":"Point","coordinates":[-9.139,38.708]},"properties":{"id":"battle_battle_of_lisbon_1373","name":"Battle of Lisbon","kind":"military","start_year":1373,"end_year":1373,"subtype":"battle"}},{"type":"Feature","geometry":{"type":"Point","coordinates":[31.5,51.7667]},"properties":{"id":"battle_battle_of_listven_1024","name":"Battle of Listven","kind":"military","start_year":1024,"end_year":1024,"subtype":"battle"}},{"type":"Feature","geometry":{"type":"Point","coordinates":[-3.996,51.884]},"properties":{"id":"battle_battle_of_llandeilo_fawr_1282","name":"Battle of Llandeilo Fawr","kind":"military","start_year":1282,"end_year":1282,"subtype":"battle"}},{"type":"Feature","geometry":{"type":"Point","coordinates":[-3.82,53.32]},"properties":{"id":"battle_battle_of_llandudno_856","name":"Battle of Llandudno","kind":"military","start_year":856,"end_year":856,"subtype":"battle"}},{"type":"Feature","geometry":{"type":"Point","coordinates":[-3.1595,52.9792]},"properties":{"id":"battle_battle_of_llangollen_870","name":"Battle of Llangollen","kind":"military","start_year":870,"end_year":870,"subtype":"battle"}},{"type":"Feature","geometry":{"type":"Point","coordinates":[-2.7385,52.2282]},"properties":{"id":"battle_battle_of_llanllieni_1052","name":"Battle of Llanllieni","kind":"military","start_year":1052,"end_year":1052,"subtype":"battle"}},{"type":"Feature","geometry":{"type":"Point","coordinates":[-4.2767,42.3406]},"properties":{"id":"battle_battle_of_llantada_1068","name":"Battle of Llantada","kind":"military","start_year":1068,"end_year":1068,"subtype":"battle"}},{"type":"Feature","geometry":{"type":"Point","coordinates":[2.8833,39.4833]},"properties":{"id":"battle_battle_of_llucmajor_1349","name":"Battle of Llucmajor","kind":"military","start_year":1349,"end_year":1349,"subtype":"battle"}},{"type":"Feature","geometry":{"type":"Point","coordinates":[-4.0102,51.657]},"properties":{"id":"battle_battle_of_llwchwr_1136","name":"Battle of Llwchwr","kind":"military","start_year":1136,"end_year":1136,"subtype":"battle"}},{"type":"Feature","geometry":{"type":"Point","coordinates":[1.9833,42.45]},"properties":{"id":"battle_battle_of_ll_via_731","name":"Battle of Llívia","kind":"military","start_year":731,"end_year":731,"subtype":"battle"}},{"type":"Feature","geometry":{"type":"Point","coordinates":[-5.1114,41.8253]},"properties":{"id":"battle_battle_of_lobregal_1160","name":"Battle of Lobregal","kind":"military","start_year":1160,"end_year":1160,"subtype":"battle"}},{"type":"Feature","geometry":{"type":"Point","coordinates":[-5,57]},"properties":{"id":"battle_battle_of_lochaber_1429","name":"Battle of Lochaber","kind":"military","start_year":1429,"end_year":1429,"subtype":"battle"}},{"type":"Feature","geometry":{"type":"Point","coordinates":[-3.44,55.1289]},"properties":{"id":"battle_battle_of_lochmaben_fair_1484","name":"Battle of Lochmaben Fair","kind":"military","start_year":1484,"end_year":1484,"subtype":"battle"}},{"type":"Feature","geometry":{"type":"Point","coordinates":[-5.03,54.974]},"properties":{"id":"battle_battle_of_loch_ryan_1307","name":"Battle of Loch Ryan","kind":"military","start_year":1307,"end_year":1307,"subtype":"battle"}},{"type":"Feature","geometry":{"type":"Point","coordinates":[-7.3419,53.5256]},"properties":{"id":"battle_battle_of_loch_trethin_634","name":"Battle of Loch Trethin","kind":"military","start_year":634,"end_year":634,"subtype":"battle"}},{"type":"Feature","geometry":{"type":"Point","coordinates":[14.1697,50.0006]},"properties":{"id":"battle_battle_of_lod_nice_1179","name":"Battle of Loděnice","kind":"military","start_year":1179,"end_year":1179,"subtype":"battle"}},{"type":"Feature","geometry":{"type":"Point","coordinates":[9.55,54.3333]},"properties":{"id":"battle_battle_of_lohede_1261","name":"Battle of Lohede","kind":"military","start_year":1261,"end_year":1261,"subtype":"battle"}},{"type":"Feature","geometry":{"type":"Point","coordinates":[3.9833,51.1]},"properties":{"id":"battle_battle_of_lokeren_1452","name":"Battle of Lokeren","kind":"military","start_year":1452,"end_year":1452,"subtype":"battle"}},{"type":"Feature","geometry":{"type":"Point","coordinates":[-1.7,37.6833]},"properties":{"id":"battle_battle_of_lorca_1042","name":"Battle of Lorca","kind":"military","start_year":1042,"end_year":1042,"subtype":"battle"}},{"type":"Feature","geometry":{"type":"Point","coordinates":[-0.5361,52.6861]},"properties":{"id":"battle_battle_of_losecoat_field_1470","name":"Battle of Losecoat Field","kind":"military","start_year":1470,"end_year":1470,"subtype":"battle"}},{"type":"Feature","geometry":{"type":"Point","coordinates":[-1.7,37.6833]},"properties":{"id":"battle_battle_of_los_alporchones_1452","name":"Battle of Los Alporchones","kind":"military","start_year":1452,"end_year":1452,"subtype":"battle"}},{"type":"Feature","geometry":{"type":"Point","coordinates":[-4.2107,55.6093]},"properties":{"id":"battle_battle_of_loudoun_hill_1307","name":"Battle of Loudoun Hill","kind":"military","start_year":1307,"end_year":1307,"subtype":"battle"}},{"type":"Feature","geometry":{"type":"Point","coordinates":[-4.0774,51.6622]},"properties":{"id":"battle_battle_of_loughor_castle_1215","name":"Battle of Loughor Castle","kind":"military","start_year":1215,"end_year":1215,"subtype":"battle"}},{"type":"Feature","geometry":{"type":"Point","coordinates":[-9.0662,53.1264]},"properties":{"id":"battle_battle_of_lough_raska_1317","name":"Battle of Lough Raska","kind":"military","start_year":1317,"end_year":1317,"subtype":"battle"}},{"type":"Feature","geometry":{"type":"Point","coordinates":[14.535,52.4261]},"properties":{"id":"battle_battle_of_lubuszem_1209_1209","name":"Battle of Lubuszem (1209)","kind":"military","start_year":1209,"end_year":1209,"subtype":"battle"}},{"type":"Feature","geometry":{"type":"Point","coordinates":[-4.4853,37.4089]},"properties":{"id":"battle_battle_of_lucena_1483","name":"Battle of Lucena","kind":"military","start_year":1483,"end_year":1483,"subtype":"battle"}},{"type":"Feature","geometry":{"type":"Point","coordinates":[12.3353,51.095]},"properties":{"id":"battle_battle_of_lucka_1307","name":"Battle of Lucka","kind":"military","start_year":1307,"end_year":1307,"subtype":"battle"}},{"type":"Feature","geometry":{"type":"Point","coordinates":[9.1167,39.2167]},"properties":{"id":"battle_battle_of_lucocisterna_1324","name":"Battle of Lucocisterna","kind":"military","start_year":1324,"end_year":1324,"subtype":"battle"}},{"type":"Feature","geometry":{"type":"Point","coordinates":[4.0818,49.6113]},"properties":{"id":"battle_battle_of_lucofao_679","name":"Battle of Lucofao","kind":"military","start_year":679,"end_year":679,"subtype":"battle"}},{"type":"Feature","geometry":{"type":"Point","coordinates":[-2.7189,52.3638]},"properties":{"id":"battle_battle_of_ludford_bridge_1459","name":"Battle of Ludford Bridge","kind":"military","start_year":1459,"end_year":1459,"subtype":"battle"}},{"type":"Feature","geometry":{"type":"Point","coordinates":[-2.7037,57.1197]},"properties":{"id":"battle_battle_of_lumphanan_1057","name":"Battle of Lumphanan","kind":"military","start_year":1057,"end_year":1057,"subtype":"battle"}},{"type":"Feature","geometry":{"type":"Point","coordinates":[0.1697,46.1308]},"properties":{"id":"battle_battle_of_lunalonge_1349","name":"Battle of Lunalonge","kind":"military","start_year":1349,"end_year":1349,"subtype":"battle"}},{"type":"Feature","geometry":{"type":"Point","coordinates":[10.017,44.064]},"properties":{"id":"battle_battle_of_luni_1016","name":"Battle of Luni","kind":"military","start_year":1016,"end_year":1016,"subtype":"battle"}},{"type":"Feature","geometry":{"type":"Point","coordinates":[13.2158,50.0801]},"properties":{"id":"battle_battle_of_lutice_1421","name":"Battle of Žlutice","kind":"military","start_year":1421,"end_year":1421,"subtype":"battle"}},{"type":"Feature","geometry":{"type":"Point","coordinates":[-6.4167,43.3333]},"properties":{"id":"battle_battle_of_lutos_794","name":"Battle of Lutos","kind":"military","start_year":794,"end_year":794,"subtype":"battle"}},{"type":"Feature","geometry":{"type":"Point","coordinates":[19.6708,48.3314]},"properties":{"id":"battle_battle_of_lu_enec_1451","name":"Battle of Lučenec","kind":"military","start_year":1451,"end_year":1451,"subtype":"battle"}},{"type":"Feature","geometry":{"type":"Point","coordinates":[24.7394,59.4353]},"properties":{"id":"battle_battle_of_lyndanisse_1219","name":"Battle of Lyndanisse","kind":"military","start_year":1219,"end_year":1219,"subtype":"battle"}},{"type":"Feature","geometry":{"type":"Point","coordinates":[9.4667,54.55]},"properties":{"id":"battle_battle_of_lyrskov_heath_1043","name":"Battle of Lyrskov Heath","kind":"military","start_year":1043,"end_year":1043,"subtype":"battle"}},{"type":"Feature","geometry":{"type":"Point","coordinates":[19.75,53.5]},"properties":{"id":"battle_battle_of_l_bau_1263","name":"Battle of Löbau","kind":"military","start_year":1263,"end_year":1263,"subtype":"battle"}},{"type":"Feature","geometry":{"type":"Point","coordinates":[3.5,51.35]},"properties":{"id":"battle_battle_of_l_cluse_1385","name":"Battle of L'Écluse","kind":"military","start_year":1385,"end_year":1385,"subtype":"battle"}},{"type":"Feature","geometry":{"type":"Point","coordinates":[35.6517,33.5281]},"properties":{"id":"battle_battle_of_machghara_1217","name":"Battle of Machghara","kind":"military","start_year":1217,"end_year":1217,"subtype":"battle"}},{"type":"Feature","geometry":{"type":"Point","coordinates":[10.05,45.4833]},"properties":{"id":"battle_battle_of_maclodio_1427","name":"Battle of Maclodio","kind":"military","start_year":1427,"end_year":1427,"subtype":"battle"}},{"type":"Feature","geometry":{"type":"Point","coordinates":[8.7833,40.2667]},"properties":{"id":"battle_battle_of_macomer_1478","name":"Battle of Macomer","kind":"military","start_year":1478,"end_year":1478,"subtype":"battle"}},{"type":"Feature","geometry":{"type":"Point","coordinates":[127.0764,38.0942]},"properties":{"id":"battle_battle_of_maeso_675","name":"Battle of Maeso","kind":"military","start_year":675,"end_year":675,"subtype":"battle"}},{"type":"Feature","geometry":{"type":"Point","coordinates":[-3.16,52.24]},"properties":{"id":"battle_battle_of_maesyfed_1195","name":"Battle of Maesyfed","kind":"military","start_year":1195,"end_year":1195,"subtype":"battle"}},{"type":"Feature","geometry":{"type":"Point","coordinates":[-3.333,53.133]},"properties":{"id":"battle_battle_of_maes_maen_cymro_1118","name":"Battle of Maes Maen Cymro","kind":"military","start_year":1118,"end_year":1118,"subtype":"battle"}},{"type":"Feature","geometry":{"type":"Point","coordinates":[-3.324,52.649]},"properties":{"id":"battle_battle_of_maes_moydog_1295","name":"Battle of Maes Moydog","kind":"military","start_year":1295,"end_year":1295,"subtype":"battle"}},{"type":"Feature","geometry":{"type":"Point","coordinates":[-7.8167,54.1667]},"properties":{"id":"battle_battle_of_magh_slecht_1256","name":"Battle of Magh Slecht","kind":"military","start_year":1256,"end_year":1256,"subtype":"battle"}},{"type":"Feature","geometry":{"type":"Point","coordinates":[16.1833,48.6667]},"properties":{"id":"battle_battle_of_mailberg_1082","name":"Battle of Mailberg","kind":"military","start_year":1082,"end_year":1082,"subtype":"battle"}},{"type":"Feature","geometry":{"type":"Point","coordinates":[130.9655,32.7043]},"properties":{"id":"battle_battle_of_makadobaru_1485","name":"Battle of Makadobaru","kind":"military","start_year":1485,"end_year":1485,"subtype":"battle"}},{"type":"Feature","geometry":{"type":"Point","coordinates":[17.02,43.2931]},"properties":{"id":"battle_battle_of_makarska_887","name":"Battle of Makarska","kind":"military","start_year":887,"end_year":887,"subtype":"battle"}},{"type":"Feature","geometry":{"type":"Point","coordinates":[22,37.17]},"properties":{"id":"battle_battle_of_makryplagi_1263","name":"Battle of Makryplagi","kind":"military","start_year":1263,"end_year":1263,"subtype":"battle"}},{"type":"Feature","geometry":{"type":"Point","coordinates":[40.0222,39.9736]},"properties":{"id":"battle_battle_of_malatya_1473","name":"Battle of Malatya","kind":"military","start_year":1473,"end_year":1473,"subtype":"battle"}},{"type":"Feature","geometry":{"type":"Point","coordinates":[0.7008,51.7153]},"properties":{"id":"battle_battle_of_maldon_991","name":"Battle of Maldon","kind":"military","start_year":991,"end_year":991,"subtype":"battle"}},{"type":"Feature","geometry":{"type":"Point","coordinates":[1.55,45.1667]},"properties":{"id":"battle_battle_of_malemort_1177","name":"Battle of Malemort","kind":"military","start_year":1177,"end_year":1177,"subtype":"battle"}},{"type":"Feature","geometry":{"type":"Point","coordinates":[3.1333,39.9667]},"properties":{"id":"battle_battle_of_mallorca_813","name":"Battle of Mallorca","kind":"military","start_year":813,"end_year":813,"subtype":"battle"}},{"type":"Feature","geometry":{"type":"Point","coordinates":[14.5206,35.895]},"properties":{"id":"battle_battle_of_malta_1283","name":"Battle of Malta","kind":"military","start_year":1283,"end_year":1283,"subtype":"battle"}},{"type":"Feature","geometry":{"type":"Point","coordinates":[35.6195,36.9578]},"properties":{"id":"battle_battle_of_mamistra_1152","name":"Battle of Mamistra","kind":"military","start_year":1152,"end_year":1152,"subtype":"battle"}},{"type":"Feature","geometry":{"type":"Point","coordinates":[6.4686,35.4842]},"properties":{"id":"battle_battle_of_mamma_688","name":"Battle of Mamma","kind":"military","start_year":688,"end_year":688,"subtype":"battle"}},{"type":"Feature","geometry":{"type":"Point","coordinates":[9.7833,35.8]},"properties":{"id":"battle_battle_of_mammes_534","name":"Battle of Mammes","kind":"military","start_year":534,"end_year":534,"subtype":"battle"}},{"type":"Feature","geometry":{"type":"Point","coordinates":[-4.428,57.597]},"properties":{"id":"battle_battle_of_mam_garvia_1187","name":"Battle of Mam Garvia","kind":"military","start_year":1187,"end_year":1187,"subtype":"battle"}},{"type":"Feature","geometry":{"type":"Point","coordinates":[37.95,36.5333]},"properties":{"id":"battle_battle_of_manbij_1108","name":"Battle of Manbij","kind":"military","start_year":1108,"end_year":1108,"subtype":"battle"}},{"type":"Feature","geometry":{"type":"Point","coordinates":[75.4158,22.3353]},"properties":{"id":"battle_battle_of_mandavgad_1437","name":"Battle of Mandavgad","kind":"military","start_year":1437,"end_year":1437,"subtype":"battle"}},{"type":"Feature","geometry":{"type":"Point","coordinates":[27.4264,38.6119]},"properties":{"id":"battle_battle_of_manisa_1416","name":"Battle of Manisa","kind":"military","start_year":1416,"end_year":1416,"subtype":"battle"}},{"type":"Feature","geometry":{"type":"Point","coordinates":[31.3826,31.0456]},"properties":{"id":"battle_battle_of_mansurah_1250","name":"Battle of Mansurah","kind":"military","start_year":1250,"end_year":1250,"subtype":"battle"}},{"type":"Feature","geometry":{"type":"Point","coordinates":[12.4885,32.7933]},"properties":{"id":"battle_battle_of_manu_896","name":"Battle of Manu","kind":"military","start_year":896,"end_year":896,"subtype":"battle"}},{"type":"Feature","geometry":{"type":"Point","coordinates":[36.9453,37.5875]},"properties":{"id":"battle_battle_of_marash_694","name":"Battle of Marash","kind":"military","start_year":694,"end_year":694,"subtype":"battle"}},{"type":"Feature","geometry":{"type":"Point","coordinates":[26.8965,42.6376]},"properties":{"id":"battle_battle_of_marcellae_756","name":"Battle of Marcellae","kind":"military","start_year":756,"end_year":756,"subtype":"battle"}},{"type":"Feature","geometry":{"type":"Point","coordinates":[1.3956,47.8243]},"properties":{"id":"battle_battle_of_marchenoir_1427","name":"Battle of Marchenoir","kind":"military","start_year":1427,"end_year":1427,"subtype":"battle"}},{"type":"Feature","geometry":{"type":"Point","coordinates":[2.22,51.29]},"properties":{"id":"battle_battle_of_margate_1387","name":"Battle of Margate","kind":"military","start_year":1387,"end_year":1387,"subtype":"battle"}},{"type":"Feature","geometry":{"type":"Point","coordinates":[19.0278,54.0397]},"properties":{"id":"battle_battle_of_marienburg_1422","name":"Battle of Marienburg","kind":"military","start_year":1422,"end_year":1422,"subtype":"battle"}},{"type":"Feature","geometry":{"type":"Point","coordinates":[12.6667,41.7667]},"properties":{"id":"battle_battle_of_marino_1379","name":"Battle of Marino","kind":"military","start_year":1379,"end_year":1379,"subtype":"battle"}},{"type":"Feature","geometry":{"type":"Point","coordinates":[26.035,40.7306]},"properties":{"id":"battle_battle_of_maritsa_1371","name":"Battle of Maritsa","kind":"military","start_year":1371,"end_year":1371,"subtype":"battle"}},{"type":"Feature","geometry":{"type":"Point","coordinates":[36.3642,36.5314]},"properties":{"id":"battle_battle_of_mari_1266","name":"Battle of Mari","kind":"military","start_year":1266,"end_year":1266,"subtype":"battle"}},{"type":"Feature","geometry":{"type":"Point","coordinates":[36.1,35.25]},"properties":{"id":"battle_battle_of_marj_al_dibaj_634","name":"Battle of Marj al-Dibaj","kind":"military","start_year":634,"end_year":634,"subtype":"battle"}},{"type":"Feature","geometry":{"type":"Point","coordinates":[36.5,33.6]},"properties":{"id":"battle_battle_of_marj_al_rahit_684","name":"Battle of Marj al-Rahit","kind":"military","start_year":684,"end_year":684,"subtype":"battle"}},{"type":"Feature","geometry":{"type":"Point","coordinates":[36.2482,33.3608]},"properties":{"id":"battle_battle_of_marj_al_saffar_1303","name":"Battle of Marj al-Saffar","kind":"military","start_year":1303,"end_year":1303,"subtype":"battle"}},{"type":"Feature","geometry":{"type":"Point","coordinates":[48.3,38.25]},"properties":{"id":"battle_battle_of_marj_ardabil_730","name":"Battle of Marj Ardabil","kind":"military","start_year":730,"end_year":730,"subtype":"battle"}},{"type":"Feature","geometry":{"type":"Point","coordinates":[36.5176,33.6039]},"properties":{"id":"battle_battle_of_marj_rahit_634","name":"Battle of Marj Rahit","kind":"military","start_year":634,"end_year":634,"subtype":"battle"}},{"type":"Feature","geometry":{"type":"Point","coordinates":[5.3764,43.2967]},"properties":{"id":"battle_battle_of_marseille_nice_1451","name":"Battle of Marseille–Nice","kind":"military","start_year":1451,"end_year":1451,"subtype":"battle"}},{"type":"Feature","geometry":{"type":"Point","coordinates":[10.2861,33.6178]},"properties":{"id":"battle_battle_of_marta_547","name":"Battle of Marta","kind":"military","start_year":547,"end_year":547,"subtype":"battle"}},{"type":"Feature","geometry":{"type":"Point","coordinates":[-2.4167,53.8333]},"properties":{"id":"battle_battle_of_marton_871","name":"Battle of Marton","kind":"military","start_year":871,"end_year":871,"subtype":"battle"}},{"type":"Feature","geometry":{"type":"Point","coordinates":[1.927,41.468]},"properties":{"id":"battle_battle_of_martorell_1114","name":"Battle of Martorell","kind":"military","start_year":1114,"end_year":1114,"subtype":"battle"}},{"type":"Feature","geometry":{"type":"Point","coordinates":[-3.95,37.7667]},"properties":{"id":"battle_battle_of_martos_1275","name":"Battle of Martos","kind":"military","start_year":1275,"end_year":1275,"subtype":"battle"}},{"type":"Feature","geometry":{"type":"Point","coordinates":[41.0014,38.1422]},"properties":{"id":"battle_battle_of_martyropolis_588","name":"Battle of Martyropolis","kind":"military","start_year":588,"end_year":588,"subtype":"battle"}},{"type":"Feature","geometry":{"type":"Point","coordinates":[-3.054,52.86]},"properties":{"id":"battle_battle_of_maserfield_642","name":"Battle of Maserfield","kind":"military","start_year":642,"end_year":642,"subtype":"battle"}},{"type":"Feature","geometry":{"type":"Point","coordinates":[44.24,33.8233]},"properties":{"id":"battle_battle_of_maskin_691","name":"Battle of Maskin","kind":"military","start_year":691,"end_year":691,"subtype":"battle"}},{"type":"Feature","geometry":{"type":"Point","coordinates":[-2.2623,48.089]},"properties":{"id":"battle_battle_of_mauron_1352","name":"Battle of Mauron","kind":"military","start_year":1352,"end_year":1352,"subtype":"battle"}},{"type":"Feature","geometry":{"type":"Point","coordinates":[35,39]},"properties":{"id":"battle_battle_of_mauropotamos_844","name":"Battle of Mauropotamos","kind":"military","start_year":844,"end_year":844,"subtype":"battle"}},{"type":"Feature","geometry":{"type":"Point","coordinates":[12.5875,37.6517]},"properties":{"id":"battle_battle_of_mazara_del_vallo_827","name":"Battle of Mazara del Vallo","kind":"military","start_year":827,"end_year":827,"subtype":"battle"}},{"type":"Feature","geometry":{"type":"Point","coordinates":[13.6432,49.328]},"properties":{"id":"battle_battle_of_ma_ym_borem_1420","name":"Battle of Małym Borem","kind":"military","start_year":1420,"end_year":1420,"subtype":"battle"}},{"type":"Feature","geometry":{"type":"Point","coordinates":[39.8261,21.4225]},"properties":{"id":"battle_battle_of_mecca_883_883","name":"Battle of Mecca (883)","kind":"military","start_year":883,"end_year":883,"subtype":"battle"}},{"type":"Feature","geometry":{"type":"Point","coordinates":[-3.204,52.776]},"properties":{"id":"battle_battle_of_mechain_1069","name":"Battle of Mechain","kind":"military","start_year":1069,"end_year":1069,"subtype":"battle"}},{"type":"Feature","geometry":{"type":"Point","coordinates":[-3.7079,37.2375]},"properties":{"id":"battle_battle_of_medina_elvira_899","name":"Battle of Medina Elvira","kind":"military","start_year":899,"end_year":899,"subtype":"battle"}},{"type":"Feature","geometry":{"type":"Point","coordinates":[22.37,55.74]},"properties":{"id":"battle_battle_of_medininkai_1320","name":"Battle of Medininkai","kind":"military","start_year":1320,"end_year":1320,"subtype":"battle"}},{"type":"Feature","geometry":{"type":"Point","coordinates":[57,37]},"properties":{"id":"battle_battle_of_megara_1359","name":"Battle of Megara","kind":"military","start_year":1359,"end_year":1359,"subtype":"battle"}},{"type":"Feature","geometry":{"type":"Point","coordinates":[28.33,41]},"properties":{"id":"battle_battle_of_melantias_559","name":"Battle of Melantias","kind":"military","start_year":559,"end_year":559,"subtype":"battle"}},{"type":"Feature","geometry":{"type":"Point","coordinates":[15.2832,49.6631]},"properties":{"id":"battle_battle_of_melechov_1420","name":"Battle of Melechov","kind":"military","start_year":1420,"end_year":1420,"subtype":"battle"}},{"type":"Feature","geometry":{"type":"Point","coordinates":[38.3656,38.4228]},"properties":{"id":"battle_battle_of_melitene_576","name":"Battle of Melitene","kind":"military","start_year":576,"end_year":576,"subtype":"battle"}},{"type":"Feature","geometry":{"type":"Point","coordinates":[2.8878,48.9594]},"properties":{"id":"battle_battle_of_mello_1358","name":"Battle of Mello","kind":"military","start_year":1358,"end_year":1358,"subtype":"battle"}},{"type":"Feature","geometry":{"type":"Point","coordinates":[10.3027,50.4278]},"properties":{"id":"battle_battle_of_mellrichstadt_1078","name":"Battle of Mellrichstadt","kind":"military","start_year":1078,"end_year":1078,"subtype":"battle"}},{"type":"Feature","geometry":{"type":"Point","coordinates":[9.9756,43.3172]},"properties":{"id":"battle_battle_of_meloria_1284","name":"Battle of Meloria","kind":"military","start_year":1284,"end_year":1284,"subtype":"battle"}},{"type":"Feature","geometry":{"type":"Point","coordinates":[-2.7167,55.5833]},"properties":{"id":"battle_battle_of_melrose_1378","name":"Battle of Melrose","kind":"military","start_year":1378,"end_year":1378,"subtype":"battle"}},{"type":"Feature","geometry":{"type":"Point","coordinates":[21.1333,55.7]},"properties":{"id":"battle_battle_of_memel_1257","name":"Battle of Memel","kind":"military","start_year":1257,"end_year":1257,"subtype":"battle"}},{"type":"Feature","geometry":{"type":"Point","coordinates":[25.4167,57.5]},"properties":{"id":"battle_battle_of_mera_1210","name":"Battle of Ümera","kind":"military","start_year":1210,"end_year":1210,"subtype":"battle"}},{"type":"Feature","geometry":{"type":"Point","coordinates":[35.4644,40.8717]},"properties":{"id":"battle_battle_of_mersivan_1101","name":"Battle of Mersivan","kind":"military","start_year":1101,"end_year":1101,"subtype":"battle"}},{"type":"Feature","geometry":{"type":"Point","coordinates":[27.7247,42.6595]},"properties":{"id":"battle_battle_of_mesembria_814","name":"Battle of Mesembria","kind":"military","start_year":814,"end_year":814,"subtype":"battle"}},{"type":"Feature","geometry":{"type":"Point","coordinates":[7.3489,35.5722]},"properties":{"id":"battle_battle_of_meskiana_698","name":"Battle of Meskiana","kind":"military","start_year":698,"end_year":698,"subtype":"battle"}},{"type":"Feature","geometry":{"type":"Point","coordinates":[-1.8239,47.8256]},"properties":{"id":"battle_battle_of_messac_843","name":"Battle of Messac","kind":"military","start_year":843,"end_year":843,"subtype":"battle"}},{"type":"Feature","geometry":{"type":"Point","coordinates":[25.3253,41.1286]},"properties":{"id":"battle_battle_of_messinopolis_1207","name":"Battle of Messinopolis","kind":"military","start_year":1207,"end_year":1207,"subtype":"battle"}},{"type":"Feature","geometry":{"type":"Point","coordinates":[-3.582,56.4201]},"properties":{"id":"battle_battle_of_methven_1306","name":"Battle of Methven","kind":"military","start_year":1306,"end_year":1306,"subtype":"battle"}},{"type":"Feature","geometry":{"type":"Point","coordinates":[36.2583,33.5031]},"properties":{"id":"battle_battle_of_mezzeh_1148","name":"Battle of Mezzeh","kind":"military","start_year":1148,"end_year":1148,"subtype":"battle"}},{"type":"Feature","geometry":{"type":"Point","coordinates":[20.5275,41.525]},"properties":{"id":"battle_battle_of_me_ad_1465","name":"Battle of Meçad","kind":"military","start_year":1465,"end_year":1465,"subtype":"battle"}},{"type":"Feature","geometry":{"type":"Point","coordinates":[5.5439,53.1717]},"properties":{"id":"battle_battle_of_miedum_1419","name":"Battle of Miedum","kind":"military","start_year":1419,"end_year":1419,"subtype":"battle"}},{"type":"Feature","geometry":{"type":"Point","coordinates":[135.0224,34.9467]},"properties":{"id":"battle_battle_of_mikusayama_1184","name":"Battle of Mikusayama","kind":"military","start_year":1184,"end_year":1184,"subtype":"battle"}},{"type":"Feature","geometry":{"type":"Point","coordinates":[15.237,38.217]},"properties":{"id":"battle_battle_of_milazzo_888","name":"Battle of Milazzo","kind":"military","start_year":888,"end_year":888,"subtype":"battle"}},{"type":"Feature","geometry":{"type":"Point","coordinates":[-5.0427,51.7142]},"properties":{"id":"battle_battle_of_milford_haven_1405","name":"Battle of Milford Haven","kind":"military","start_year":1405,"end_year":1405,"subtype":"battle"}},{"type":"Feature","geometry":{"type":"Point","coordinates":[135.1659,34.68]},"properties":{"id":"battle_battle_of_minatogawa_1336","name":"Battle of Minatogawa","kind":"military","start_year":1336,"end_year":1336,"subtype":"battle"}},{"type":"Feature","geometry":{"type":"Point","coordinates":[41.7465,37.3381]},"properties":{"id":"battle_battle_of_mindouos_528","name":"Battle of Mindouos","kind":"military","start_year":528,"end_year":528,"subtype":"battle"}},{"type":"Feature","geometry":{"type":"Point","coordinates":[0.1817,46.7853]},"properties":{"id":"battle_battle_of_mirebeau_1202","name":"Battle of Mirebeau","kind":"military","start_year":1202,"end_year":1202,"subtype":"battle"}},{"type":"Feature","geometry":{"type":"Point","coordinates":[13.45,38.0333]},"properties":{"id":"battle_battle_of_misilmeri_1068","name":"Battle of Misilmeri","kind":"military","start_year":1068,"end_year":1068,"subtype":"battle"}},{"type":"Feature","geometry":{"type":"Point","coordinates":[-0.4,39.4667]},"properties":{"id":"battle_battle_of_mislata_1348","name":"Battle of Mislata","kind":"military","start_year":1348,"end_year":1348,"subtype":"battle"}},{"type":"Feature","geometry":{"type":"Point","coordinates":[133.6667,34.4167]},"properties":{"id":"battle_battle_of_mizushima_1183","name":"Battle of Mizushima","kind":"military","start_year":1183,"end_year":1183,"subtype":"battle"}},{"type":"Feature","geometry":{"type":"Point","coordinates":[14.8183,49.5343]},"properties":{"id":"battle_battle_of_mlad_vo_ice_1420","name":"Battle of Mladá Vožice","kind":"military","start_year":1420,"end_year":1420,"subtype":"battle"}},{"type":"Feature","geometry":{"type":"Point","coordinates":[-3.7861,37.3389]},"properties":{"id":"battle_battle_of_mocl_n_1280","name":"Battle of Moclín","kind":"military","start_year":1280,"end_year":1280,"subtype":"battle"}},{"type":"Feature","geometry":{"type":"Point","coordinates":[21.7069,36.8217]},"properties":{"id":"battle_battle_of_modon_1403","name":"Battle of Modon","kind":"military","start_year":1403,"end_year":1403,"subtype":"battle"}},{"type":"Feature","geometry":{"type":"Point","coordinates":[43.7817,42.1958]},"properties":{"id":"battle_battle_of_moghrisi_980","name":"Battle of Moghrisi","kind":"military","start_year":980,"end_year":980,"subtype":"battle"}},{"type":"Feature","geometry":{"type":"Point","coordinates":[-6.23,54.48]},"properties":{"id":"battle_battle_of_moira_637","name":"Battle of Moira","kind":"military","start_year":637,"end_year":637,"subtype":"battle"}},{"type":"Feature","geometry":{"type":"Point","coordinates":[-6.37,54.08]},"properties":{"id":"battle_battle_of_moiry_pass_1315","name":"Battle of Moiry Pass","kind":"military","start_year":1315,"end_year":1315,"subtype":"battle"}},{"type":"Feature","geometry":{"type":"Point","coordinates":[21.4053,41.7042]},"properties":{"id":"battle_battle_of_mokra_1445","name":"Battle of Mokra","kind":"military","start_year":1445,"end_year":1445,"subtype":"battle"}},{"type":"Feature","geometry":{"type":"Point","coordinates":[-3.1451,53.1709]},"properties":{"id":"battle_battle_of_mold_castle_1199","name":"Battle of Mold Castle","kind":"military","start_year":1199,"end_year":1199,"subtype":"battle"}},{"type":"Feature","geometry":{"type":"Point","coordinates":[11.6667,44.6167]},"properties":{"id":"battle_battle_of_molinella_1467","name":"Battle of Molinella","kind":"military","start_year":1467,"end_year":1467,"subtype":"battle"}},{"type":"Feature","geometry":{"type":"Point","coordinates":[0.8961,41.6317]},"properties":{"id":"battle_battle_of_mollerussa_1102","name":"Battle of Mollerussa","kind":"military","start_year":1102,"end_year":1102,"subtype":"battle"}},{"type":"Feature","geometry":{"type":"Point","coordinates":[-2.725,51.813]},"properties":{"id":"battle_battle_of_monmouth_1233","name":"Battle of Monmouth","kind":"military","start_year":1233,"end_year":1233,"subtype":"battle"}},{"type":"Feature","geometry":{"type":"Point","coordinates":[3.1022,50.4794]},"properties":{"id":"battle_battle_of_mons_en_p_v_le_1304","name":"Battle of Mons-en-Pévèle","kind":"military","start_year":1304,"end_year":1304,"subtype":"battle"}},{"type":"Feature","geometry":{"type":"Point","coordinates":[1.6617,50.0757]},"properties":{"id":"battle_battle_of_mons_en_vimeu_1421","name":"Battle of Mons-en-Vimeu","kind":"military","start_year":1421,"end_year":1421,"subtype":"battle"}},{"type":"Feature","geometry":{"type":"Point","coordinates":[14.5,40.65]},"properties":{"id":"battle_battle_of_mons_lactarius_552","name":"Battle of Mons Lactarius","kind":"military","start_year":552,"end_year":552,"subtype":"battle"}},{"type":"Feature","geometry":{"type":"Point","coordinates":[11.4394,43.3153]},"properties":{"id":"battle_battle_of_montaperti_1260","name":"Battle of Montaperti","kind":"military","start_year":1260,"end_year":1260,"subtype":"battle"}},{"type":"Feature","geometry":{"type":"Point","coordinates":[-0.8533,40.4367]},"properties":{"id":"battle_battle_of_monteagudo_1190","name":"Battle of Monteagudo","kind":"military","start_year":1190,"end_year":1190,"subtype":"battle"}},{"type":"Feature","geometry":{"type":"Point","coordinates":[7.3744,44.8372]},"properties":{"id":"battle_battle_of_montebruno_1255","name":"Battle of Montebruno","kind":"military","start_year":1255,"end_year":1255,"subtype":"battle"}},{"type":"Feature","geometry":{"type":"Point","coordinates":[10.7711,43.8828]},"properties":{"id":"battle_battle_of_montecatini_1315","name":"Battle of Montecatini","kind":"military","start_year":1315,"end_year":1315,"subtype":"battle"}},{"type":"Feature","geometry":{"type":"Point","coordinates":[-7.327,43.0858]},"properties":{"id":"battle_battle_of_montecubeiro_774","name":"Battle of Montecubeiro","kind":"military","start_year":774,"end_year":774,"subtype":"battle"}},{"type":"Feature","geometry":{"type":"Point","coordinates":[16.2167,41.35]},"properties":{"id":"battle_battle_of_montemaggiore_1041","name":"Battle of Montemaggiore","kind":"military","start_year":1041,"end_year":1041,"subtype":"battle"}},{"type":"Feature","geometry":{"type":"Point","coordinates":[5.1344,50.7222]},"properties":{"id":"battle_battle_of_montenaken_1465","name":"Battle of Montenaken","kind":"military","start_year":1465,"end_year":1465,"subtype":"battle"}},{"type":"Feature","geometry":{"type":"Point","coordinates":[16.2333,40.75]},"properties":{"id":"battle_battle_of_montepeloso_1041","name":"Battle of Montepeloso","kind":"military","start_year":1041,"end_year":1041,"subtype":"battle"}},{"type":"Feature","geometry":{"type":"Point","coordinates":[-2.7,42.5833]},"properties":{"id":"battle_battle_of_monte_laturce_859","name":"Battle of Monte Laturce","kind":"military","start_year":859,"end_year":859,"subtype":"battle"}},{"type":"Feature","geometry":{"type":"Point","coordinates":[12.7165,41.818]},"properties":{"id":"battle_battle_of_monte_porzio_1167","name":"Battle of Monte Porzio","kind":"military","start_year":1167,"end_year":1167,"subtype":"battle"}},{"type":"Feature","geometry":{"type":"Point","coordinates":[5.137,49.2716]},"properties":{"id":"battle_battle_of_montfaucon_882","name":"Battle of Montfaucon","kind":"military","start_year":882,"end_year":882,"subtype":"battle"}},{"type":"Feature","geometry":{"type":"Point","coordinates":[34.92,31.86]},"properties":{"id":"battle_battle_of_montgisard_1177","name":"Battle of Montgisard","kind":"military","start_year":1177,"end_year":1177,"subtype":"battle"}},{"type":"Feature","geometry":{"type":"Point","coordinates":[10.3917,45.4161]},"properties":{"id":"battle_battle_of_montichiari_1373","name":"Battle of Montichiari","kind":"military","start_year":1373,"end_year":1373,"subtype":"battle"}},{"type":"Feature","geometry":{"type":"Point","coordinates":[-4,39]},"properties":{"id":"battle_battle_of_montiel_1143","name":"Battle of Montiel","kind":"military","start_year":1143,"end_year":1143,"subtype":"battle"}},{"type":"Feature","geometry":{"type":"Point","coordinates":[1.9422,43.5094]},"properties":{"id":"battle_battle_of_montju_i_1411","name":"Battle of Montjuèi","kind":"military","start_year":1411,"end_year":1411,"subtype":"battle"}},{"type":"Feature","geometry":{"type":"Point","coordinates":[2.2722,48.6386]},"properties":{"id":"battle_battle_of_montlh_ry_1465","name":"Battle of Montlhéry","kind":"military","start_year":1465,"end_year":1465,"subtype":"battle"}},{"type":"Feature","geometry":{"type":"Point","coordinates":[-1.8667,48.2878]},"properties":{"id":"battle_battle_of_montmuran_1354","name":"Battle of Montmuran","kind":"military","start_year":1354,"end_year":1354,"subtype":"battle"}},{"type":"Feature","geometry":{"type":"Point","coordinates":[11.7669,42.7417]},"properties":{"id":"battle_battle_of_montorio_1486","name":"Battle of Montorio","kind":"military","start_year":1486,"end_year":1486,"subtype":"battle"}},{"type":"Feature","geometry":{"type":"Point","coordinates":[2.267,41.5444]},"properties":{"id":"battle_battle_of_montorn_s_1485","name":"Battle of Montornès","kind":"military","start_year":1485,"end_year":1485,"subtype":"battle"}},{"type":"Feature","geometry":{"type":"Point","coordinates":[26.345,41.7608]},"properties":{"id":"battle_battle_of_mont_hemus_1306","name":"Battle of Mont Hemus","kind":"military","start_year":1306,"end_year":1306,"subtype":"battle"}},{"type":"Feature","geometry":{"type":"Point","coordinates":[2.6999,49.1539]},"properties":{"id":"battle_battle_of_mont_pilloy_1429","name":"Battle of Montépilloy","kind":"military","start_year":1429,"end_year":1429,"subtype":"battle"}},{"type":"Feature","geometry":{"type":"Point","coordinates":[7.1167,46.9333]},"properties":{"id":"battle_battle_of_morat_1476","name":"Battle of Morat","kind":"military","start_year":1476,"end_year":1476,"subtype":"battle"}},{"type":"Feature","geometry":{"type":"Point","coordinates":[-0.1,40.6167]},"properties":{"id":"battle_battle_of_morella_1084","name":"Battle of Morella","kind":"military","start_year":1084,"end_year":1084,"subtype":"battle"}},{"type":"Feature","geometry":{"type":"Point","coordinates":[8.633,47.09]},"properties":{"id":"battle_battle_of_morgarten_1315","name":"Battle of Morgarten","kind":"military","start_year":1315,"end_year":1315,"subtype":"battle"}},{"type":"Feature","geometry":{"type":"Point","coordinates":[-3.74,48.63]},"properties":{"id":"battle_battle_of_morlaix_1342","name":"Battle of Morlaix","kind":"military","start_year":1342,"end_year":1342,"subtype":"battle"}},{"type":"Feature","geometry":{"type":"Point","coordinates":[1.5511,49.7517]},"properties":{"id":"battle_battle_of_mortemer_1054","name":"Battle of Mortemer","kind":"military","start_year":1054,"end_year":1054,"subtype":"battle"}},{"type":"Feature","geometry":{"type":"Point","coordinates":[-2.75,52.0833]},"properties":{"id":"battle_battle_of_mortimer_s_cross_1461","name":"Battle of Mortimer's Cross","kind":"military","start_year":1461,"end_year":1461,"subtype":"battle"}},{"type":"Feature","geometry":{"type":"Point","coordinates":[-0.2667,39.6833]},"properties":{"id":"battle_battle_of_morvedre_1412","name":"Battle of Morvedre","kind":"military","start_year":1412,"end_year":1412,"subtype":"battle"}},{"type":"Feature","geometry":{"type":"Point","coordinates":[13.6335,50.5203]},"properties":{"id":"battle_battle_of_mostu_1248","name":"Battle of Mostu","kind":"military","start_year":1248,"end_year":1248,"subtype":"battle"}},{"type":"Feature","geometry":{"type":"Point","coordinates":[43.1167,36.3667]},"properties":{"id":"battle_battle_of_mosul_1107","name":"Battle of Mosul","kind":"military","start_year":1107,"end_year":1107,"subtype":"battle"}},{"type":"Feature","geometry":{"type":"Point","coordinates":[12.6086,45.7797]},"properties":{"id":"battle_battle_of_motta_1412","name":"Battle of Motta","kind":"military","start_year":1412,"end_year":1412,"subtype":"battle"}},{"type":"Feature","geometry":{"type":"Point","coordinates":[29.5264,40.1358]},"properties":{"id":"battle_battle_of_mount_armenia_1282","name":"Battle of Mount Armenia","kind":"military","start_year":1282,"end_year":1282,"subtype":"battle"}},{"type":"Feature","geometry":{"type":"Point","coordinates":[29.2173,37.6348]},"properties":{"id":"battle_battle_of_mount_cadmus_1148","name":"Battle of Mount Cadmus","kind":"military","start_year":1148,"end_year":1148,"subtype":"battle"}},{"type":"Feature","geometry":{"type":"Point","coordinates":[-7.3667,38.3333]},"properties":{"id":"battle_battle_of_mour_o_1477","name":"Battle of Mourão","kind":"military","start_year":1477,"end_year":1477,"subtype":"battle"}},{"type":"Feature","geometry":{"type":"Point","coordinates":[18.55,52.7]},"properties":{"id":"battle_battle_of_mozgawa_1195","name":"Battle of Mozgawa","kind":"military","start_year":1195,"end_year":1195,"subtype":"battle"}},{"type":"Feature","geometry":{"type":"Point","coordinates":[11.3833,43.95]},"properties":{"id":"battle_battle_of_mucellium_542","name":"Battle of Mucellium","kind":"military","start_year":542,"end_year":542,"subtype":"battle"}},{"type":"Feature","geometry":{"type":"Point","coordinates":[51,22.5]},"properties":{"id":"battle_battle_of_muhallam_and_sulaysil_1077","name":"Battle of Muhallam and Sulaysil","kind":"military","start_year":1077,"end_year":1077,"subtype":"battle"}},{"type":"Feature","geometry":{"type":"Point","coordinates":[23.1733,58.5825]},"properties":{"id":"battle_battle_of_muhu_1227","name":"Battle of Muhu","kind":"military","start_year":1227,"end_year":1227,"subtype":"battle"}},{"type":"Feature","geometry":{"type":"Point","coordinates":[-2.8472,43.3547]},"properties":{"id":"battle_battle_of_mungia_1471","name":"Battle of Mungia","kind":"military","start_year":1471,"end_year":1471,"subtype":"battle"}},{"type":"Feature","geometry":{"type":"Point","coordinates":[1.3267,43.4611]},"properties":{"id":"battle_battle_of_muret_1213","name":"Battle of Muret","kind":"military","start_year":1213,"end_year":1213,"subtype":"battle"}},{"type":"Feature","geometry":{"type":"Point","coordinates":[41.4911,38.7333]},"properties":{"id":"battle_battle_of_mush_1467","name":"Battle of Mush","kind":"military","start_year":1467,"end_year":1467,"subtype":"battle"}},{"type":"Feature","geometry":{"type":"Point","coordinates":[41.4911,38.7333]},"properties":{"id":"battle_battle_of_mu_1387","name":"Battle of Muş","kind":"military","start_year":1387,"end_year":1387,"subtype":"battle"}},{"type":"Feature","geometry":{"type":"Point","coordinates":[35.6972,31.0333]},"properties":{"id":"battle_battle_of_mu_tah_629","name":"Battle of Mu'tah","kind":"military","start_year":629,"end_year":629,"subtype":"battle"}},{"type":"Feature","geometry":{"type":"Point","coordinates":[-4.7603,51.7642]},"properties":{"id":"battle_battle_of_mynydd_carn_1081","name":"Battle of Mynydd Carn","kind":"military","start_year":1081,"end_year":1081,"subtype":"battle"}},{"type":"Feature","geometry":{"type":"Point","coordinates":[-3.797,52.506]},"properties":{"id":"battle_battle_of_mynydd_hyddgen_1401","name":"Battle of Mynydd Hyddgen","kind":"military","start_year":1401,"end_year":1401,"subtype":"battle"}},{"type":"Feature","geometry":{"type":"Point","coordinates":[31.9466,37.9107]},"properties":{"id":"battle_battle_of_myriokephalon_1176","name":"Battle of Myriokephalon","kind":"military","start_year":1176,"end_year":1176,"subtype":"battle"}},{"type":"Feature","geometry":{"type":"Point","coordinates":[22.3673,37.074]},"properties":{"id":"battle_battle_of_mystras_1464","name":"Battle of Mystras","kind":"military","start_year":1464,"end_year":1464,"subtype":"battle"}},{"type":"Feature","geometry":{"type":"Point","coordinates":[-1.3409,54.0956]},"properties":{"id":"battle_battle_of_myton_1319","name":"Battle of Myton","kind":"military","start_year":1319,"end_year":1319,"subtype":"battle"}},{"type":"Feature","geometry":{"type":"Point","coordinates":[14.8664,52.9247]},"properties":{"id":"battle_battle_of_my_lib_rz_1278","name":"Battle of Myślibórz","kind":"military","start_year":1278,"end_year":1278,"subtype":"battle"}},{"type":"Feature","geometry":{"type":"Point","coordinates":[12.5228,48.2456]},"properties":{"id":"battle_battle_of_m_hldorf_955","name":"Battle of Mühldorf","kind":"military","start_year":955,"end_year":955,"subtype":"battle"}},{"type":"Feature","geometry":{"type":"Point","coordinates":[-7.921,53.351]},"properties":{"id":"battle_battle_of_m_in_mh_r_1151","name":"Battle of Móin Mhór","kind":"military","start_year":1151,"end_year":1151,"subtype":"battle"}},{"type":"Feature","geometry":{"type":"Point","coordinates":[17.6344,47.6842]},"properties":{"id":"battle_battle_of_m_nf_1044","name":"Battle of Ménfő","kind":"military","start_year":1044,"end_year":1044,"subtype":"battle"}},{"type":"Feature","geometry":{"type":"Point","coordinates":[43.7842,34.5214]},"properties":{"id":"battle_battle_of_nahrawan_659","name":"Battle of Nahrawan","kind":"military","start_year":659,"end_year":659,"subtype":"battle"}},{"type":"Feature","geometry":{"type":"Point","coordinates":[44.5,31.583]},"properties":{"id":"battle_battle_of_nah_vand_642","name":"Battle of Nahāvand","kind":"military","start_year":642,"end_year":642,"subtype":"battle"}},{"type":"Feature","geometry":{"type":"Point","coordinates":[45.4122,39.2089]},"properties":{"id":"battle_battle_of_nakhchivan_1406","name":"Battle of Nakhchivan","kind":"military","start_year":1406,"end_year":1406,"subtype":"battle"}},{"type":"Feature","geometry":{"type":"Point","coordinates":[17.6,53.1417]},"properties":{"id":"battle_battle_of_nak_o_1109","name":"Battle of Nakło","kind":"military","start_year":1109,"end_year":1109,"subtype":"battle"}},{"type":"Feature","geometry":{"type":"Point","coordinates":[6.1813,48.6953]},"properties":{"id":"battle_battle_of_nancy_1476","name":"Battle of Nancy","kind":"military","start_year":1476,"end_year":1476,"subtype":"battle"}},{"type":"Feature","geometry":{"type":"Point","coordinates":[73.2359,32.728]},"properties":{"id":"battle_battle_of_nandana_1014","name":"Battle of Nandana","kind":"military","start_year":1014,"end_year":1014,"subtype":"battle"}},{"type":"Feature","geometry":{"type":"Point","coordinates":[-3.1275,52.6049]},"properties":{"id":"battle_battle_of_nantcriba_1263","name":"Battle of Nantcriba","kind":"military","start_year":1263,"end_year":1263,"subtype":"battle"}},{"type":"Feature","geometry":{"type":"Point","coordinates":[46.5463,24.6174]},"properties":{"id":"battle_battle_of_naqra_633","name":"Battle of Naqra","kind":"military","start_year":633,"end_year":633,"subtype":"battle"}},{"type":"Feature","geometry":{"type":"Point","coordinates":[3.0031,43.1843]},"properties":{"id":"battle_battle_of_narbonne_737","name":"Battle of Narbonne","kind":"military","start_year":737,"end_year":737,"subtype":"battle"}},{"type":"Feature","geometry":{"type":"Point","coordinates":[-3.8037,51.6651]},"properties":{"id":"battle_battle_of_neath_castle_1231","name":"Battle of Neath Castle","kind":"military","start_year":1231,"end_year":1231,"subtype":"battle"}},{"type":"Feature","geometry":{"type":"Point","coordinates":[13.2695,49.8558]},"properties":{"id":"battle_battle_of_nekm_1419","name":"Battle of Nekmíř","kind":"military","start_year":1419,"end_year":1419,"subtype":"battle"}},{"type":"Feature","geometry":{"type":"Point","coordinates":[22.2394,38.8722]},"properties":{"id":"battle_battle_of_neopatras_1270","name":"Battle of Neopatras","kind":"military","start_year":1270,"end_year":1270,"subtype":"battle"}},{"type":"Feature","geometry":{"type":"Point","coordinates":[-2.1741,55.4523]},"properties":{"id":"battle_battle_of_nesbit_moor_1355","name":"Battle of Nesbit Moor","kind":"military","start_year":1355,"end_year":1355,"subtype":"battle"}},{"type":"Feature","geometry":{"type":"Point","coordinates":[9.8272,58.9916]},"properties":{"id":"battle_battle_of_nesjar_1016","name":"Battle of Nesjar","kind":"military","start_year":1016,"end_year":1016,"subtype":"battle"}},{"type":"Feature","geometry":{"type":"Point","coordinates":[-1.3533,50.8742]},"properties":{"id":"battle_battle_of_netley_508","name":"Battle of Netley","kind":"military","start_year":508,"end_year":508,"subtype":"battle"}},{"type":"Feature","geometry":{"type":"Point","coordinates":[75.38,31.38]},"properties":{"id":"battle_battle_of_nettur_1188","name":"Battle of Nettur","kind":"military","start_year":1188,"end_year":1188,"subtype":"battle"}},{"type":"Feature","geometry":{"type":"Point","coordinates":[3.5321,50.9628]},"properties":{"id":"battle_battle_of_nevele_1381","name":"Battle of Nevele","kind":"military","start_year":1381,"end_year":1381,"subtype":"battle"}},{"type":"Feature","geometry":{"type":"Point","coordinates":[-1.5933,54.7725]},"properties":{"id":"battle_battle_of_neville_s_cross_1346","name":"Battle of Neville's Cross","kind":"military","start_year":1346,"end_year":1346,"subtype":"battle"}},{"type":"Feature","geometry":{"type":"Point","coordinates":[-2.3985,51.66]},"properties":{"id":"battle_battle_of_nibley_green_1469","name":"Battle of Nibley Green","kind":"military","start_year":1469,"end_year":1469,"subtype":"battle"}},{"type":"Feature","geometry":{"type":"Point","coordinates":[29.9175,40.7625]},"properties":{"id":"battle_battle_of_nicom_die_1182","name":"Battle of Nicomédie","kind":"military","start_year":1182,"end_year":1182,"subtype":"battle"}},{"type":"Feature","geometry":{"type":"Point","coordinates":[33.365,35.1725]},"properties":{"id":"battle_battle_of_nicosia_1229","name":"Battle of Nicosia","kind":"military","start_year":1229,"end_year":1229,"subtype":"battle"}},{"type":"Feature","geometry":{"type":"Point","coordinates":[15.9333,38.55]},"properties":{"id":"battle_battle_of_nicotera_1282","name":"Battle of Nicotera","kind":"military","start_year":1282,"end_year":1282,"subtype":"battle"}},{"type":"Feature","geometry":{"type":"Point","coordinates":[12.9363,43.5828]},"properties":{"id":"battle_battle_of_nidastore_1461","name":"Battle of Nidastore","kind":"military","start_year":1461,"end_year":1461,"subtype":"battle"}},{"type":"Feature","geometry":{"type":"Point","coordinates":[5.6706,51.7958]},"properties":{"id":"battle_battle_of_niftrik_1388","name":"Battle of Niftrik","kind":"military","start_year":1388,"end_year":1388,"subtype":"battle"}},{"type":"Feature","geometry":{"type":"Point","coordinates":[30.8536,30.4122]},"properties":{"id":"battle_battle_of_nikiou_646","name":"Battle of Nikiou","kind":"military","start_year":646,"end_year":646,"subtype":"battle"}},{"type":"Feature","geometry":{"type":"Point","coordinates":[43.1528,36.3594]},"properties":{"id":"battle_battle_of_nineveh_627","name":"Battle of Nineveh","kind":"military","start_year":627,"end_year":627,"subtype":"battle"}},{"type":"Feature","geometry":{"type":"Point","coordinates":[58.2124,37.9511]},"properties":{"id":"battle_battle_of_nisa_1035","name":"Battle of Nisa","kind":"military","start_year":1035,"end_year":1035,"subtype":"battle"}},{"type":"Feature","geometry":{"type":"Point","coordinates":[58.7958,36.2133]},"properties":{"id":"battle_battle_of_nishapur_652","name":"Battle of Nishapur","kind":"military","start_year":652,"end_year":652,"subtype":"battle"}},{"type":"Feature","geometry":{"type":"Point","coordinates":[41.2157,37.0753]},"properties":{"id":"battle_battle_of_nisibis_541","name":"Battle of Nisibis","kind":"military","start_year":541,"end_year":541,"subtype":"battle"}},{"type":"Feature","geometry":{"type":"Point","coordinates":[12.8108,56.6514]},"properties":{"id":"battle_battle_of_nis_1062","name":"Battle of Niså","kind":"military","start_year":1062,"end_year":1062,"subtype":"battle"}},{"type":"Feature","geometry":{"type":"Point","coordinates":[21.8961,43.3192]},"properties":{"id":"battle_battle_of_ni_1443","name":"Battle of Niš","kind":"military","start_year":1443,"end_year":1443,"subtype":"battle"}},{"type":"Feature","geometry":{"type":"Point","coordinates":[14.6416,40.7563]},"properties":{"id":"battle_battle_of_nocera_1132","name":"Battle of Nocera","kind":"military","start_year":1132,"end_year":1132,"subtype":"battle"}},{"type":"Feature","geometry":{"type":"Point","coordinates":[139.7081,36.2156]},"properties":{"id":"battle_battle_of_nogimiya_1183","name":"Battle of Nogimiya","kind":"military","start_year":1183,"end_year":1183,"subtype":"battle"}},{"type":"Feature","geometry":{"type":"Point","coordinates":[9.9253,56.0381]},"properties":{"id":"battle_battle_of_nonnebjerget_1340","name":"Battle of Nonnebjerget","kind":"military","start_year":1340,"end_year":1340,"subtype":"battle"}},{"type":"Feature","geometry":{"type":"Point","coordinates":[7.49,53.47]},"properties":{"id":"battle_battle_of_norditi_884","name":"Battle of Norditi","kind":"military","start_year":884,"end_year":884,"subtype":"battle"}},{"type":"Feature","geometry":{"type":"Point","coordinates":[5.3233,60.3925]},"properties":{"id":"battle_battle_of_nordnes_1181","name":"Battle of Nordnes","kind":"military","start_year":1181,"end_year":1181,"subtype":"battle"}},{"type":"Feature","geometry":{"type":"Point","coordinates":[-0.905,52.237]},"properties":{"id":"battle_battle_of_northampton_1264","name":"Battle of Northampton","kind":"military","start_year":1264,"end_year":1264,"subtype":"battle"}},{"type":"Feature","geometry":{"type":"Point","coordinates":[-4.2104,51.0393]},"properties":{"id":"battle_battle_of_northam_1068","name":"Battle of Northam","kind":"military","start_year":1068,"end_year":1068,"subtype":"battle"}},{"type":"Feature","geometry":{"type":"Point","coordinates":[1.3725,52.8042]},"properties":{"id":"battle_battle_of_north_walsham_1381","name":"Battle of North Walsham","kind":"military","start_year":1381,"end_year":1381,"subtype":"battle"}},{"type":"Feature","geometry":{"type":"Point","coordinates":[0.8809,47.371]},"properties":{"id":"battle_battle_of_nouy_1044","name":"Battle of Nouy","kind":"military","start_year":1044,"end_year":1044,"subtype":"battle"}},{"type":"Feature","geometry":{"type":"Point","coordinates":[9.19,45.4669]},"properties":{"id":"battle_battle_of_novara_1500","name":"Battle of Novara","kind":"military","start_year":1500,"end_year":1500,"subtype":"battle"}},{"type":"Feature","geometry":{"type":"Point","coordinates":[17.3167,50.4667]},"properties":{"id":"battle_battle_of_nysa_1428","name":"Battle of Nysa","kind":"military","start_year":1428,"end_year":1428,"subtype":"battle"}},{"type":"Feature","geometry":{"type":"Point","coordinates":[28.8861,61.8681]},"properties":{"id":"battle_battle_of_nyslott_1496","name":"Battle of Nyslott","kind":"military","start_year":1496,"end_year":1496,"subtype":"battle"}},{"type":"Feature","geometry":{"type":"Point","coordinates":[9.0661,47.1011]},"properties":{"id":"battle_battle_of_n_fels_1388","name":"Battle of Näfels","kind":"military","start_year":1388,"end_year":1388,"subtype":"battle"}},{"type":"Feature","geometry":{"type":"Point","coordinates":[-2.7,42.4275]},"properties":{"id":"battle_battle_of_n_jera_1367","name":"Battle of Nájera","kind":"military","start_year":1367,"end_year":1367,"subtype":"battle"}},{"type":"Feature","geometry":{"type":"Point","coordinates":[4.3601,43.8367]},"properties":{"id":"battle_battle_of_n_mes_736","name":"Battle of Nîmes","kind":"military","start_year":736,"end_year":736,"subtype":"battle"}},{"type":"Feature","geometry":{"type":"Point","coordinates":[13.1438,49.2957]},"properties":{"id":"battle_battle_of_n_rsk_1467","name":"Battle of Nýrsk","kind":"military","start_year":1467,"end_year":1467,"subtype":"battle"}},{"type":"Feature","geometry":{"type":"Point","coordinates":[11.89,55.57]},"properties":{"id":"battle_battle_of_n_stved_1259","name":"Battle of Næstved","kind":"military","start_year":1259,"end_year":1259,"subtype":"battle"}},{"type":"Feature","geometry":{"type":"Point","coordinates":[42.0669,38.6689]},"properties":{"id":"battle_battle_of_odzi_kaghak_602","name":"Battle of Odzi Kaghak","kind":"military","start_year":602,"end_year":602,"subtype":"battle"}},{"type":"Feature","geometry":{"type":"Point","coordinates":[20.8017,41.1169]},"properties":{"id":"battle_battle_of_ohrid_1464","name":"Battle of Ohrid","kind":"military","start_year":1464,"end_year":1464,"subtype":"battle"}},{"type":"Feature","geometry":{"type":"Point","coordinates":[-6.02,43.25]},"properties":{"id":"battle_battle_of_olal_es_722","name":"Battle of Olalíes","kind":"military","start_year":722,"end_year":722,"subtype":"battle"}},{"type":"Feature","geometry":{"type":"Point","coordinates":[8.9403,54.3724]},"properties":{"id":"battle_battle_of_oldenswort_1252","name":"Battle of Oldenswort","kind":"military","start_year":1252,"end_year":1252,"subtype":"battle"}},{"type":"Feature","geometry":{"type":"Point","coordinates":[-1.0833,53.9583]},"properties":{"id":"battle_battle_of_old_byland_1322","name":"Battle of Old Byland","kind":"military","start_year":1322,"end_year":1322,"subtype":"battle"}},{"type":"Feature","geometry":{"type":"Point","coordinates":[-3.1614,52.5744]},"properties":{"id":"battle_battle_of_old_domen_1095","name":"Battle of Old Domen","kind":"military","start_year":1095,"end_year":1095,"subtype":"battle"}},{"type":"Feature","geometry":{"type":"Point","coordinates":[15.7526,41.0515]},"properties":{"id":"battle_battle_of_olivento_1041","name":"Battle of Olivento","kind":"military","start_year":1041,"end_year":1041,"subtype":"battle"}},{"type":"Feature","geometry":{"type":"Point","coordinates":[17.2528,49.5885]},"properties":{"id":"battle_battle_of_olomouc_1241","name":"Battle of Olomouc","kind":"military","start_year":1241,"end_year":1241,"subtype":"battle"}},{"type":"Feature","geometry":{"type":"Point","coordinates":[17.6167,48.9667]},"properties":{"id":"battle_battle_of_ol_ava_1116","name":"Battle of Olšava","kind":"military","start_year":1116,"end_year":1116,"subtype":"battle"}},{"type":"Feature","geometry":{"type":"Point","coordinates":[136.1239,35.2114]},"properties":{"id":"battle_battle_of_omi_1180","name":"Battle of Omi","kind":"military","start_year":1180,"end_year":1180,"subtype":"battle"}},{"type":"Feature","geometry":{"type":"Point","coordinates":[29.5,45.2]},"properties":{"id":"battle_battle_of_ongal_680","name":"Battle of Ongal","kind":"military","start_year":680,"end_year":680,"subtype":"battle"}},{"type":"Feature","geometry":{"type":"Point","coordinates":[17.9269,50.6647]},"properties":{"id":"battle_battle_of_opole_1241","name":"Battle of Opole","kind":"military","start_year":1241,"end_year":1241,"subtype":"battle"}},{"type":"Feature","geometry":{"type":"Point","coordinates":[20.5333,41.5167]},"properties":{"id":"battle_battle_of_oranik_1456","name":"Battle of Oranik","kind":"military","start_year":1456,"end_year":1456,"subtype":"battle"}},{"type":"Feature","geometry":{"type":"Point","coordinates":[-0.6331,35.6969]},"properties":{"id":"battle_battle_of_oran_1437","name":"Battle of Oran","kind":"military","start_year":1437,"end_year":1437,"subtype":"battle"}},{"type":"Feature","geometry":{"type":"Point","coordinates":[26.6877,46.7555]},"properties":{"id":"battle_battle_of_orbic_1457","name":"Battle of Orbic","kind":"military","start_year":1457,"end_year":1457,"subtype":"battle"}},{"type":"Feature","geometry":{"type":"Point","coordinates":[2.427,43.2401]},"properties":{"id":"battle_battle_of_orbiel_river_793","name":"Battle of Orbiel River","kind":"military","start_year":793,"end_year":793,"subtype":"battle"}},{"type":"Feature","geometry":{"type":"Point","coordinates":[-3.4617,52.1519]},"properties":{"id":"battle_battle_of_orewin_bridge_1282","name":"Battle of Orewin Bridge","kind":"military","start_year":1282,"end_year":1282,"subtype":"battle"}},{"type":"Feature","geometry":{"type":"Point","coordinates":[-0.9469,38.0856]},"properties":{"id":"battle_battle_of_orihuela_713","name":"Battle of Orihuela","kind":"military","start_year":713,"end_year":713,"subtype":"battle"}},{"type":"Feature","geometry":{"type":"Point","coordinates":[9.8238,63.275]},"properties":{"id":"battle_battle_of_orkdal_870","name":"Battle of Orkdal","kind":"military","start_year":870,"end_year":870,"subtype":"battle"}},{"type":"Feature","geometry":{"type":"Point","coordinates":[10.7389,59.9133]},"properties":{"id":"battle_battle_of_oslo_1161","name":"Battle of Oslo","kind":"military","start_year":1161,"end_year":1161,"subtype":"battle"}},{"type":"Feature","geometry":{"type":"Point","coordinates":[-3.0798,41.5786]},"properties":{"id":"battle_battle_of_osma_934","name":"Battle of Osma","kind":"military","start_year":934,"end_year":934,"subtype":"battle"}},{"type":"Feature","geometry":{"type":"Point","coordinates":[12.2833,41.75]},"properties":{"id":"battle_battle_of_ostia_849","name":"Battle of Ostia","kind":"military","start_year":849,"end_year":849,"subtype":"battle"}},{"type":"Feature","geometry":{"type":"Point","coordinates":[21.8333,40.8]},"properties":{"id":"battle_battle_of_ostrovo_1041","name":"Battle of Ostrovo","kind":"military","start_year":1041,"end_year":1041,"subtype":"battle"}},{"type":"Feature","geometry":{"type":"Point","coordinates":[26.5047,58.0575]},"properties":{"id":"battle_battle_of_otep_1217","name":"Battle of Otepää","kind":"military","start_year":1217,"end_year":1217,"subtype":"battle"}},{"type":"Feature","geometry":{"type":"Point","coordinates":[0.1833,51.3167]},"properties":{"id":"battle_battle_of_otford_776","name":"Battle of Otford","kind":"military","start_year":776,"end_year":776,"subtype":"battle"}},{"type":"Feature","geometry":{"type":"Point","coordinates":[5.4646,50.7211]},"properties":{"id":"battle_battle_of_oth_e_1408","name":"Battle of Othée","kind":"military","start_year":1408,"end_year":1408,"subtype":"battle"}},{"type":"Feature","geometry":{"type":"Point","coordinates":[20.5272,41.525]},"properties":{"id":"battle_battle_of_otonet_1446","name":"Battle of Otonetë","kind":"military","start_year":1446,"end_year":1446,"subtype":"battle"}},{"type":"Feature","geometry":{"type":"Point","coordinates":[-2.1947,55.2369]},"properties":{"id":"battle_battle_of_otterburn_1388","name":"Battle of Otterburn","kind":"military","start_year":1388,"end_year":1388,"subtype":"battle"}},{"type":"Feature","geometry":{"type":"Point","coordinates":[2.2221,36.3084]},"properties":{"id":"battle_battle_of_oued_ourk_1349","name":"Battle of Oued Ourk","kind":"military","start_year":1349,"end_year":1349,"subtype":"battle"}},{"type":"Feature","geometry":{"type":"Point","coordinates":[-1.9114,34.6867]},"properties":{"id":"battle_battle_of_oujda_1248","name":"Battle of Oujda","kind":"military","start_year":1248,"end_year":1248,"subtype":"battle"}},{"type":"Feature","geometry":{"type":"Point","coordinates":[8.4333,33.7]},"properties":{"id":"battle_battle_of_oumra_1187","name":"Battle of Oumra","kind":"military","start_year":1187,"end_year":1187,"subtype":"battle"}},{"type":"Feature","geometry":{"type":"Point","coordinates":[-8.2167,37.65]},"properties":{"id":"battle_battle_of_ourique_1139","name":"Battle of Ourique","kind":"military","start_year":1139,"end_year":1139,"subtype":"battle"}},{"type":"Feature","geometry":{"type":"Point","coordinates":[68.3063,37.106]},"properties":{"id":"battle_battle_of_oxus_river_651","name":"Battle of Oxus River","kind":"military","start_year":651,"end_year":651,"subtype":"battle"}},{"type":"Feature","geometry":{"type":"Point","coordinates":[-2.8833,43.2]},"properties":{"id":"battle_battle_of_padura_888","name":"Battle of Padura","kind":"military","start_year":888,"end_year":888,"subtype":"battle"}},{"type":"Feature","geometry":{"type":"Point","coordinates":[94.86,21.1725]},"properties":{"id":"battle_battle_of_pagan_1287","name":"Battle of Pagan","kind":"military","start_year":1287,"end_year":1287,"subtype":"battle"}},{"type":"Feature","geometry":{"type":"Point","coordinates":[23.4161,40.0467]},"properties":{"id":"battle_battle_of_pallene_1344","name":"Battle of Pallene","kind":"military","start_year":1344,"end_year":1344,"subtype":"battle"}},{"type":"Feature","geometry":{"type":"Point","coordinates":[-8.8991,38.5675]},"properties":{"id":"battle_battle_of_palmela_1165","name":"Battle of Palmela","kind":"military","start_year":1165,"end_year":1165,"subtype":"battle"}},{"type":"Feature","geometry":{"type":"Point","coordinates":[-4.71,57.12]},"properties":{"id":"battle_battle_of_palm_sunday_1429","name":"Battle of Palm Sunday","kind":"military","start_year":1429,"end_year":1429,"subtype":"battle"}},{"type":"Feature","geometry":{"type":"Point","coordinates":[-3.1,42.6333]},"properties":{"id":"battle_battle_of_pancorbo_816","name":"Battle of Pancorbo","kind":"military","start_year":816,"end_year":816,"subtype":"battle"}},{"type":"Feature","geometry":{"type":"Point","coordinates":[31.2666,39.0265]},"properties":{"id":"battle_battle_of_pankalia_978","name":"Battle of Pankalia","kind":"military","start_year":978,"end_year":978,"subtype":"battle"}},{"type":"Feature","geometry":{"type":"Point","coordinates":[20.8333,42.9]},"properties":{"id":"battle_battle_of_pantina_1167","name":"Battle of Pantina","kind":"military","start_year":1167,"end_year":1167,"subtype":"battle"}},{"type":"Feature","geometry":{"type":"Point","coordinates":[-3.5195,51.5146]},"properties":{"id":"battle_battle_of_pant_c_d_einion_982","name":"Battle of Pant Câd-Einion","kind":"military","start_year":982,"end_year":982,"subtype":"battle"}},{"type":"Feature","geometry":{"type":"Point","coordinates":[8.85,45.55]},"properties":{"id":"battle_battle_of_parabiago_1339","name":"Battle of Parabiago","kind":"military","start_year":1339,"end_year":1339,"subtype":"battle"}},{"type":"Feature","geometry":{"type":"Point","coordinates":[10.328,44.8015]},"properties":{"id":"battle_battle_of_parma_1248","name":"Battle of Parma","kind":"military","start_year":1248,"end_year":1248,"subtype":"battle"}},{"type":"Feature","geometry":{"type":"Point","coordinates":[44.5667,41.5667]},"properties":{"id":"battle_battle_of_partskhisi_1073","name":"Battle of Partskhisi","kind":"military","start_year":1073,"end_year":1073,"subtype":"battle"}},{"type":"Feature","geometry":{"type":"Point","coordinates":[69,35]},"properties":{"id":"battle_battle_of_parwan_1221","name":"Battle of Parwan","kind":"military","start_year":1221,"end_year":1221,"subtype":"battle"}},{"type":"Feature","geometry":{"type":"Point","coordinates":[-0.4406,39.5028]},"properties":{"id":"battle_battle_of_paterna_1065","name":"Battle of Paterna","kind":"military","start_year":1065,"end_year":1065,"subtype":"battle"}},{"type":"Feature","geometry":{"type":"Point","coordinates":[21.7333,38.25]},"properties":{"id":"battle_battle_of_patras_1466","name":"Battle of Patras","kind":"military","start_year":1466,"end_year":1466,"subtype":"battle"}},{"type":"Feature","geometry":{"type":"Point","coordinates":[9.155,45.1853]},"properties":{"id":"battle_battle_of_pavia_538","name":"Battle of Pavia","kind":"military","start_year":538,"end_year":538,"subtype":"battle"}},{"type":"Feature","geometry":{"type":"Point","coordinates":[16.9764,50.4477]},"properties":{"id":"battle_battle_of_pa_kova_1467","name":"Battle of Pačkova","kind":"military","start_year":1467,"end_year":1467,"subtype":"battle"}},{"type":"Feature","geometry":{"type":"Point","coordinates":[15.3519,43.9486]},"properties":{"id":"battle_battle_of_pa_man_1190","name":"Battle of Pašman","kind":"military","start_year":1190,"end_year":1190,"subtype":"battle"}},{"type":"Feature","geometry":{"type":"Point","coordinates":[-8.5564,41.0644]},"properties":{"id":"battle_battle_of_pedroso_1071","name":"Battle of Pedroso","kind":"military","start_year":1071,"end_year":1071,"subtype":"battle"}},{"type":"Feature","geometry":{"type":"Point","coordinates":[21.5667,40.8167]},"properties":{"id":"battle_battle_of_pelagonia_1259","name":"Battle of Pelagonia","kind":"military","start_year":1259,"end_year":1259,"subtype":"battle"}},{"type":"Feature","geometry":{"type":"Point","coordinates":[29.1503,41.01]},"properties":{"id":"battle_battle_of_pelekanon_1329","name":"Battle of Pelekanon","kind":"military","start_year":1329,"end_year":1329,"subtype":"battle"}},{"type":"Feature","geometry":{"type":"Point","coordinates":[-2.8,51.9]},"properties":{"id":"battle_battle_of_pencon_720","name":"Battle of Pencon","kind":"military","start_year":720,"end_year":720,"subtype":"battle"}},{"type":"Feature","geometry":{"type":"Point","coordinates":[-2.8581,51.814]},"properties":{"id":"battle_battle_of_penrhos_castle_1251","name":"Battle of Penrhos Castle","kind":"military","start_year":1251,"end_year":1251,"subtype":"battle"}},{"type":"Feature","geometry":{"type":"Point","coordinates":[-4.2359,53.2883]},"properties":{"id":"battle_battle_of_pentraeth_1170","name":"Battle of Pentraeth","kind":"military","start_year":1170,"end_year":1170,"subtype":"battle"}},{"type":"Feature","geometry":{"type":"Point","coordinates":[-3,51.3]},"properties":{"id":"battle_battle_of_peonnum_660","name":"Battle of Peonnum","kind":"military","start_year":660,"end_year":660,"subtype":"battle"}},{"type":"Feature","geometry":{"type":"Point","coordinates":[39.2638,54.9231]},"properties":{"id":"battle_battle_of_perevitsk_1385","name":"Battle of Perevitsk","kind":"military","start_year":1385,"end_year":1385,"subtype":"battle"}},{"type":"Feature","geometry":{"type":"Point","coordinates":[25.0908,41.1033]},"properties":{"id":"battle_battle_of_peritheorion_1345","name":"Battle of Peritheorion","kind":"military","start_year":1345,"end_year":1345,"subtype":"battle"}},{"type":"Feature","geometry":{"type":"Point","coordinates":[71.5675,34.0144]},"properties":{"id":"battle_battle_of_peshawar_1001","name":"Battle of Peshawar","kind":"military","start_year":1001,"end_year":1001,"subtype":"battle"}},{"type":"Feature","geometry":{"type":"Point","coordinates":[29.6906,40.4869]},"properties":{"id":"battle_battle_of_petroe_1057","name":"Battle of Petroe","kind":"military","start_year":1057,"end_year":1057,"subtype":"battle"}},{"type":"Feature","geometry":{"type":"Point","coordinates":[8.2789,49.6406]},"properties":{"id":"battle_battle_of_pfeddersheim_1460_1460","name":"Battle of Pfeddersheim (1460)","kind":"military","start_year":1460,"end_year":1460,"subtype":"battle"}},{"type":"Feature","geometry":{"type":"Point","coordinates":[22.3833,39.2833]},"properties":{"id":"battle_battle_of_pharsalus_1277","name":"Battle of Pharsalus","kind":"military","start_year":1277,"end_year":1277,"subtype":"battle"}},{"type":"Feature","geometry":{"type":"Point","coordinates":[24.75,42.15]},"properties":{"id":"battle_battle_of_philippopolis_1208","name":"Battle of Philippopolis","kind":"military","start_year":1208,"end_year":1208,"subtype":"battle"}},{"type":"Feature","geometry":{"type":"Point","coordinates":[31.4164,38.3575]},"properties":{"id":"battle_battle_of_philomelion_1116","name":"Battle of Philomelion","kind":"military","start_year":1116,"end_year":1116,"subtype":"battle"}},{"type":"Feature","geometry":{"type":"Point","coordinates":[21.3744,37.8922]},"properties":{"id":"battle_battle_of_picotin_1316","name":"Battle of Picotin","kind":"military","start_year":1316,"end_year":1316,"subtype":"battle"}},{"type":"Feature","geometry":{"type":"Point","coordinates":[0.1528,42.195]},"properties":{"id":"battle_battle_of_piedra_pisada_1084","name":"Battle of Piedra Pisada","kind":"military","start_year":1084,"end_year":1084,"subtype":"battle"}},{"type":"Feature","geometry":{"type":"Point","coordinates":[11.7951,43.4067]},"properties":{"id":"battle_battle_of_pieve_al_toppo_1288","name":"Battle of Pieve al Toppo","kind":"military","start_year":1288,"end_year":1288,"subtype":"battle"}},{"type":"Feature","geometry":{"type":"Point","coordinates":[-1.2797,41.5986]},"properties":{"id":"battle_battle_of_pila_1348","name":"Battle of Épila","kind":"military","start_year":1348,"end_year":1348,"subtype":"battle"}},{"type":"Feature","geometry":{"type":"Point","coordinates":[-7.3333,52.35]},"properties":{"id":"battle_battle_of_piltown_1462","name":"Battle of Piltown","kind":"military","start_year":1462,"end_year":1462,"subtype":"battle"}},{"type":"Feature","geometry":{"type":"Point","coordinates":[-3.4772,50.7433]},"properties":{"id":"battle_battle_of_pinhoe_1001","name":"Battle of Pinhoe","kind":"military","start_year":1001,"end_year":1001,"subtype":"battle"}},{"type":"Feature","geometry":{"type":"Point","coordinates":[-2.3017,55.9206]},"properties":{"id":"battle_battle_of_piperdean_1436","name":"Battle of Piperdean","kind":"military","start_year":1436,"end_year":1436,"subtype":"battle"}},{"type":"Feature","geometry":{"type":"Point","coordinates":[26.6683,42.9275]},"properties":{"id":"battle_battle_of_pliska_811","name":"Battle of Pliska","kind":"military","start_year":811,"end_year":811,"subtype":"battle"}},{"type":"Feature","geometry":{"type":"Point","coordinates":[21.3556,43.2019]},"properties":{"id":"battle_battle_of_plo_nik_1385","name":"Battle of Pločnik","kind":"military","start_year":1385,"end_year":1385,"subtype":"battle"}},{"type":"Feature","geometry":{"type":"Point","coordinates":[17.2794,52.48]},"properties":{"id":"battle_battle_of_pobiedziska_1041","name":"Battle of Pobiedziska","kind":"military","start_year":1041,"end_year":1041,"subtype":"battle"}},{"type":"Feature","geometry":{"type":"Point","coordinates":[15.7436,50.1372]},"properties":{"id":"battle_battle_of_pod_l_an_1421","name":"Battle of Podůlšan","kind":"military","start_year":1421,"end_year":1421,"subtype":"battle"}},{"type":"Feature","geometry":{"type":"Point","coordinates":[11.155,43.459]},"properties":{"id":"battle_battle_of_poggio_imperiale_1479","name":"Battle of Poggio Imperiale","kind":"military","start_year":1479,"end_year":1479,"subtype":"battle"}},{"type":"Feature","geometry":{"type":"Point","coordinates":[35.9997,37.8925]},"properties":{"id":"battle_battle_of_poimanenon_1224","name":"Battle of Poimanenon","kind":"military","start_year":1224,"end_year":1224,"subtype":"battle"}},{"type":"Feature","geometry":{"type":"Point","coordinates":[20.2333,54.6]},"properties":{"id":"battle_battle_of_pokarwis_1261","name":"Battle of Pokarwis","kind":"military","start_year":1261,"end_year":1261,"subtype":"battle"}},{"type":"Feature","geometry":{"type":"Point","coordinates":[32.6723,50.1859]},"properties":{"id":"battle_battle_of_polkstin_1125","name":"Battle of Polkstin","kind":"military","start_year":1125,"end_year":1125,"subtype":"battle"}},{"type":"Feature","geometry":{"type":"Point","coordinates":[20.9649,41.958]},"properties":{"id":"battle_battle_of_pollog_1453","name":"Battle of Pollog","kind":"military","start_year":1453,"end_year":1453,"subtype":"battle"}},{"type":"Feature","geometry":{"type":"Point","coordinates":[-5.6822,41.9661]},"properties":{"id":"battle_battle_of_polvoraria_878","name":"Battle of Polvoraria","kind":"military","start_year":878,"end_year":878,"subtype":"battle"}},{"type":"Feature","geometry":{"type":"Point","coordinates":[9.5817,45.6985]},"properties":{"id":"battle_battle_of_ponte_san_pietro_1315","name":"Battle of Ponte San Pietro","kind":"military","start_year":1315,"end_year":1315,"subtype":"battle"}},{"type":"Feature","geometry":{"type":"Point","coordinates":[1.2543,47.3902]},"properties":{"id":"battle_battle_of_pontlevoy_1016","name":"Battle of Pontlevoy","kind":"military","start_year":1016,"end_year":1016,"subtype":"battle"}},{"type":"Feature","geometry":{"type":"Point","coordinates":[0.2069,47.7689]},"properties":{"id":"battle_battle_of_pontvallain_1370","name":"Battle of Pontvallain","kind":"military","start_year":1370,"end_year":1370,"subtype":"battle"}},{"type":"Feature","geometry":{"type":"Point","coordinates":[12.9667,40.9]},"properties":{"id":"battle_battle_of_ponza_1300","name":"Battle of Ponza","kind":"military","start_year":1300,"end_year":1300,"subtype":"battle"}},{"type":"Feature","geometry":{"type":"Point","coordinates":[12.5103,41.8975]},"properties":{"id":"battle_battle_of_porta_san_lorenzo_1347","name":"Battle of Porta San Lorenzo","kind":"military","start_year":1347,"end_year":1347,"subtype":"battle"}},{"type":"Feature","geometry":{"type":"Point","coordinates":[-7.8361,42.7925]},"properties":{"id":"battle_battle_of_portela_de_areas_983","name":"Battle of Portela de Areas","kind":"military","start_year":983,"end_year":983,"subtype":"battle"}},{"type":"Feature","geometry":{"type":"Point","coordinates":[-2.73,51.59]},"properties":{"id":"battle_battle_of_porthskewed_1065","name":"Battle of Porthskewed","kind":"military","start_year":1065,"end_year":1065,"subtype":"battle"}},{"type":"Feature","geometry":{"type":"Point","coordinates":[11.8,44.7]},"properties":{"id":"battle_battle_of_portomaggiore_1395","name":"Battle of Portomaggiore","kind":"military","start_year":1395,"end_year":1395,"subtype":"battle"}},{"type":"Feature","geometry":{"type":"Point","coordinates":[2.5167,39.5167]},"properties":{"id":"battle_battle_of_portop_1229","name":"Battle of Portopí","kind":"military","start_year":1229,"end_year":1229,"subtype":"battle"}},{"type":"Feature","geometry":{"type":"Point","coordinates":[8.2056,40.605]},"properties":{"id":"battle_battle_of_porto_conte_1353","name":"Battle of Porto Conte","kind":"military","start_year":1353,"end_year":1353,"subtype":"battle"}},{"type":"Feature","geometry":{"type":"Point","coordinates":[-7.9416,42.8797]},"properties":{"id":"battle_battle_of_porto_de_bois_1371","name":"Battle of Porto de Bois","kind":"military","start_year":1371,"end_year":1371,"subtype":"battle"}},{"type":"Feature","geometry":{"type":"Point","coordinates":[25.6183,45.2869]},"properties":{"id":"battle_battle_of_posada_1330","name":"Battle of Posada","kind":"military","start_year":1330,"end_year":1330,"subtype":"battle"}},{"type":"Feature","geometry":{"type":"Point","coordinates":[-1.175,47.7414]},"properties":{"id":"battle_battle_of_pouanc_1066","name":"Battle of Pouancé","kind":"military","start_year":1066,"end_year":1066,"subtype":"battle"}},{"type":"Feature","geometry":{"type":"Point","coordinates":[-3.1583,52.6506]},"properties":{"id":"battle_battle_of_powis_castle_1274","name":"Battle of Powis Castle","kind":"military","start_year":1274,"end_year":1274,"subtype":"battle"}},{"type":"Feature","geometry":{"type":"Point","coordinates":[14.684,49.8432]},"properties":{"id":"battle_battle_of_po_nad_s_zavou_1420","name":"Battle of Poříčí nad Sázavou","kind":"military","start_year":1420,"end_year":1420,"subtype":"battle"}},{"type":"Feature","geometry":{"type":"Point","coordinates":[14.428,50.0737]},"properties":{"id":"battle_battle_of_prague_1179_1179","name":"Battle of Prague (1179)","kind":"military","start_year":1179,"end_year":1179,"subtype":"battle"}},{"type":"Feature","geometry":{"type":"Point","coordinates":[26.812,43.1605]},"properties":{"id":"battle_battle_of_preslav_970","name":"Battle of Preslav","kind":"military","start_year":970,"end_year":970,"subtype":"battle"}},{"type":"Feature","geometry":{"type":"Point","coordinates":[17.1128,48.1447]},"properties":{"id":"battle_battle_of_pressburg_907","name":"Battle of Pressburg","kind":"military","start_year":907,"end_year":907,"subtype":"battle"}},{"type":"Feature","geometry":{"type":"Point","coordinates":[-3.3947,53.3386]},"properties":{"id":"battle_battle_of_prestatyn_castle_1167","name":"Battle of Prestatyn Castle","kind":"military","start_year":1167,"end_year":1167,"subtype":"battle"}},{"type":"Feature","geometry":{"type":"Point","coordinates":[21.5,37.67]},"properties":{"id":"battle_battle_of_prinitza_1263","name":"Battle of Prinitza","kind":"military","start_year":1263,"end_year":1263,"subtype":"battle"}},{"type":"Feature","geometry":{"type":"Point","coordinates":[12.0744,52.825]},"properties":{"id":"battle_battle_of_pritzlawa_1056","name":"Battle of Pritzlawa","kind":"military","start_year":1056,"end_year":1056,"subtype":"battle"}},{"type":"Feature","geometry":{"type":"Point","coordinates":[-3.8322,37.3361]},"properties":{"id":"battle_battle_of_puerto_lope_1394","name":"Battle of Puerto Lope","kind":"military","start_year":1394,"end_year":1394,"subtype":"battle"}},{"type":"Feature","geometry":{"type":"Point","coordinates":[15.4261,42.7758]},"properties":{"id":"battle_battle_of_pula_1379","name":"Battle of Pula","kind":"military","start_year":1379,"end_year":1379,"subtype":"battle"}},{"type":"Feature","geometry":{"type":"Point","coordinates":[79.7,12.9667]},"properties":{"id":"battle_battle_of_pullalur_618","name":"Battle of Pullalur","kind":"military","start_year":618,"end_year":618,"subtype":"battle"}},{"type":"Feature","geometry":{"type":"Point","coordinates":[-4.3164,51.8569]},"properties":{"id":"battle_battle_of_pwlldyfarch_1042","name":"Battle of Pwlldyfarch","kind":"military","start_year":1042,"end_year":1042,"subtype":"battle"}},{"type":"Feature","geometry":{"type":"Point","coordinates":[17.6833,52.1667]},"properties":{"id":"battle_battle_of_pyzdry_1331","name":"Battle of Pyzdry","kind":"military","start_year":1331,"end_year":1331,"subtype":"battle"}},{"type":"Feature","geometry":{"type":"Point","coordinates":[18.6439,52.6156]},"properties":{"id":"battle_battle_of_p_owce_1331","name":"Battle of Płowce","kind":"military","start_year":1331,"end_year":1331,"subtype":"battle"}},{"type":"Feature","geometry":{"type":"Point","coordinates":[67.4833,28.6167]},"properties":{"id":"battle_battle_of_qandabil_720","name":"Battle of Qandabil","kind":"military","start_year":720,"end_year":720,"subtype":"battle"}},{"type":"Feature","geometry":{"type":"Point","coordinates":[-3.7167,38.0167]},"properties":{"id":"battle_battle_of_qantish_1009","name":"Battle of Qantish","kind":"military","start_year":1009,"end_year":1009,"subtype":"battle"}},{"type":"Feature","geometry":{"type":"Point","coordinates":[34.9833,32.3333]},"properties":{"id":"battle_battle_of_qaqun_1271","name":"Battle of Qaqun","kind":"military","start_year":1271,"end_year":1271,"subtype":"battle"}},{"type":"Feature","geometry":{"type":"Point","coordinates":[46.6805,40.0158]},"properties":{"id":"battle_battle_of_qarabagh_1469","name":"Battle of Qarabagh","kind":"military","start_year":1469,"end_year":1469,"subtype":"battle"}},{"type":"Feature","geometry":{"type":"Point","coordinates":[43.3,39.17]},"properties":{"id":"battle_battle_of_qara_darra_1336","name":"Battle of Qara Darra","kind":"military","start_year":1336,"end_year":1336,"subtype":"battle"}},{"type":"Feature","geometry":{"type":"Point","coordinates":[42.8167,38.6333]},"properties":{"id":"battle_battle_of_qara_derrah_pass_1395","name":"Battle of Qara-Derrah Pass","kind":"military","start_year":1395,"end_year":1395,"subtype":"battle"}},{"type":"Feature","geometry":{"type":"Point","coordinates":[66.9,39.8]},"properties":{"id":"battle_battle_of_qatwan_1141","name":"Battle of Qatwan","kind":"military","start_year":1141,"end_year":1141,"subtype":"battle"}},{"type":"Feature","geometry":{"type":"Point","coordinates":[36.9981,35.9986]},"properties":{"id":"battle_battle_of_qinnasrin_1135","name":"Battle of Qinnasrin","kind":"military","start_year":1135,"end_year":1135,"subtype":"battle"}},{"type":"Feature","geometry":{"type":"Point","coordinates":[9.1831,39.2331]},"properties":{"id":"battle_battle_of_quartu_1354","name":"Battle of Quartu","kind":"military","start_year":1354,"end_year":1354,"subtype":"battle"}},{"type":"Feature","geometry":{"type":"Point","coordinates":[-0.4306,39.4806]},"properties":{"id":"battle_battle_of_quart_de_poblet_1094","name":"Battle of Quart de Poblet","kind":"military","start_year":1094,"end_year":1094,"subtype":"battle"}},{"type":"Feature","geometry":{"type":"Point","coordinates":[42.6307,41.4415]},"properties":{"id":"battle_battle_of_queli_1080","name":"Battle of Queli","kind":"military","start_year":1080,"end_year":1080,"subtype":"battle"}},{"type":"Feature","geometry":{"type":"Point","coordinates":[-3.5497,47.8728]},"properties":{"id":"battle_battle_of_quimperl_1342","name":"Battle of Quimperlé","kind":"military","start_year":1342,"end_year":1342,"subtype":"battle"}},{"type":"Feature","geometry":{"type":"Point","coordinates":[36,34]},"properties":{"id":"battle_battle_of_raban_958","name":"Battle of Raban","kind":"military","start_year":958,"end_year":958,"subtype":"battle"}},{"type":"Feature","geometry":{"type":"Point","coordinates":[18.2197,50.0919]},"properties":{"id":"battle_battle_of_raciborzem_1108_1108","name":"Battle of Raciborzem (1108)","kind":"military","start_year":1108,"end_year":1108,"subtype":"battle"}},{"type":"Feature","geometry":{"type":"Point","coordinates":[18.2167,50.0833]},"properties":{"id":"battle_battle_of_racib_rz_1241","name":"Battle of Racibórz","kind":"military","start_year":1241,"end_year":1241,"subtype":"battle"}},{"type":"Feature","geometry":{"type":"Point","coordinates":[-1.589,51.6931]},"properties":{"id":"battle_battle_of_radcot_bridge_1387","name":"Battle of Radcot Bridge","kind":"military","start_year":1387,"end_year":1387,"subtype":"battle"}},{"type":"Feature","geometry":{"type":"Point","coordinates":[15.9886,46.6897]},"properties":{"id":"battle_battle_of_radkersburg_1418","name":"Battle of Radkersburg","kind":"military","start_year":1418,"end_year":1418,"subtype":"battle"}},{"type":"Feature","geometry":{"type":"Point","coordinates":[36.3767,34.9329]},"properties":{"id":"battle_battle_of_rafaniyya_1133","name":"Battle of Rafaniyya","kind":"military","start_year":1133,"end_year":1133,"subtype":"battle"}},{"type":"Feature","geometry":{"type":"Point","coordinates":[9.5,46.9997]},"properties":{"id":"battle_battle_of_ragaz_1446","name":"Battle of Ragaz","kind":"military","start_year":1446,"end_year":1446,"subtype":"battle"}},{"type":"Feature","geometry":{"type":"Point","coordinates":[-3.1934,56.1172]},"properties":{"id":"battle_battle_of_raith_596","name":"Battle of Raith","kind":"military","start_year":596,"end_year":596,"subtype":"battle"}},{"type":"Feature","geometry":{"type":"Point","coordinates":[41.3282,39.3379]},"properties":{"id":"battle_battle_of_rakhsi_1118","name":"Battle of Rakhsi","kind":"military","start_year":1118,"end_year":1118,"subtype":"battle"}},{"type":"Feature","geometry":{"type":"Point","coordinates":[34.8727,31.9248]},"properties":{"id":"battle_battle_of_ramla_1101","name":"Battle of Ramla","kind":"military","start_year":1101,"end_year":1101,"subtype":"battle"}},{"type":"Feature","geometry":{"type":"Point","coordinates":[9.2333,44.35]},"properties":{"id":"battle_battle_of_rapallo_1494","name":"Battle of Rapallo","kind":"military","start_year":1494,"end_year":1494,"subtype":"battle"}},{"type":"Feature","geometry":{"type":"Point","coordinates":[67.4308,23.9944]},"properties":{"id":"battle_battle_of_rasil_644","name":"Battle of Rasil","kind":"military","start_year":644,"end_year":644,"subtype":"battle"}},{"type":"Feature","geometry":{"type":"Point","coordinates":[7.8031,63.0625]},"properties":{"id":"battle_battle_of_rastarkalv_955","name":"Battle of Rastarkalv","kind":"military","start_year":955,"end_year":955,"subtype":"battle"}},{"type":"Feature","geometry":{"type":"Point","coordinates":[12.2,44.4167]},"properties":{"id":"battle_battle_of_ravenna_729","name":"Battle of Ravenna","kind":"military","start_year":729,"end_year":729,"subtype":"battle"}},{"type":"Feature","geometry":{"type":"Point","coordinates":[71.8278,30.6211]},"properties":{"id":"battle_battle_of_ravi_1306","name":"Battle of Ravi","kind":"military","start_year":1306,"end_year":1306,"subtype":"battle"}},{"type":"Feature","geometry":{"type":"Point","coordinates":[51.4344,35.5975]},"properties":{"id":"battle_battle_of_ray_651","name":"Battle of Ray","kind":"military","start_year":651,"end_year":651,"subtype":"battle"}},{"type":"Feature","geometry":{"type":"Point","coordinates":[11.0222,49.1881]},"properties":{"id":"battle_battle_of_rednitz_910","name":"Battle of Rednitz","kind":"military","start_year":910,"end_year":910,"subtype":"battle"}},{"type":"Feature","geometry":{"type":"Point","coordinates":[-5.211,56.3073]},"properties":{"id":"battle_battle_of_red_ford_1294","name":"Battle of Red Ford","kind":"military","start_year":1294,"end_year":1294,"subtype":"battle"}},{"type":"Feature","geometry":{"type":"Point","coordinates":[6.3667,49.5444]},"properties":{"id":"battle_battle_of_remich_882","name":"Battle of Remich","kind":"military","start_year":882,"end_year":882,"subtype":"battle"}},{"type":"Feature","geometry":{"type":"Point","coordinates":[-4.402,55.861]},"properties":{"id":"battle_battle_of_renfrew_1164","name":"Battle of Renfrew","kind":"military","start_year":1164,"end_year":1164,"subtype":"battle"}},{"type":"Feature","geometry":{"type":"Point","coordinates":[9.2167,48.4833]},"properties":{"id":"battle_battle_of_reutlingen_1377","name":"Battle of Reutlingen","kind":"military","start_year":1377,"end_year":1377,"subtype":"battle"}},{"type":"Feature","geometry":{"type":"Point","coordinates":[27.92,36.17]},"properties":{"id":"battle_battle_of_rhodes_1320","name":"Battle of Rhodes","kind":"military","start_year":1320,"end_year":1320,"subtype":"battle"}},{"type":"Feature","geometry":{"type":"Point","coordinates":[-3.4615,53.2869]},"properties":{"id":"battle_battle_of_rhuddlan_castle_1075","name":"Battle of Rhuddlan Castle","kind":"military","start_year":1075,"end_year":1075,"subtype":"battle"}},{"type":"Feature","geometry":{"type":"Point","coordinates":[-3.18,51.48]},"properties":{"id":"battle_battle_of_rhymney_1071","name":"Battle of Rhymney","kind":"military","start_year":1071,"end_year":1071,"subtype":"battle"}},{"type":"Feature","geometry":{"type":"Point","coordinates":[10.4477,51.1634]},"properties":{"id":"battle_battle_of_riade_933","name":"Battle of Riade","kind":"military","start_year":933,"end_year":933,"subtype":"battle"}},{"type":"Feature","geometry":{"type":"Point","coordinates":[24.1069,56.9475]},"properties":{"id":"battle_battle_of_riga_1210","name":"Battle of Riga","kind":"military","start_year":1210,"end_year":1210,"subtype":"battle"}},{"type":"Feature","geometry":{"type":"Point","coordinates":[15.5833,41.6833]},"properties":{"id":"battle_battle_of_rignano_1137","name":"Battle of Rignano","kind":"military","start_year":1137,"end_year":1137,"subtype":"battle"}},{"type":"Feature","geometry":{"type":"Point","coordinates":[1.35,52.8167]},"properties":{"id":"battle_battle_of_ringmere_1010","name":"Battle of Ringmere","kind":"military","start_year":1010,"end_year":1010,"subtype":"battle"}},{"type":"Feature","geometry":{"type":"Point","coordinates":[43.5,33.7]},"properties":{"id":"battle_battle_of_river_633","name":"Battle of River","kind":"military","start_year":633,"end_year":633,"subtype":"battle"}},{"type":"Feature","geometry":{"type":"Point","coordinates":[-19.282,65.501]},"properties":{"id":"battle_battle_of_rlygssta_ir_1238","name":"Battle of Örlygsstaðir","kind":"military","start_year":1238,"end_year":1238,"subtype":"battle"}},{"type":"Feature","geometry":{"type":"Point","coordinates":[7.4833,44.3167]},"properties":{"id":"battle_battle_of_roccavione_1275","name":"Battle of Roccavione","kind":"military","start_year":1275,"end_year":1275,"subtype":"battle"}},{"type":"Feature","geometry":{"type":"Point","coordinates":[-0.6564,47.3839]},"properties":{"id":"battle_battle_of_roche_au_moine_1214","name":"Battle of Roche-au-Moine","kind":"military","start_year":1214,"end_year":1214,"subtype":"battle"}},{"type":"Feature","geometry":{"type":"Point","coordinates":[24.6318,56.9718]},"properties":{"id":"battle_battle_of_rodenpois_1205","name":"Battle of Rodenpois","kind":"military","start_year":1205,"end_year":1205,"subtype":"battle"}},{"type":"Feature","geometry":{"type":"Point","coordinates":[27.5167,40.9833]},"properties":{"id":"battle_battle_of_rodosto_1206","name":"Battle of Rodosto","kind":"military","start_year":1206,"end_year":1206,"subtype":"battle"}},{"type":"Feature","geometry":{"type":"Point","coordinates":[-4.618,54.081]},"properties":{"id":"battle_battle_of_ronaldsway_1275","name":"Battle of Ronaldsway","kind":"military","start_year":1275,"end_year":1275,"subtype":"battle"}},{"type":"Feature","geometry":{"type":"Point","coordinates":[-1.3339,42.9894]},"properties":{"id":"battle_battle_of_roncevaux_pass_778","name":"Battle of Roncevaux Pass","kind":"military","start_year":778,"end_year":778,"subtype":"battle"}},{"type":"Feature","geometry":{"type":"Point","coordinates":[3.0136,50.93]},"properties":{"id":"battle_battle_of_roosebeke_1382","name":"Battle of Roosebeke","kind":"military","start_year":1382,"end_year":1382,"subtype":"battle"}},{"type":"Feature","geometry":{"type":"Point","coordinates":[-3.1667,55.85]},"properties":{"id":"battle_battle_of_roslin_1303","name":"Battle of Roslin","kind":"military","start_year":1303,"end_year":1303,"subtype":"battle"}},{"type":"Feature","geometry":{"type":"Point","coordinates":[-6.9451,52.3956]},"properties":{"id":"battle_battle_of_ros_mhic_thri_in_1394","name":"Battle of Ros-Mhic-Thriúin","kind":"military","start_year":1394,"end_year":1394,"subtype":"battle"}},{"type":"Feature","geometry":{"type":"Point","coordinates":[17.9,59.4667]},"properties":{"id":"battle_battle_of_rotebro_1497","name":"Battle of Rotebro","kind":"military","start_year":1497,"end_year":1497,"subtype":"battle"}},{"type":"Feature","geometry":{"type":"Point","coordinates":[1.1025,49.4431]},"properties":{"id":"battle_battle_of_rouen_946","name":"Battle of Rouen","kind":"military","start_year":946,"end_year":946,"subtype":"battle"}},{"type":"Feature","geometry":{"type":"Point","coordinates":[2.0081,41.5611]},"properties":{"id":"battle_battle_of_rovirans_985","name":"Battle of Rovirans","kind":"military","start_year":985,"end_year":985,"subtype":"battle"}},{"type":"Feature","geometry":{"type":"Point","coordinates":[21.3361,48.7447]},"properties":{"id":"battle_battle_of_rozgony_1312","name":"Battle of Rozgony","kind":"military","start_year":1312,"end_year":1312,"subtype":"battle"}},{"type":"Feature","geometry":{"type":"Point","coordinates":[24.8883,49.9492]},"properties":{"id":"battle_battle_of_rozhnoye_pole_1099","name":"Battle of Rozhnoye Pole","kind":"military","start_year":1099,"end_year":1099,"subtype":"battle"}},{"type":"Feature","geometry":{"type":"Point","coordinates":[1.3202,41.624]},"properties":{"id":"battle_battle_of_rubinat_1462","name":"Battle of Rubinat","kind":"military","start_year":1462,"end_year":1462,"subtype":"battle"}},{"type":"Feature","geometry":{"type":"Point","coordinates":[20.4603,54.8719]},"properties":{"id":"battle_battle_of_rudau_1370","name":"Battle of Rudau","kind":"military","start_year":1370,"end_year":1370,"subtype":"battle"}},{"type":"Feature","geometry":{"type":"Point","coordinates":[20.4594,54.8741]},"properties":{"id":"battle_battle_of_rudavy_1254","name":"Battle of Rudavy","kind":"military","start_year":1254,"end_year":1254,"subtype":"battle"}},{"type":"Feature","geometry":{"type":"Point","coordinates":[-4.8167,41.6]},"properties":{"id":"battle_battle_of_rueda_981","name":"Battle of Rueda","kind":"military","start_year":981,"end_year":981,"subtype":"battle"}},{"type":"Feature","geometry":{"type":"Point","coordinates":[27.2017,42.4669]},"properties":{"id":"battle_battle_of_rusokastro_1332","name":"Battle of Rusokastro","kind":"military","start_year":1332,"end_year":1332,"subtype":"battle"}},{"type":"Feature","geometry":{"type":"Point","coordinates":[-5.8478,43.3614]},"properties":{"id":"battle_battle_of_r_o_quir_s_795","name":"Battle of Río Quirós","kind":"military","start_year":795,"end_year":795,"subtype":"battle"}},{"type":"Feature","geometry":{"type":"Point","coordinates":[-4.9453,36.4933]},"properties":{"id":"battle_battle_of_r_o_verde_1448","name":"Battle of Río Verde","kind":"military","start_year":1448,"end_year":1448,"subtype":"battle"}},{"type":"Feature","geometry":{"type":"Point","coordinates":[-6.9014,38.9231]},"properties":{"id":"battle_battle_of_sagrajas_1086","name":"Battle of Sagrajas","kind":"military","start_year":1086,"end_year":1086,"subtype":"battle"}},{"type":"Feature","geometry":{"type":"Point","coordinates":[-0.6333,45.7464]},"properties":{"id":"battle_battle_of_saintes_1351","name":"Battle of Saintes","kind":"military","start_year":1351,"end_year":1351,"subtype":"battle"}},{"type":"Feature","geometry":{"type":"Point","coordinates":[-1.3975,48.2603]},"properties":{"id":"battle_battle_of_saint_aubin_du_cormier_1488","name":"Battle of Saint-Aubin-du-Cormier","kind":"military","start_year":1488,"end_year":1488,"subtype":"battle"}},{"type":"Feature","geometry":{"type":"Point","coordinates":[8.7267,47.4992]},"properties":{"id":"battle_battle_of_saint_george_1292","name":"Battle of Saint George","kind":"military","start_year":1292,"end_year":1292,"subtype":"battle"}},{"type":"Feature","geometry":{"type":"Point","coordinates":[2.8167,41.9833]},"properties":{"id":"battle_battle_of_saint_mary_1285","name":"Battle of Saint Mary","kind":"military","start_year":1285,"end_year":1285,"subtype":"battle"}},{"type":"Feature","geometry":{"type":"Point","coordinates":[2.2617,50.7461]},"properties":{"id":"battle_battle_of_saint_omer_1340","name":"Battle of Saint-Omer","kind":"military","start_year":1340,"end_year":1340,"subtype":"battle"}},{"type":"Feature","geometry":{"type":"Point","coordinates":[139.9535,35.8321]},"properties":{"id":"battle_battle_of_sakainehara_1479","name":"Battle of Sakainehara","kind":"military","start_year":1479,"end_year":1479,"subtype":"battle"}},{"type":"Feature","geometry":{"type":"Point","coordinates":[48.6842,31.3189]},"properties":{"id":"battle_battle_of_sally_and_slybury_685","name":"Battle of Sally and Slybury","kind":"military","start_year":685,"end_year":685,"subtype":"battle"}},{"type":"Feature","geometry":{"type":"Point","coordinates":[125.4522,39.5764]},"properties":{"id":"battle_battle_of_salsu_612","name":"Battle of Salsu","kind":"military","start_year":612,"end_year":612,"subtype":"battle"}},{"type":"Feature","geometry":{"type":"Point","coordinates":[-6.95,37.25]},"properties":{"id":"battle_battle_of_saltes_island_1381","name":"Battle of Saltes Island","kind":"military","start_year":1381,"end_year":1381,"subtype":"battle"}},{"type":"Feature","geometry":{"type":"Point","coordinates":[1.1531,43.2436]},"properties":{"id":"battle_battle_of_salvetat_1217","name":"Battle of Salvetat","kind":"military","start_year":1217,"end_year":1217,"subtype":"battle"}},{"type":"Feature","geometry":{"type":"Point","coordinates":[13.4896,45.4849]},"properties":{"id":"battle_battle_of_salvore_1177","name":"Battle of Salvore","kind":"military","start_year":1177,"end_year":1177,"subtype":"battle"}},{"type":"Feature","geometry":{"type":"Point","coordinates":[-6.8167,34.05]},"properties":{"id":"battle_battle_of_sal_1260","name":"Battle of Salé","kind":"military","start_year":1260,"end_year":1260,"subtype":"battle"}},{"type":"Feature","geometry":{"type":"Point","coordinates":[49.0333,54.9667]},"properties":{"id":"battle_battle_of_samara_bend_1223","name":"Battle of Samara Bend","kind":"military","start_year":1223,"end_year":1223,"subtype":"battle"}},{"type":"Feature","geometry":{"type":"Point","coordinates":[66.9758,39.6547]},"properties":{"id":"battle_battle_of_samarkand_712","name":"Battle of Samarkand","kind":"military","start_year":712,"end_year":712,"subtype":"battle"}},{"type":"Feature","geometry":{"type":"Point","coordinates":[1.427,51.275]},"properties":{"id":"battle_battle_of_sandwich_1460_1460","name":"Battle of Sandwich (1460)","kind":"military","start_year":1460,"end_year":1460,"subtype":"battle"}},{"type":"Feature","geometry":{"type":"Point","coordinates":[1.3389,51.2747]},"properties":{"id":"battle_battle_of_sandwich_851_851","name":"Battle of Sandwich (851)","kind":"military","start_year":851,"end_year":851,"subtype":"battle"}},{"type":"Feature","geometry":{"type":"Point","coordinates":[43,33]},"properties":{"id":"battle_battle_of_saniyy_633","name":"Battle of Saniyy","kind":"military","start_year":633,"end_year":633,"subtype":"battle"}},{"type":"Feature","geometry":{"type":"Point","coordinates":[8.9,39.5667]},"properties":{"id":"battle_battle_of_sanluri_1409","name":"Battle of Sanluri","kind":"military","start_year":1409,"end_year":1409,"subtype":"battle"}},{"type":"Feature","geometry":{"type":"Point","coordinates":[14.3014,44.5097]},"properties":{"id":"battle_battle_of_sansego_842","name":"Battle of Sansego","kind":"military","start_year":842,"end_year":842,"subtype":"battle"}},{"type":"Feature","geometry":{"type":"Point","coordinates":[21.5785,37.9821]},"properties":{"id":"battle_battle_of_santameri_plain_1326","name":"Battle of Santameri Plain","kind":"military","start_year":1326,"end_year":1326,"subtype":"battle"}},{"type":"Feature","geometry":{"type":"Point","coordinates":[8.5833,39.7667]},"properties":{"id":"battle_battle_of_santa_ana_1368","name":"Battle of Santa Ana","kind":"military","start_year":1368,"end_year":1368,"subtype":"battle"}},{"type":"Feature","geometry":{"type":"Point","coordinates":[2.2092,41.4472]},"properties":{"id":"battle_battle_of_santa_coloma_de_gramenet_1471","name":"Battle of Santa Coloma de Gramenet","kind":"military","start_year":1471,"end_year":1471,"subtype":"battle"}},{"type":"Feature","geometry":{"type":"Point","coordinates":[8.5,11.5]},"properties":{"id":"battle_battle_of_santolo_1349","name":"Battle of Santolo","kind":"military","start_year":1349,"end_year":1349,"subtype":"battle"}},{"type":"Feature","geometry":{"type":"Point","coordinates":[3.1667,41.7833]},"properties":{"id":"battle_battle_of_sant_feliu_de_gu_xols_1285","name":"Battle of Sant Feliu de Guíxols","kind":"military","start_year":1285,"end_year":1285,"subtype":"battle"}},{"type":"Feature","geometry":{"type":"Point","coordinates":[-3.2,41.5833]},"properties":{"id":"battle_battle_of_san_esteban_de_gormaz_917","name":"Battle of San Esteban de Gormaz","kind":"military","start_year":917,"end_year":917,"subtype":"battle"}},{"type":"Feature","geometry":{"type":"Point","coordinates":[11.1368,44.8365]},"properties":{"id":"battle_battle_of_san_felice_1332","name":"Battle of San Felice","kind":"military","start_year":1332,"end_year":1332,"subtype":"battle"}},{"type":"Feature","geometry":{"type":"Point","coordinates":[8.8,39.5667]},"properties":{"id":"battle_battle_of_san_gavino_1323","name":"Battle of San Gavino","kind":"military","start_year":1323,"end_year":1323,"subtype":"battle"}},{"type":"Feature","geometry":{"type":"Point","coordinates":[10.7581,43.689]},"properties":{"id":"battle_battle_of_san_romano_1432","name":"Battle of San Romano","kind":"military","start_year":1432,"end_year":1432,"subtype":"battle"}},{"type":"Feature","geometry":{"type":"Point","coordinates":[21.7028,36.7556]},"properties":{"id":"battle_battle_of_sapienza_1354","name":"Battle of Sapienza","kind":"military","start_year":1354,"end_year":1354,"subtype":"battle"}},{"type":"Feature","geometry":{"type":"Point","coordinates":[61.1578,36.545]},"properties":{"id":"battle_battle_of_sarakhs_1038","name":"Battle of Sarakhs","kind":"military","start_year":1038,"end_year":1038,"subtype":"battle"}},{"type":"Feature","geometry":{"type":"Point","coordinates":[46.2961,38.0739]},"properties":{"id":"battle_battle_of_sardrud_1408","name":"Battle of Sardrud","kind":"military","start_year":1408,"end_year":1408,"subtype":"battle"}},{"type":"Feature","geometry":{"type":"Point","coordinates":[-3.0719,54.9861]},"properties":{"id":"battle_battle_of_sark_1448","name":"Battle of Sark","kind":"military","start_year":1448,"end_year":1448,"subtype":"battle"}},{"type":"Feature","geometry":{"type":"Point","coordinates":[36.72,35.9]},"properties":{"id":"battle_battle_of_sarmin_1115","name":"Battle of Sarmin","kind":"military","start_year":1115,"end_year":1115,"subtype":"battle"}},{"type":"Feature","geometry":{"type":"Point","coordinates":[38.4244,36.975]},"properties":{"id":"battle_battle_of_saruj_1122","name":"Battle of Saruj","kind":"military","start_year":1122,"end_year":1122,"subtype":"battle"}},{"type":"Feature","geometry":{"type":"Point","coordinates":[34.9077,36.7254]},"properties":{"id":"battle_battle_of_sarus_625","name":"Battle of Sarus","kind":"military","start_year":625,"end_year":625,"subtype":"battle"}},{"type":"Feature","geometry":{"type":"Point","coordinates":[19.2833,40.5]},"properties":{"id":"battle_battle_of_saseno_1264","name":"Battle of Saseno","kind":"military","start_year":1264,"end_year":1264,"subtype":"battle"}},{"type":"Feature","geometry":{"type":"Point","coordinates":[44.3072,41.9236]},"properties":{"id":"battle_battle_of_sasireti_1042","name":"Battle of Sasireti","kind":"military","start_year":1042,"end_year":1042,"subtype":"battle"}},{"type":"Feature","geometry":{"type":"Point","coordinates":[39.6,40.05]},"properties":{"id":"battle_battle_of_satala_530","name":"Battle of Satala","kind":"military","start_year":530,"end_year":530,"subtype":"battle"}},{"type":"Feature","geometry":{"type":"Point","coordinates":[138.5618,35.1066]},"properties":{"id":"battle_battle_of_satta_pass_1352","name":"Battle of Satta Pass","kind":"military","start_year":1352,"end_year":1352,"subtype":"battle"}},{"type":"Feature","geometry":{"type":"Point","coordinates":[-3.9167,56.0667]},"properties":{"id":"battle_battle_of_sauchieburn_1488","name":"Battle of Sauchieburn","kind":"military","start_year":1488,"end_year":1488,"subtype":"battle"}},{"type":"Feature","geometry":{"type":"Point","coordinates":[1.5994,50.0818]},"properties":{"id":"battle_battle_of_saucourt_en_vimeu_881","name":"Battle of Saucourt-en-Vimeu","kind":"military","start_year":881,"end_year":881,"subtype":"battle"}},{"type":"Feature","geometry":{"type":"Point","coordinates":[23.5144,56.115]},"properties":{"id":"battle_battle_of_saule_1236","name":"Battle of Saule","kind":"military","start_year":1236,"end_year":1236,"subtype":"battle"}},{"type":"Feature","geometry":{"type":"Point","coordinates":[67.7686,43.5153]},"properties":{"id":"battle_battle_of_sauran_1376","name":"Battle of Sauran","kind":"military","start_year":1376,"end_year":1376,"subtype":"battle"}},{"type":"Feature","geometry":{"type":"Point","coordinates":[19.6833,40.9]},"properties":{"id":"battle_battle_of_savra_1385","name":"Battle of Savra","kind":"military","start_year":1385,"end_year":1385,"subtype":"battle"}},{"type":"Feature","geometry":{"type":"Point","coordinates":[9.1203,35.2404]},"properties":{"id":"battle_battle_of_sbeitla_540","name":"Battle of Sbeitla","kind":"military","start_year":540,"end_year":540,"subtype":"battle"}},{"type":"Feature","geometry":{"type":"Point","coordinates":[11.6167,44.0833]},"properties":{"id":"battle_battle_of_scalelle_1358","name":"Battle of Scalelle","kind":"military","start_year":1358,"end_year":1358,"subtype":"battle"}},{"type":"Feature","geometry":{"type":"Point","coordinates":[15.9222,43.8167]},"properties":{"id":"battle_battle_of_scardon_535","name":"Battle of Scardon","kind":"military","start_year":535,"end_year":535,"subtype":"battle"}},{"type":"Feature","geometry":{"type":"Point","coordinates":[5.1203,52.6342]},"properties":{"id":"battle_battle_of_schellinkhout_1282","name":"Battle of Schellinkhout","kind":"military","start_year":1282,"end_year":1282,"subtype":"battle"}},{"type":"Feature","geometry":{"type":"Point","coordinates":[4.3131,50.8439]},"properties":{"id":"battle_battle_of_scheut_1356","name":"Battle of Scheut","kind":"military","start_year":1356,"end_year":1356,"subtype":"battle"}},{"type":"Feature","geometry":{"type":"Point","coordinates":[10.7547,53.6619]},"properties":{"id":"battle_battle_of_schmilau_1093","name":"Battle of Schmilau","kind":"military","start_year":1093,"end_year":1093,"subtype":"battle"}},{"type":"Feature","geometry":{"type":"Point","coordinates":[9.1105,47.6604]},"properties":{"id":"battle_battle_of_schwaderloh_1499","name":"Battle of Schwaderloh","kind":"military","start_year":1499,"end_year":1499,"subtype":"battle"}},{"type":"Feature","geometry":{"type":"Point","coordinates":[8.9011,45.0563]},"properties":{"id":"battle_battle_of_scrivia_1315","name":"Battle of Scrivia","kind":"military","start_year":1315,"end_year":1315,"subtype":"battle"}},{"type":"Feature","geometry":{"type":"Point","coordinates":[37.0167,39.75]},"properties":{"id":"battle_battle_of_sebastia_1070","name":"Battle of Sebastia","kind":"military","start_year":1070,"end_year":1070,"subtype":"battle"}},{"type":"Feature","geometry":{"type":"Point","coordinates":[36.0834,39.9974]},"properties":{"id":"battle_battle_of_sebastopolis_692","name":"Battle of Sebastopolis","kind":"military","start_year":692,"end_year":692,"subtype":"battle"}},{"type":"Feature","geometry":{"type":"Point","coordinates":[-6.6784,34.263]},"properties":{"id":"battle_battle_of_sebou_740","name":"Battle of Sebou","kind":"military","start_year":740,"end_year":740,"subtype":"battle"}},{"type":"Feature","geometry":{"type":"Point","coordinates":[8.4692,49.4889]},"properties":{"id":"battle_battle_of_seckenheim_1462","name":"Battle of Seckenheim","kind":"military","start_year":1462,"end_year":1462,"subtype":"battle"}},{"type":"Feature","geometry":{"type":"Point","coordinates":[9.5229,52.188]},"properties":{"id":"battle_battle_of_sedem_nder_1260","name":"Battle of Sedemünder","kind":"military","start_year":1260,"end_year":1260,"subtype":"battle"}},{"type":"Feature","geometry":{"type":"Point","coordinates":[-0.8725,47.6864]},"properties":{"id":"battle_battle_of_segr_1066","name":"Battle of Segré","kind":"military","start_year":1066,"end_year":1066,"subtype":"battle"}},{"type":"Feature","geometry":{"type":"Point","coordinates":[-2.9871,51.785]},"properties":{"id":"battle_battle_of_seisyll_s_court_1175","name":"Battle of Seisyll's Court","kind":"military","start_year":1175,"end_year":1175,"subtype":"battle"}},{"type":"Feature","geometry":{"type":"Point","coordinates":[11.15,55.8833]},"properties":{"id":"battle_battle_of_sejer_1132","name":"Battle of Sejerø","kind":"military","start_year":1132,"end_year":1132,"subtype":"battle"}},{"type":"Feature","geometry":{"type":"Point","coordinates":[13.7266,50.5241]},"properties":{"id":"battle_battle_of_sellnitz_1438","name":"Battle of Sellnitz","kind":"military","start_year":1438,"end_year":1438,"subtype":"battle"}},{"type":"Feature","geometry":{"type":"Point","coordinates":[15.8667,38.3333]},"properties":{"id":"battle_battle_of_seminara_1495","name":"Battle of Seminara","kind":"military","start_year":1495,"end_year":1495,"subtype":"battle"}},{"type":"Feature","geometry":{"type":"Point","coordinates":[8.2133,47.1456]},"properties":{"id":"battle_battle_of_sempach_1386","name":"Battle of Sempach","kind":"military","start_year":1386,"end_year":1386,"subtype":"battle"}},{"type":"Feature","geometry":{"type":"Point","coordinates":[13.2528,43.7131]},"properties":{"id":"battle_battle_of_sena_gallica_551","name":"Battle of Sena Gallica","kind":"military","start_year":551,"end_year":551,"subtype":"battle"}},{"type":"Feature","geometry":{"type":"Point","coordinates":[17.3667,48.6806]},"properties":{"id":"battle_battle_of_senice_1304","name":"Battle of Senice","kind":"military","start_year":1304,"end_year":1304,"subtype":"battle"}},{"type":"Feature","geometry":{"type":"Point","coordinates":[133.5838,35.4244]},"properties":{"id":"battle_battle_of_senj_san_1333","name":"Battle of Senjōsan","kind":"military","start_year":1333,"end_year":1333,"subtype":"battle"}},{"type":"Feature","geometry":{"type":"Point","coordinates":[23.55,41.0833]},"properties":{"id":"battle_battle_of_serres_1196","name":"Battle of Serres","kind":"military","start_year":1196,"end_year":1196,"subtype":"battle"}},{"type":"Feature","geometry":{"type":"Point","coordinates":[21.6167,40.8667]},"properties":{"id":"battle_battle_of_setina_1017","name":"Battle of Setina","kind":"military","start_year":1017,"end_year":1017,"subtype":"battle"}},{"type":"Feature","geometry":{"type":"Point","coordinates":[23.1,37.25]},"properties":{"id":"battle_battle_of_settepozzi_1263","name":"Battle of Settepozzi","kind":"military","start_year":1263,"end_year":1263,"subtype":"battle"}},{"type":"Feature","geometry":{"type":"Point","coordinates":[45.3492,40.3106]},"properties":{"id":"battle_battle_of_sevan_921","name":"Battle of Sevan","kind":"military","start_year":921,"end_year":921,"subtype":"battle"}},{"type":"Feature","geometry":{"type":"Point","coordinates":[139.4962,35.483]},"properties":{"id":"battle_battle_of_seyahara_1417","name":"Battle of Seyahara","kind":"military","start_year":1417,"end_year":1417,"subtype":"battle"}},{"type":"Feature","geometry":{"type":"Point","coordinates":[36.567,35.2667]},"properties":{"id":"battle_battle_of_shaizar_1111","name":"Battle of Shaizar","kind":"military","start_year":1111,"end_year":1111,"subtype":"battle"}},{"type":"Feature","geometry":{"type":"Point","coordinates":[46.0189,40.8297]},"properties":{"id":"battle_battle_of_shamkor_1195","name":"Battle of Shamkor","kind":"military","start_year":1195,"end_year":1195,"subtype":"battle"}},{"type":"Feature","geometry":{"type":"Point","coordinates":[109.3,35.6]},"properties":{"id":"battle_battle_of_shayuan_537","name":"Battle of Shayuan","kind":"military","start_year":537,"end_year":537,"subtype":"battle"}},{"type":"Feature","geometry":{"type":"Point","coordinates":[30.7667,58.2]},"properties":{"id":"battle_battle_of_shelon_1471","name":"Battle of Shelon","kind":"military","start_year":1471,"end_year":1471,"subtype":"battle"}},{"type":"Feature","geometry":{"type":"Point","coordinates":[-2.2121,51.5727]},"properties":{"id":"battle_battle_of_sherston_1016","name":"Battle of Sherston","kind":"military","start_year":1016,"end_year":1016,"subtype":"battle"}},{"type":"Feature","geometry":{"type":"Point","coordinates":[135.6492,34.7324]},"properties":{"id":"battle_battle_of_shij_nawate_1348","name":"Battle of Shijōnawate","kind":"military","start_year":1348,"end_year":1348,"subtype":"battle"}},{"type":"Feature","geometry":{"type":"Point","coordinates":[136.3603,36.356]},"properties":{"id":"battle_battle_of_shinohara_1183","name":"Battle of Shinohara","kind":"military","start_year":1183,"end_year":1183,"subtype":"battle"}},{"type":"Feature","geometry":{"type":"Point","coordinates":[136.7976,36.8627]},"properties":{"id":"battle_battle_of_shioyama_1183","name":"Battle of Shioyama","kind":"military","start_year":1183,"end_year":1183,"subtype":"battle"}},{"type":"Feature","geometry":{"type":"Point","coordinates":[52.5425,29.61]},"properties":{"id":"battle_battle_of_shiraz_1393","name":"Battle of Shiraz","kind":"military","start_year":1393,"end_year":1393,"subtype":"battle"}},{"type":"Feature","geometry":{"type":"Point","coordinates":[43.2333,41.0167]},"properties":{"id":"battle_battle_of_shirimni_1021","name":"Battle of Shirimni","kind":"military","start_year":1021,"end_year":1021,"subtype":"battle"}},{"type":"Feature","geometry":{"type":"Point","coordinates":[48.45,39.7]},"properties":{"id":"battle_battle_of_shirkabut_1231","name":"Battle of Shirkabut","kind":"military","start_year":1231,"end_year":1231,"subtype":"battle"}},{"type":"Feature","geometry":{"type":"Point","coordinates":[43.8833,24.8025]},"properties":{"id":"battle_battle_of_shi_b_jabala_600","name":"Battle of Shi'b Jabala","kind":"military","start_year":600,"end_year":600,"subtype":"battle"}},{"type":"Feature","geometry":{"type":"Point","coordinates":[-2.7185,52.7475]},"properties":{"id":"battle_battle_of_shrewsbury_1403","name":"Battle of Shrewsbury","kind":"military","start_year":1403,"end_year":1403,"subtype":"battle"}},{"type":"Feature","geometry":{"type":"Point","coordinates":[-5.3923,35.9047]},"properties":{"id":"battle_battle_of_sierra_bullones_1342_1342","name":"Battle of Sierra Bullones (1342)","kind":"military","start_year":1342,"end_year":1342,"subtype":"battle"}},{"type":"Feature","geometry":{"type":"Point","coordinates":[39.0167,35.95]},"properties":{"id":"battle_battle_of_siffin_657","name":"Battle of Siffin","kind":"military","start_year":657,"end_year":657,"subtype":"battle"}},{"type":"Feature","geometry":{"type":"Point","coordinates":[27.2667,44.1167]},"properties":{"id":"battle_battle_of_silistra_968","name":"Battle of Silistra","kind":"military","start_year":968,"end_year":968,"subtype":"battle"}},{"type":"Feature","geometry":{"type":"Point","coordinates":[-8.4333,37.1833]},"properties":{"id":"battle_battle_of_silves_1182","name":"Battle of Silves","kind":"military","start_year":1182,"end_year":1182,"subtype":"battle"}},{"type":"Feature","geometry":{"type":"Point","coordinates":[-4.8167,41.6]},"properties":{"id":"battle_battle_of_simancas_939","name":"Battle of Simancas","kind":"military","start_year":939,"end_year":939,"subtype":"battle"}},{"type":"Feature","geometry":{"type":"Point","coordinates":[67.8629,26.4234]},"properties":{"id":"battle_battle_of_sind_1298","name":"Battle of Sind","kind":"military","start_year":1298,"end_year":1298,"subtype":"battle"}},{"type":"Feature","geometry":{"type":"Point","coordinates":[15.8958,41.6069]},"properties":{"id":"battle_battle_of_siponto_663","name":"Battle of Siponto","kind":"military","start_year":663,"end_year":663,"subtype":"battle"}},{"type":"Feature","geometry":{"type":"Point","coordinates":[19.6106,44.9661]},"properties":{"id":"battle_battle_of_sirmium_1167","name":"Battle of Sirmium","kind":"military","start_year":1167,"end_year":1167,"subtype":"battle"}},{"type":"Feature","geometry":{"type":"Point","coordinates":[27.4065,42.3425]},"properties":{"id":"battle_battle_of_skafida_1304","name":"Battle of Skafida","kind":"military","start_year":1304,"end_year":1304,"subtype":"battle"}},{"type":"Feature","geometry":{"type":"Point","coordinates":[-2.253,55.686]},"properties":{"id":"battle_battle_of_skaithmuir_1316","name":"Battle of Skaithmuir","kind":"military","start_year":1316,"end_year":1316,"subtype":"battle"}},{"type":"Feature","geometry":{"type":"Point","coordinates":[16.071,50.4031]},"properties":{"id":"battle_battle_of_skalice_1424","name":"Battle of Skalice","kind":"military","start_year":1424,"end_year":1424,"subtype":"battle"}},{"type":"Feature","geometry":{"type":"Point","coordinates":[12.8528,55.4136]},"properties":{"id":"battle_battle_of_skan_r_1289","name":"Battle of Skanör","kind":"military","start_year":1289,"end_year":1289,"subtype":"battle"}},{"type":"Feature","geometry":{"type":"Point","coordinates":[-6.565,53.297]},"properties":{"id":"battle_battle_of_skerries_1316","name":"Battle of Skerries","kind":"military","start_year":1316,"end_year":1316,"subtype":"battle"}},{"type":"Feature","geometry":{"type":"Point","coordinates":[-4.0667,57.95]},"properties":{"id":"battle_battle_of_skibo_and_strathfleet_1480","name":"Battle of Skibo and Strathfleet","kind":"military","start_year":1480,"end_year":1480,"subtype":"battle"}},{"type":"Feature","geometry":{"type":"Point","coordinates":[21.4333,42]},"properties":{"id":"battle_battle_of_skopje_1004","name":"Battle of Skopje","kind":"military","start_year":1004,"end_year":1004,"subtype":"battle"}},{"type":"Feature","geometry":{"type":"Point","coordinates":[21.4406,56.2364]},"properties":{"id":"battle_battle_of_skuodas_1258","name":"Battle of Skuodas","kind":"military","start_year":1258,"end_year":1258,"subtype":"battle"}},{"type":"Feature","geometry":{"type":"Point","coordinates":[-4.408,54.319]},"properties":{"id":"battle_battle_of_skyhill_1079","name":"Battle of Skyhill","kind":"military","start_year":1079,"end_year":1079,"subtype":"battle"}},{"type":"Feature","geometry":{"type":"Point","coordinates":[13.652,58.18]},"properties":{"id":"battle_battle_of_sle_1389","name":"Battle of Åsle","kind":"military","start_year":1389,"end_year":1389,"subtype":"battle"}},{"type":"Feature","geometry":{"type":"Point","coordinates":[-2.731,57.432]},"properties":{"id":"battle_battle_of_slioch_1307","name":"Battle of Slioch","kind":"military","start_year":1307,"end_year":1307,"subtype":"battle"}},{"type":"Feature","geometry":{"type":"Point","coordinates":[31.2947,51.4939]},"properties":{"id":"battle_battle_of_snovsk_1068","name":"Battle of Snovsk","kind":"military","start_year":1068,"end_year":1068,"subtype":"battle"}},{"type":"Feature","geometry":{"type":"Point","coordinates":[1.6753,48.9572]},"properties":{"id":"battle_battle_of_soindres_1188","name":"Battle of Soindres","kind":"military","start_year":1188,"end_year":1188,"subtype":"battle"}},{"type":"Feature","geometry":{"type":"Point","coordinates":[3.3236,49.3817]},"properties":{"id":"battle_battle_of_soissons_718","name":"Battle of Soissons","kind":"military","start_year":718,"end_year":718,"subtype":"battle"}},{"type":"Feature","geometry":{"type":"Point","coordinates":[40.9333,37.1833]},"properties":{"id":"battle_battle_of_solachon_586","name":"Battle of Solachon","kind":"military","start_year":586,"end_year":586,"subtype":"battle"}},{"type":"Feature","geometry":{"type":"Point","coordinates":[11.0956,44.7736]},"properties":{"id":"battle_battle_of_solara_1363","name":"Battle of Solara","kind":"military","start_year":1363,"end_year":1363,"subtype":"battle"}},{"type":"Feature","geometry":{"type":"Point","coordinates":[35.1611,45.0611]},"properties":{"id":"battle_battle_of_solkhat_1434","name":"Battle of Solkhat","kind":"military","start_year":1434,"end_year":1434,"subtype":"battle"}},{"type":"Feature","geometry":{"type":"Point","coordinates":[70.37,20.91]},"properties":{"id":"battle_battle_of_somnath_1026","name":"Battle of Somnath","kind":"military","start_year":1026,"end_year":1026,"subtype":"battle"}},{"type":"Feature","geometry":{"type":"Point","coordinates":[21.2706,48.8733]},"properties":{"id":"battle_battle_of_somo_e_1449","name":"Battle of Somoše","kind":"military","start_year":1449,"end_year":1449,"subtype":"battle"}},{"type":"Feature","geometry":{"type":"Point","coordinates":[75.0694,24.072]},"properties":{"id":"battle_battle_of_sondani_528","name":"Battle of Sondani","kind":"military","start_year":528,"end_year":528,"subtype":"battle"}},{"type":"Feature","geometry":{"type":"Point","coordinates":[11.0073,44.7481]},"properties":{"id":"battle_battle_of_sorbara_1084","name":"Battle of Sorbara","kind":"military","start_year":1084,"end_year":1084,"subtype":"battle"}},{"type":"Feature","geometry":{"type":"Point","coordinates":[12.2342,42.4194]},"properties":{"id":"battle_battle_of_soriano_1497","name":"Battle of Soriano","kind":"military","start_year":1497,"end_year":1497,"subtype":"battle"}},{"type":"Feature","geometry":{"type":"Point","coordinates":[31.9796,46.9866]},"properties":{"id":"battle_battle_of_southern_buh_896","name":"Battle of Southern Buh","kind":"military","start_year":896,"end_year":896,"subtype":"battle"}},{"type":"Feature","geometry":{"type":"Point","coordinates":[21.4138,42.1845]},"properties":{"id":"battle_battle_of_south_morava_1191","name":"Battle of South Morava","kind":"military","start_year":1191,"end_year":1191,"subtype":"battle"}},{"type":"Feature","geometry":{"type":"Point","coordinates":[51.675,32.6525]},"properties":{"id":"battle_battle_of_spahan_642","name":"Battle of Spahan","kind":"military","start_year":642,"end_year":642,"subtype":"battle"}},{"type":"Feature","geometry":{"type":"Point","coordinates":[16.9758,59.6942]},"properties":{"id":"battle_battle_of_sparrs_tra_1247","name":"Battle of Sparrsätra","kind":"military","start_year":1247,"end_year":1247,"subtype":"battle"}},{"type":"Feature","geometry":{"type":"Point","coordinates":[21.9305,38.9612]},"properties":{"id":"battle_battle_of_spercheios_997","name":"Battle of Spercheios","kind":"military","start_year":997,"end_year":997,"subtype":"battle"}},{"type":"Feature","geometry":{"type":"Point","coordinates":[14.3531,37.7658]},"properties":{"id":"battle_battle_of_sperlinga_1283","name":"Battle of Sperlinga","kind":"military","start_year":1283,"end_year":1283,"subtype":"battle"}},{"type":"Feature","geometry":{"type":"Point","coordinates":[12.7385,42.7344]},"properties":{"id":"battle_battle_of_spoleto_940","name":"Battle of Spoleto","kind":"military","start_year":940,"end_year":940,"subtype":"battle"}},{"type":"Feature","geometry":{"type":"Point","coordinates":[-2.226,54.524]},"properties":{"id":"battle_battle_of_stainmore_954","name":"Battle of Stainmore","kind":"military","start_year":954,"end_year":954,"subtype":"battle"}},{"type":"Feature","geometry":{"type":"Point","coordinates":[-3.4179,51.4619]},"properties":{"id":"battle_battle_of_stalling_down_1403","name":"Battle of Stalling Down","kind":"military","start_year":1403,"end_year":1403,"subtype":"battle"}},{"type":"Feature","geometry":{"type":"Point","coordinates":[-0.4837,52.6556]},"properties":{"id":"battle_battle_of_stamford_894_894","name":"Battle of Stamford 894","kind":"military","start_year":894,"end_year":894,"subtype":"battle"}},{"type":"Feature","geometry":{"type":"Point","coordinates":[-0.4837,52.6556]},"properties":{"id":"battle_battle_of_stamford_918","name":"Battle of Stamford","kind":"military","start_year":918,"end_year":918,"subtype":"battle"}},{"type":"Feature","geometry":{"type":"Point","coordinates":[-0.9125,53.9925]},"properties":{"id":"battle_battle_of_stamford_bridge_1066","name":"Battle of Stamford Bridge","kind":"military","start_year":1066,"end_year":1066,"subtype":"battle"}},{"type":"Feature","geometry":{"type":"Point","coordinates":[-2.11,54.7411]},"properties":{"id":"battle_battle_of_stanhope_park_1327","name":"Battle of Stanhope Park","kind":"military","start_year":1327,"end_year":1327,"subtype":"battle"}},{"type":"Feature","geometry":{"type":"Point","coordinates":[16.5656,50.4156]},"properties":{"id":"battle_battle_of_star_jesenice_1429","name":"Battle of Stará Jesenice","kind":"military","start_year":1429,"end_year":1429,"subtype":"battle"}},{"type":"Feature","geometry":{"type":"Point","coordinates":[16.5,39]},"properties":{"id":"battle_battle_of_stelai_880","name":"Battle of Stelai","kind":"military","start_year":880,"end_year":880,"subtype":"battle"}},{"type":"Feature","geometry":{"type":"Point","coordinates":[9.7277,53.9277]},"properties":{"id":"battle_battle_of_stellau_1201","name":"Battle of Stellau","kind":"military","start_year":1201,"end_year":1201,"subtype":"battle"}},{"type":"Feature","geometry":{"type":"Point","coordinates":[23.368,40.3989]},"properties":{"id":"battle_battle_of_stephaniana_1344","name":"Battle of Stephaniana","kind":"military","start_year":1344,"end_year":1344,"subtype":"battle"}},{"type":"Feature","geometry":{"type":"Point","coordinates":[5.1328,50.7492]},"properties":{"id":"battle_battle_of_steppes_1213","name":"Battle of Steppes","kind":"military","start_year":1213,"end_year":1213,"subtype":"battle"}},{"type":"Feature","geometry":{"type":"Point","coordinates":[11.5667,63.7967]},"properties":{"id":"battle_battle_of_stiklestad_1030","name":"Battle of Stiklestad","kind":"military","start_year":1030,"end_year":1030,"subtype":"battle"}},{"type":"Feature","geometry":{"type":"Point","coordinates":[17.2022,39.0254]},"properties":{"id":"battle_battle_of_stilo_982","name":"Battle of Stilo","kind":"military","start_year":982,"end_year":982,"subtype":"battle"}},{"type":"Feature","geometry":{"type":"Point","coordinates":[-3.935,56.13]},"properties":{"id":"battle_battle_of_stirling_bridge_1297","name":"Battle of Stirling Bridge","kind":"military","start_year":1297,"end_year":1297,"subtype":"battle"}},{"type":"Feature","geometry":{"type":"Point","coordinates":[-0.888,53.035]},"properties":{"id":"battle_battle_of_stoke_field_1487","name":"Battle of Stoke Field","kind":"military","start_year":1487,"end_year":1487,"subtype":"battle"}},{"type":"Feature","geometry":{"type":"Point","coordinates":[14.425,63.1292]},"properties":{"id":"battle_battle_of_storsj_n_1178","name":"Battle of Storsjön","kind":"military","start_year":1178,"end_year":1178,"subtype":"battle"}},{"type":"Feature","geometry":{"type":"Point","coordinates":[-2.655,56.741]},"properties":{"id":"battle_battle_of_stracathro_1130","name":"Battle of Stracathro","kind":"military","start_year":1130,"end_year":1130,"subtype":"battle"}},{"type":"Feature","geometry":{"type":"Point","coordinates":[6.2667,51.45]},"properties":{"id":"battle_battle_of_straelen_1468","name":"Battle of Straelen","kind":"military","start_year":1468,"end_year":1468,"subtype":"battle"}},{"type":"Feature","geometry":{"type":"Point","coordinates":[7.7522,48.5733]},"properties":{"id":"battle_battle_of_strasbourg_506","name":"Battle of Strasbourg","kind":"military","start_year":506,"end_year":506,"subtype":"battle"}},{"type":"Feature","geometry":{"type":"Point","coordinates":[-4.71,57.12]},"properties":{"id":"battle_battle_of_strathyre_654","name":"Battle of Strathyre","kind":"military","start_year":654,"end_year":654,"subtype":"battle"}},{"type":"Feature","geometry":{"type":"Point","coordinates":[22.6333,41.4333]},"properties":{"id":"battle_battle_of_strumica_1014","name":"Battle of Strumica","kind":"military","start_year":1014,"end_year":1014,"subtype":"battle"}},{"type":"Feature","geometry":{"type":"Point","coordinates":[24.4167,54.8]},"properties":{"id":"battle_battle_of_str_va_1348","name":"Battle of Strėva","kind":"military","start_year":1348,"end_year":1348,"subtype":"battle"}},{"type":"Feature","geometry":{"type":"Point","coordinates":[-3.442,53.258]},"properties":{"id":"battle_battle_of_st_asaph_1406","name":"Battle of St Asaph","kind":"military","start_year":1406,"end_year":1406,"subtype":"battle"}},{"type":"Feature","geometry":{"type":"Point","coordinates":[-4.5042,51.8204]},"properties":{"id":"battle_battle_of_st_clears_1403","name":"Battle of St Clears","kind":"military","start_year":1403,"end_year":1403,"subtype":"battle"}},{"type":"Feature","geometry":{"type":"Point","coordinates":[7.618,47.542]},"properties":{"id":"battle_battle_of_st_jakob_an_der_birs_1444","name":"Battle of St. Jakob an der Birs","kind":"military","start_year":1444,"end_year":1444,"subtype":"battle"}},{"type":"Feature","geometry":{"type":"Point","coordinates":[-1.3247,48.5228]},"properties":{"id":"battle_battle_of_st_james_1426","name":"Battle of St. James","kind":"military","start_year":1426,"end_year":1426,"subtype":"battle"}},{"type":"Feature","geometry":{"type":"Point","coordinates":[9.2932,57.0624]},"properties":{"id":"battle_battle_of_st_j_rgensbjerg_1441","name":"Battle of St. Jørgensbjerg","kind":"military","start_year":1441,"end_year":1441,"subtype":"battle"}},{"type":"Feature","geometry":{"type":"Point","coordinates":[25.5956,58.3633]},"properties":{"id":"battle_battle_of_st_matthew_s_day_1217","name":"Battle of St. Matthew's Day","kind":"military","start_year":1217,"end_year":1217,"subtype":"battle"}},{"type":"Feature","geometry":{"type":"Point","coordinates":[141.007,39.201]},"properties":{"id":"battle_battle_of_subushi_789","name":"Battle of Subushi","kind":"military","start_year":789,"end_year":789,"subtype":"battle"}},{"type":"Feature","geometry":{"type":"Point","coordinates":[34.9725,44.8514]},"properties":{"id":"battle_battle_of_sudak_1221","name":"Battle of Sudak","kind":"military","start_year":1221,"end_year":1221,"subtype":"battle"}},{"type":"Feature","geometry":{"type":"Point","coordinates":[14.0639,49.2419]},"properties":{"id":"battle_battle_of_sudom_1420","name":"Battle of Sudoměř","kind":"military","start_year":1420,"end_year":1420,"subtype":"battle"}},{"type":"Feature","geometry":{"type":"Point","coordinates":[9.1203,35.2404]},"properties":{"id":"battle_battle_of_sufetula_647","name":"Battle of Sufetula","kind":"military","start_year":647,"end_year":647,"subtype":"battle"}},{"type":"Feature","geometry":{"type":"Point","coordinates":[115.6189,34.3831]},"properties":{"id":"battle_battle_of_suiyang_757","name":"Battle of Suiyang","kind":"military","start_year":757,"end_year":757,"subtype":"battle"}},{"type":"Feature","geometry":{"type":"Point","coordinates":[-7.8333,52.6667]},"properties":{"id":"battle_battle_of_sulcoit_968","name":"Battle of Sulcoit","kind":"military","start_year":968,"end_year":968,"subtype":"battle"}},{"type":"Feature","geometry":{"type":"Point","coordinates":[136.6839,35.353]},"properties":{"id":"battle_battle_of_sunomata_gawa_1181","name":"Battle of Sunomata-gawa","kind":"military","start_year":1181,"end_year":1181,"subtype":"battle"}},{"type":"Feature","geometry":{"type":"Point","coordinates":[40.4489,56.4211]},"properties":{"id":"battle_battle_of_suzdal_1097","name":"Battle of Suzdal","kind":"military","start_year":1097,"end_year":1097,"subtype":"battle"}},{"type":"Feature","geometry":{"type":"Point","coordinates":[41.6,39.9]},"properties":{"id":"battle_battle_of_svindax_1022","name":"Battle of Svindax","kind":"military","start_year":1022,"end_year":1022,"subtype":"battle"}},{"type":"Feature","geometry":{"type":"Point","coordinates":[12.75,55.75]},"properties":{"id":"battle_battle_of_svolder_999","name":"Battle of Svolder","kind":"military","start_year":999,"end_year":999,"subtype":"battle"}},{"type":"Feature","geometry":{"type":"Point","coordinates":[15.2875,37.0692]},"properties":{"id":"battle_battle_of_syracuse_859","name":"Battle of Syracuse","kind":"military","start_year":859,"end_year":859,"subtype":"battle"}},{"type":"Feature","geometry":{"type":"Point","coordinates":[16.6089,52.6531]},"properties":{"id":"battle_battle_of_szamotu_y_1383","name":"Battle of Szamotuły","kind":"military","start_year":1383,"end_year":1383,"subtype":"battle"}},{"type":"Feature","geometry":{"type":"Point","coordinates":[9.3336,52.2106]},"properties":{"id":"battle_battle_of_s_ntel_782","name":"Battle of Süntel","kind":"military","start_year":782,"end_year":782,"subtype":"battle"}},{"type":"Feature","geometry":{"type":"Point","coordinates":[-8.2908,41.445]},"properties":{"id":"battle_battle_of_s_o_mamede_1128","name":"Battle of São Mamede","kind":"military","start_year":1128,"end_year":1128,"subtype":"battle"}},{"type":"Feature","geometry":{"type":"Point","coordinates":[8.0456,46.8064]},"properties":{"id":"battle_battle_of_s_renberg_1380","name":"Battle of Sörenberg","kind":"military","start_year":1380,"end_year":1380,"subtype":"battle"}},{"type":"Feature","geometry":{"type":"Point","coordinates":[26.035,40.7306]},"properties":{"id":"battle_battle_of_s_rp_s_nd_1364","name":"Battle of Sırp Sındığı","kind":"military","start_year":1364,"end_year":1364,"subtype":"battle"}},{"type":"Feature","geometry":{"type":"Point","coordinates":[5.41,36.19]},"properties":{"id":"battle_battle_of_s_tif_1153","name":"Battle of Sétif","kind":"military","start_year":1153,"end_year":1153,"subtype":"battle"}},{"type":"Feature","geometry":{"type":"Point","coordinates":[8.755,36.955]},"properties":{"id":"battle_battle_of_tabarka_700","name":"Battle of Tabarka","kind":"military","start_year":700,"end_year":700,"subtype":"battle"}},{"type":"Feature","geometry":{"type":"Point","coordinates":[-8.3045,21.0621]},"properties":{"id":"battle_battle_of_tabfarilla_1056","name":"Battle of Tabfarilla","kind":"military","start_year":1056,"end_year":1056,"subtype":"battle"}},{"type":"Feature","geometry":{"type":"Point","coordinates":[-6.135,37.3621]},"properties":{"id":"battle_battle_of_tablada_844","name":"Battle of Tablada","kind":"military","start_year":844,"end_year":844,"subtype":"battle"}},{"type":"Feature","geometry":{"type":"Point","coordinates":[12.6331,49.7953]},"properties":{"id":"battle_battle_of_tachov_1427","name":"Battle of Tachov","kind":"military","start_year":1427,"end_year":1427,"subtype":"battle"}},{"type":"Feature","geometry":{"type":"Point","coordinates":[-1.6667,42.5167]},"properties":{"id":"battle_battle_of_tafalla_1043","name":"Battle of Tafalla","kind":"military","start_year":1043,"end_year":1043,"subtype":"battle"}},{"type":"Feature","geometry":{"type":"Point","coordinates":[-3.6392,52.6101]},"properties":{"id":"battle_battle_of_taflowern_1167","name":"Battle of Taflowern","kind":"military","start_year":1167,"end_year":1167,"subtype":"battle"}},{"type":"Feature","geometry":{"type":"Point","coordinates":[12.7833,43.2333]},"properties":{"id":"battle_battle_of_taginae_552","name":"Battle of Taginae","kind":"military","start_year":552,"end_year":552,"subtype":"battle"}},{"type":"Feature","geometry":{"type":"Point","coordinates":[13.2567,42.0658]},"properties":{"id":"battle_battle_of_tagliacozzo_1268","name":"Battle of Tagliacozzo","kind":"military","start_year":1268,"end_year":1268,"subtype":"battle"}},{"type":"Feature","geometry":{"type":"Point","coordinates":[1.3167,35.3667]},"properties":{"id":"battle_battle_of_tahert_790","name":"Battle of Tahert","kind":"military","start_year":790,"end_year":790,"subtype":"battle"}},{"type":"Feature","geometry":{"type":"Point","coordinates":[-0.65,45.83]},"properties":{"id":"battle_battle_of_taillebourg_1242","name":"Battle of Taillebourg","kind":"military","start_year":1242,"end_year":1242,"subtype":"battle"}},{"type":"Feature","geometry":{"type":"Point","coordinates":[79.7353,13.0159]},"properties":{"id":"battle_battle_of_takkolam_949","name":"Battle of Takkolam","kind":"military","start_year":949,"end_year":949,"subtype":"battle"}},{"type":"Feature","geometry":{"type":"Point","coordinates":[-4.2356,53.3535]},"properties":{"id":"battle_battle_of_tal_moelfre_1157","name":"Battle of Tal Moelfre","kind":"military","start_year":1157,"end_year":1157,"subtype":"battle"}},{"type":"Feature","geometry":{"type":"Point","coordinates":[-4.3952,42.2103]},"properties":{"id":"battle_battle_of_tamar_n_1037","name":"Battle of Tamarón","kind":"military","start_year":1037,"end_year":1037,"subtype":"battle"}},{"type":"Feature","geometry":{"type":"Point","coordinates":[2.0941,48.2603]},"properties":{"id":"battle_battle_of_tampes_604","name":"Battle of Étampes","kind":"military","start_year":604,"end_year":604,"subtype":"battle"}},{"type":"Feature","geometry":{"type":"Point","coordinates":[121,37]},"properties":{"id":"battle_battle_of_tangdao_1161","name":"Battle of Tangdao","kind":"military","start_year":1161,"end_year":1161,"subtype":"battle"}},{"type":"Feature","geometry":{"type":"Point","coordinates":[-5.8039,35.7767]},"properties":{"id":"battle_battle_of_tangier_1437","name":"Battle of Tangier","kind":"military","start_year":1437,"end_year":1437,"subtype":"battle"}},{"type":"Feature","geometry":{"type":"Point","coordinates":[-3.1461,58.4117]},"properties":{"id":"battle_battle_of_tannach_1464","name":"Battle of Tannach","kind":"military","start_year":1464,"end_year":1464,"subtype":"battle"}},{"type":"Feature","geometry":{"type":"Point","coordinates":[113.1319,28.2439]},"properties":{"id":"battle_battle_of_tanzhou_1275","name":"Battle of Tanzhou","kind":"military","start_year":1275,"end_year":1275,"subtype":"battle"}},{"type":"Feature","geometry":{"type":"Point","coordinates":[9.4767,56.4533]},"properties":{"id":"battle_battle_of_taphede_1334","name":"Battle of Taphede","kind":"military","start_year":1334,"end_year":1334,"subtype":"battle"}},{"type":"Feature","geometry":{"type":"Point","coordinates":[17.2431,40.4711]},"properties":{"id":"battle_battle_of_taranto_840","name":"Battle of Taranto","kind":"military","start_year":840,"end_year":840,"subtype":"battle"}},{"type":"Feature","geometry":{"type":"Point","coordinates":[-6.6119,53.5775]},"properties":{"id":"battle_battle_of_tara_980","name":"Battle of Tara","kind":"military","start_year":980,"end_year":980,"subtype":"battle"}},{"type":"Feature","geometry":{"type":"Point","coordinates":[-3.8167,57.8333]},"properties":{"id":"battle_battle_of_tarbat_1486","name":"Battle of Tarbat","kind":"military","start_year":1486,"end_year":1486,"subtype":"battle"}},{"type":"Feature","geometry":{"type":"Point","coordinates":[21.0033,50.9431]},"properties":{"id":"battle_battle_of_tarczek_1241","name":"Battle of Tarczek","kind":"military","start_year":1241,"end_year":1241,"subtype":"battle"}},{"type":"Feature","geometry":{"type":"Point","coordinates":[62.2031,34.3419]},"properties":{"id":"battle_battle_of_tarnab_1448","name":"Battle of Tarnab","kind":"military","start_year":1448,"end_year":1448,"subtype":"battle"}},{"type":"Feature","geometry":{"type":"Point","coordinates":[34.9,36.9167]},"properties":{"id":"battle_battle_of_tarsus_1165","name":"Battle of Tarsus","kind":"military","start_year":1165,"end_year":1165,"subtype":"battle"}},{"type":"Feature","geometry":{"type":"Point","coordinates":[44.2819,41.1244]},"properties":{"id":"battle_battle_of_tashir_1040","name":"Battle of Tashir","kind":"military","start_year":1040,"end_year":1040,"subtype":"battle"}},{"type":"Feature","geometry":{"type":"Point","coordinates":[130.4451,33.628]},"properties":{"id":"battle_battle_of_tatarahama_1336","name":"Battle of Tatarahama","kind":"military","start_year":1336,"end_year":1336,"subtype":"battle"}},{"type":"Feature","geometry":{"type":"Point","coordinates":[9.7133,40.9062]},"properties":{"id":"battle_battle_of_tavolara_1284","name":"Battle of Tavolara","kind":"military","start_year":1284,"end_year":1284,"subtype":"battle"}},{"type":"Feature","geometry":{"type":"Point","coordinates":[34.7463,31.866]},"properties":{"id":"battle_battle_of_tawahin_978","name":"Battle of Tawahin","kind":"military","start_year":978,"end_year":978,"subtype":"battle"}},{"type":"Feature","geometry":{"type":"Point","coordinates":[-4.9184,36.9833]},"properties":{"id":"battle_battle_of_teba_1330","name":"Battle of Teba","kind":"military","start_year":1330,"end_year":1330,"subtype":"battle"}},{"type":"Feature","geometry":{"type":"Point","coordinates":[138.3658,34.9384]},"properties":{"id":"battle_battle_of_tegoshigawara_1336","name":"Battle of Tegoshigawara","kind":"military","start_year":1336,"end_year":1336,"subtype":"battle"}},{"type":"Feature","geometry":{"type":"Point","coordinates":[-0.5732,34.7849]},"properties":{"id":"battle_battle_of_telagh_1268","name":"Battle of Telagh","kind":"military","start_year":1268,"end_year":1268,"subtype":"battle"}},{"type":"Feature","geometry":{"type":"Point","coordinates":[-0.2962,52.1706]},"properties":{"id":"battle_battle_of_tempsford_917","name":"Battle of Tempsford","kind":"military","start_year":917,"end_year":917,"subtype":"battle"}},{"type":"Feature","geometry":{"type":"Point","coordinates":[4.8692,36.6705]},"properties":{"id":"battle_battle_of_temzezdekt_1327","name":"Battle of Temzezdekt","kind":"military","start_year":1327,"end_year":1327,"subtype":"battle"}},{"type":"Feature","geometry":{"type":"Point","coordinates":[35.2144,31.6364]},"properties":{"id":"battle_battle_of_teqoa_1138","name":"Battle of Teqoa","kind":"military","start_year":1138,"end_year":1138,"subtype":"battle"}},{"type":"Feature","geometry":{"type":"Point","coordinates":[25.7,49.3]},"properties":{"id":"battle_battle_of_terebovlia_1154","name":"Battle of Terebovlia","kind":"military","start_year":1154,"end_year":1154,"subtype":"battle"}},{"type":"Feature","geometry":{"type":"Point","coordinates":[3.9694,49.8631]},"properties":{"id":"battle_battle_of_tertry_687","name":"Battle of Tertry","kind":"military","start_year":687,"end_year":687,"subtype":"battle"}},{"type":"Feature","geometry":{"type":"Point","coordinates":[135.424,34.7963]},"properties":{"id":"battle_battle_of_teshimagawara_1336","name":"Battle of Teshimagawara","kind":"military","start_year":1336,"end_year":1336,"subtype":"battle"}},{"type":"Feature","geometry":{"type":"Point","coordinates":[-2.1333,52.5833]},"properties":{"id":"battle_battle_of_tettenhall_910","name":"Battle of Tettenhall","kind":"military","start_year":910,"end_year":910,"subtype":"battle"}},{"type":"Feature","geometry":{"type":"Point","coordinates":[0.0767,40.7128]},"properties":{"id":"battle_battle_of_tevar_1090","name":"Battle of Tevar","kind":"military","start_year":1090,"end_year":1090,"subtype":"battle"}},{"type":"Feature","geometry":{"type":"Point","coordinates":[-2.1614,51.9864]},"properties":{"id":"battle_battle_of_tewkesbury_1471","name":"Battle of Tewkesbury","kind":"military","start_year":1471,"end_year":1471,"subtype":"battle"}},{"type":"Feature","geometry":{"type":"Point","coordinates":[9.0503,36.3028]},"properties":{"id":"battle_battle_of_thacia_545","name":"Battle of Thacia","kind":"military","start_year":545,"end_year":545,"subtype":"battle"}},{"type":"Feature","geometry":{"type":"Point","coordinates":[40.8665,36.4218]},"properties":{"id":"battle_battle_of_thannuris_528","name":"Battle of Thannuris","kind":"military","start_year":528,"end_year":528,"subtype":"battle"}},{"type":"Feature","geometry":{"type":"Point","coordinates":[22.9,40.65]},"properties":{"id":"battle_battle_of_thessalonica_1000","name":"Battle of Thessalonica","kind":"military","start_year":1000,"end_year":1000,"subtype":"battle"}},{"type":"Feature","geometry":{"type":"Point","coordinates":[-0.6039,39.3583]},"properties":{"id":"battle_battle_of_the_alcalans_1129","name":"Battle of the Alcalans","kind":"military","start_year":1129,"end_year":1129,"subtype":"battle"}},{"type":"Feature","geometry":{"type":"Point","coordinates":[31.4333,50.05]},"properties":{"id":"battle_battle_of_the_alta_river_1068","name":"Battle of the Alta River","kind":"military","start_year":1068,"end_year":1068,"subtype":"battle"}},{"type":"Feature","geometry":{"type":"Point","coordinates":[47.442,31.0043]},"properties":{"id":"battle_battle_of_the_al_hira_canal_633","name":"Battle of the Al Hira Canal","kind":"military","start_year":633,"end_year":633,"subtype":"battle"}},{"type":"Feature","geometry":{"type":"Point","coordinates":[41.3282,39.3379]},"properties":{"id":"battle_battle_of_the_araxes_589","name":"Battle of the Araxes","kind":"military","start_year":589,"end_year":589,"subtype":"battle"}},{"type":"Feature","geometry":{"type":"Point","coordinates":[68.3063,37.106]},"properties":{"id":"battle_battle_of_the_baggage_737","name":"Battle of the Baggage","kind":"military","start_year":737,"end_year":737,"subtype":"battle"}},{"type":"Feature","geometry":{"type":"Point","coordinates":[7.6032,36.2229]},"properties":{"id":"battle_battle_of_the_bagradas_river_536","name":"Battle of the Bagradas River","kind":"military","start_year":536,"end_year":536,"subtype":"battle"}},{"type":"Feature","geometry":{"type":"Point","coordinates":[47.81,30.515]},"properties":{"id":"battle_battle_of_the_barges_869","name":"Battle of the Barges","kind":"military","start_year":869,"end_year":869,"subtype":"battle"}},{"type":"Feature","geometry":{"type":"Point","coordinates":[46.1932,37.0116]},"properties":{"id":"battle_battle_of_the_blarathon_591","name":"Battle of the Blarathon","kind":"military","start_year":591,"end_year":591,"subtype":"battle"}},{"type":"Feature","geometry":{"type":"Point","coordinates":[5.7938,53.0768]},"properties":{"id":"battle_battle_of_the_boarn_734","name":"Battle of the Boarn","kind":"military","start_year":734,"end_year":734,"subtype":"battle"}},{"type":"Feature","geometry":{"type":"Point","coordinates":[29.0383,41.05]},"properties":{"id":"battle_battle_of_the_bosporus_1352","name":"Battle of the Bosporus","kind":"military","start_year":1352,"end_year":1352,"subtype":"battle"}},{"type":"Feature","geometry":{"type":"Point","coordinates":[-6.1508,43.4047]},"properties":{"id":"battle_battle_of_the_bridge_of_cornellana_842","name":"Battle of the Bridge of Cornellana","kind":"military","start_year":842,"end_year":842,"subtype":"battle"}},{"type":"Feature","geometry":{"type":"Point","coordinates":[-6.65,42.7167]},"properties":{"id":"battle_battle_of_the_burbia_river_791","name":"Battle of the Burbia River","kind":"military","start_year":791,"end_year":791,"subtype":"battle"}},{"type":"Feature","geometry":{"type":"Point","coordinates":[47.8167,30.5]},"properties":{"id":"battle_battle_of_the_camel_656","name":"Battle of the Camel","kind":"military","start_year":656,"end_year":656,"subtype":"battle"}},{"type":"Feature","geometry":{"type":"Point","coordinates":[68.7086,40.8994]},"properties":{"id":"battle_battle_of_the_chirciq_river_1488","name":"Battle of the Chirciq River","kind":"military","start_year":1488,"end_year":1488,"subtype":"battle"}},{"type":"Feature","geometry":{"type":"Point","coordinates":[34.7861,37.2853]},"properties":{"id":"battle_battle_of_the_cilician_gates_878","name":"Battle of the Cilician Gates","kind":"military","start_year":878,"end_year":878,"subtype":"battle"}},{"type":"Feature","geometry":{"type":"Point","coordinates":[2.8561,42.4556]},"properties":{"id":"battle_battle_of_the_col_de_panissars_1285","name":"Battle of the Col de Panissars","kind":"military","start_year":1285,"end_year":1285,"subtype":"battle"}},{"type":"Feature","geometry":{"type":"Point","coordinates":[-3.83,53.28]},"properties":{"id":"battle_battle_of_the_conwy_881","name":"Battle of the Conwy","kind":"military","start_year":881,"end_year":881,"subtype":"battle"}},{"type":"Feature","geometry":{"type":"Point","coordinates":[14.25,40.8333]},"properties":{"id":"battle_battle_of_the_counts_1287","name":"Battle of the Counts","kind":"military","start_year":1287,"end_year":1287,"subtype":"battle"}},{"type":"Feature","geometry":{"type":"Point","coordinates":[-6.84,53.1575]},"properties":{"id":"battle_battle_of_the_curragh_1234","name":"Battle of the Curragh","kind":"military","start_year":1234,"end_year":1234,"subtype":"battle"}},{"type":"Feature","geometry":{"type":"Point","coordinates":[27.8886,40.38]},"properties":{"id":"battle_battle_of_the_cyzicus_1303","name":"Battle of the Cyzicus","kind":"military","start_year":1303,"end_year":1303,"subtype":"battle"}},{"type":"Feature","geometry":{"type":"Point","coordinates":[66.9097,39.2939]},"properties":{"id":"battle_battle_of_the_defile_731","name":"Battle of the Defile","kind":"military","start_year":731,"end_year":731,"subtype":"battle"}},{"type":"Feature","geometry":{"type":"Point","coordinates":[35.5962,33.9577]},"properties":{"id":"battle_battle_of_the_dog_river_1100","name":"Battle of the Dog River","kind":"military","start_year":1100,"end_year":1100,"subtype":"battle"}},{"type":"Feature","geometry":{"type":"Point","coordinates":[21.0667,38.3667]},"properties":{"id":"battle_battle_of_the_echinades_1427","name":"Battle of the Echinades","kind":"military","start_year":1427,"end_year":1427,"subtype":"battle"}},{"type":"Feature","geometry":{"type":"Point","coordinates":[10,34]},"properties":{"id":"battle_battle_of_the_fields_of_cato_548","name":"Battle of the Fields of Cato","kind":"military","start_year":548,"end_year":548,"subtype":"battle"}},{"type":"Feature","geometry":{"type":"Point","coordinates":[-2.75,56.1667]},"properties":{"id":"battle_battle_of_the_firth_of_forth_1489","name":"Battle of the Firth of Forth","kind":"military","start_year":1489,"end_year":1489,"subtype":"battle"}},{"type":"Feature","geometry":{"type":"Point","coordinates":[16.6764,48.1194]},"properties":{"id":"battle_battle_of_the_fischa_1146","name":"Battle of the Fischa","kind":"military","start_year":1146,"end_year":1146,"subtype":"battle"}},{"type":"Feature","geometry":{"type":"Point","coordinates":[-0.6344,45.7453]},"properties":{"id":"battle_battle_of_the_forest_of_heroes_800","name":"Battle of the Forest of Heroes","kind":"military","start_year":800,"end_year":800,"subtype":"battle"}},{"type":"Feature","geometry":{"type":"Point","coordinates":[23.9183,42.3561]},"properties":{"id":"battle_battle_of_the_gates_of_trajan_986","name":"Battle of the Gates of Trajan","kind":"military","start_year":986,"end_year":986,"subtype":"battle"}},{"type":"Feature","geometry":{"type":"Point","coordinates":[5.7194,50.9076]},"properties":{"id":"battle_battle_of_the_geul_river_891","name":"Battle of the Geul River","kind":"military","start_year":891,"end_year":891,"subtype":"battle"}},{"type":"Feature","geometry":{"type":"Point","coordinates":[3.2758,50.8289]},"properties":{"id":"battle_battle_of_the_golden_spurs_1302","name":"Battle of the Golden Spurs","kind":"military","start_year":1302,"end_year":1302,"subtype":"battle"}},{"type":"Feature","geometry":{"type":"Point","coordinates":[-5.2041,36.7542]},"properties":{"id":"battle_battle_of_the_guadiaro_river_1010","name":"Battle of the Guadiaro River","kind":"military","start_year":1010,"end_year":1010,"subtype":"battle"}},{"type":"Feature","geometry":{"type":"Point","coordinates":[-15.4319,28.0961]},"properties":{"id":"battle_battle_of_the_guiniguada_1478","name":"Battle of the Guiniguada","kind":"military","start_year":1478,"end_year":1478,"subtype":"battle"}},{"type":"Feature","geometry":{"type":"Point","coordinates":[-20.8333,65.8333]},"properties":{"id":"battle_battle_of_the_gulf_1244","name":"Battle of the Gulf","kind":"military","start_year":1244,"end_year":1244,"subtype":"battle"}},{"type":"Feature","geometry":{"type":"Point","coordinates":[22.5,38.2]},"properties":{"id":"battle_battle_of_the_gulf_of_corinth_873","name":"Battle of the Gulf of Corinth","kind":"military","start_year":873,"end_year":873,"subtype":"battle"}},{"type":"Feature","geometry":{"type":"Point","coordinates":[14.4833,40.7]},"properties":{"id":"battle_battle_of_the_gulf_of_naples_1284","name":"Battle of the Gulf of Naples","kind":"military","start_year":1284,"end_year":1284,"subtype":"battle"}},{"type":"Feature","geometry":{"type":"Point","coordinates":[8.0431,52.2789]},"properties":{"id":"battle_battle_of_the_hase_783","name":"Battle of the Hase","kind":"military","start_year":783,"end_year":783,"subtype":"battle"}},{"type":"Feature","geometry":{"type":"Point","coordinates":[1.7333,48.0667]},"properties":{"id":"battle_battle_of_the_herrings_1429","name":"Battle of the Herrings","kind":"military","start_year":1429,"end_year":1429,"subtype":"battle"}},{"type":"Feature","geometry":{"type":"Point","coordinates":[42.2989,42.1252]},"properties":{"id":"battle_battle_of_the_hippus_550","name":"Battle of the Hippus","kind":"military","start_year":550,"end_year":550,"subtype":"battle"}},{"type":"Feature","geometry":{"type":"Point","coordinates":[-0.2425,52.4759]},"properties":{"id":"battle_battle_of_the_holme_902","name":"Battle of the Holme","kind":"military","start_year":902,"end_year":902,"subtype":"battle"}},{"type":"Feature","geometry":{"type":"Point","coordinates":[36.75,35.135]},"properties":{"id":"battle_battle_of_the_horns_of_hama_1175","name":"Battle of the Horns of Hama","kind":"military","start_year":1175,"end_year":1175,"subtype":"battle"}},{"type":"Feature","geometry":{"type":"Point","coordinates":[27.5,58.2333]},"properties":{"id":"battle_battle_of_the_ice_1242","name":"Battle of the Ice","kind":"military","start_year":1242,"end_year":1242,"subtype":"battle"}},{"type":"Feature","geometry":{"type":"Point","coordinates":[67.4308,23.9944]},"properties":{"id":"battle_battle_of_the_indus_1027","name":"Battle of the Indus","kind":"military","start_year":1027,"end_year":1027,"subtype":"battle"}},{"type":"Feature","geometry":{"type":"Point","coordinates":[36.3531,36.2483]},"properties":{"id":"battle_battle_of_the_iron_bridge_637","name":"Battle of the Iron Bridge","kind":"military","start_year":637,"end_year":637,"subtype":"battle"}},{"type":"Feature","geometry":{"type":"Point","coordinates":[-4.3867,54.3222]},"properties":{"id":"battle_battle_of_the_isle_of_man_1158","name":"Battle of the Isle of Man","kind":"military","start_year":1158,"end_year":1158,"subtype":"battle"}},{"type":"Feature","geometry":{"type":"Point","coordinates":[37.4957,47.2508]},"properties":{"id":"battle_battle_of_the_kalka_river_1223","name":"Battle of the Kalka River","kind":"military","start_year":1223,"end_year":1223,"subtype":"battle"}},{"type":"Feature","geometry":{"type":"Point","coordinates":[50.45,53.45]},"properties":{"id":"battle_battle_of_the_kondurcha_river_1391","name":"Battle of the Kondurcha River","kind":"military","start_year":1391,"end_year":1391,"subtype":"battle"}},{"type":"Feature","geometry":{"type":"Point","coordinates":[16.2303,47.7367]},"properties":{"id":"battle_battle_of_the_leitha_river_1246","name":"Battle of the Leitha River","kind":"military","start_year":1246,"end_year":1246,"subtype":"battle"}},{"type":"Feature","geometry":{"type":"Point","coordinates":[36.5089,40.7619]},"properties":{"id":"battle_battle_of_the_lycus_626","name":"Battle of the Lycus","kind":"military","start_year":626,"end_year":626,"subtype":"battle"}},{"type":"Feature","geometry":{"type":"Point","coordinates":[19.6456,50.4561]},"properties":{"id":"battle_battle_of_the_marshlands_of_pilica_1145","name":"Battle of the marshlands of Pilica","kind":"military","start_year":1145,"end_year":1145,"subtype":"battle"}},{"type":"Feature","geometry":{"type":"Point","coordinates":[30.2607,36.2819]},"properties":{"id":"battle_battle_of_the_masts_655","name":"Battle of the Masts","kind":"military","start_year":655,"end_year":655,"subtype":"battle"}},{"type":"Feature","geometry":{"type":"Point","coordinates":[27.1686,37.54]},"properties":{"id":"battle_battle_of_the_meander_1147","name":"Battle of the Meander","kind":"military","start_year":1147,"end_year":1147,"subtype":"battle"}},{"type":"Feature","geometry":{"type":"Point","coordinates":[69.2797,41.3111]},"properties":{"id":"battle_battle_of_the_mire_1365","name":"Battle of the Mire","kind":"military","start_year":1365,"end_year":1365,"subtype":"battle"}},{"type":"Feature","geometry":{"type":"Point","coordinates":[-3.0233,42.6464]},"properties":{"id":"battle_battle_of_the_morcuera_865","name":"Battle of the Morcuera","kind":"military","start_year":865,"end_year":865,"subtype":"battle"}},{"type":"Feature","geometry":{"type":"Point","coordinates":[-6.0767,43.5646]},"properties":{"id":"battle_battle_of_the_nal_n_river_795","name":"Battle of the Nalón River","kind":"military","start_year":795,"end_year":795,"subtype":"battle"}},{"type":"Feature","geometry":{"type":"Point","coordinates":[14.25,40.8333]},"properties":{"id":"battle_battle_of_the_navy_1420","name":"Battle of the Navy","kind":"military","start_year":1420,"end_year":1420,"subtype":"battle"}},{"type":"Feature","geometry":{"type":"Point","coordinates":[30.6042,59.8075]},"properties":{"id":"battle_battle_of_the_neva_1240","name":"Battle of the Neva","kind":"military","start_year":1240,"end_year":1240,"subtype":"battle"}},{"type":"Feature","geometry":{"type":"Point","coordinates":[-5.8039,35.7767]},"properties":{"id":"battle_battle_of_the_nobles_740","name":"Battle of the Nobles","kind":"military","start_year":740,"end_year":740,"subtype":"battle"}},{"type":"Feature","geometry":{"type":"Point","coordinates":[-3.43,56.4]},"properties":{"id":"battle_battle_of_the_north_inch_1396","name":"Battle of the North Inch","kind":"military","start_year":1396,"end_year":1396,"subtype":"battle"}},{"type":"Feature","geometry":{"type":"Point","coordinates":[31.2833,58.55]},"properties":{"id":"battle_battle_of_the_novgorodians_with_the_suzdalians_1169","name":"Battle of the Novgorodians with the Suzdalians","kind":"military","start_year":1169,"end_year":1169,"subtype":"battle"}},{"type":"Feature","geometry":{"type":"Point","coordinates":[41.0167,37.7833]},"properties":{"id":"battle_battle_of_the_nymphios_river_582","name":"Battle of the Nymphios River","kind":"military","start_year":582,"end_year":582,"subtype":"battle"}},{"type":"Feature","geometry":{"type":"Point","coordinates":[22,37.1667]},"properties":{"id":"battle_battle_of_the_olive_grove_of_koundouros_1205","name":"Battle of the Olive Grove of Koundouros","kind":"military","start_year":1205,"end_year":1205,"subtype":"battle"}},{"type":"Feature","geometry":{"type":"Point","coordinates":[36.5833,35.25]},"properties":{"id":"battle_battle_of_the_orontes_994","name":"Battle of the Orontes","kind":"military","start_year":994,"end_year":994,"subtype":"battle"}},{"type":"Feature","geometry":{"type":"Point","coordinates":[5.4175,52.9156]},"properties":{"id":"battle_battle_of_the_palesloot_1420","name":"Battle of the Palesloot","kind":"military","start_year":1420,"end_year":1420,"subtype":"battle"}},{"type":"Feature","geometry":{"type":"Point","coordinates":[-5.1803,56.4131]},"properties":{"id":"battle_battle_of_the_pass_of_brander_1308","name":"Battle of the Pass of Brander","kind":"military","start_year":1308,"end_year":1308,"subtype":"battle"}},{"type":"Feature","geometry":{"type":"Point","coordinates":[41.6361,42.1842]},"properties":{"id":"battle_battle_of_the_phasis_550","name":"Battle of the Phasis","kind":"military","start_year":550,"end_year":550,"subtype":"battle"}},{"type":"Feature","geometry":{"type":"Point","coordinates":[-0.3,39.5833]},"properties":{"id":"battle_battle_of_the_puig_1237","name":"Battle of the Puig","kind":"military","start_year":1237,"end_year":1237,"subtype":"battle"}},{"type":"Feature","geometry":{"type":"Point","coordinates":[79.8623,27.177]},"properties":{"id":"battle_battle_of_the_ramganga_1020","name":"Battle of the Ramganga","kind":"military","start_year":1020,"end_year":1020,"subtype":"battle"}},{"type":"Feature","geometry":{"type":"Point","coordinates":[28.3978,40.2125]},"properties":{"id":"battle_battle_of_the_rhyndacus_1211","name":"Battle of the Rhyndacus","kind":"military","start_year":1211,"end_year":1211,"subtype":"battle"}},{"type":"Feature","geometry":{"type":"Point","coordinates":[26.9394,42.9372]},"properties":{"id":"battle_battle_of_the_rishki_pass_759","name":"Battle of the Rishki Pass","kind":"military","start_year":759,"end_year":759,"subtype":"battle"}},{"type":"Feature","geometry":{"type":"Point","coordinates":[2.7025,42.9491]},"properties":{"id":"battle_battle_of_the_river_berre_737","name":"Battle of the River Berre","kind":"military","start_year":737,"end_year":737,"subtype":"battle"}},{"type":"Feature","geometry":{"type":"Point","coordinates":[21.0841,52.5081]},"properties":{"id":"battle_battle_of_the_river_bug_1018","name":"Battle of the River Bug","kind":"military","start_year":1018,"end_year":1018,"subtype":"battle"}},{"type":"Feature","geometry":{"type":"Point","coordinates":[-3.73,54.81]},"properties":{"id":"battle_battle_of_the_river_dee_1308","name":"Battle of the River Dee","kind":"military","start_year":1308,"end_year":1308,"subtype":"battle"}},{"type":"Feature","geometry":{"type":"Point","coordinates":[-0.6067,45.0414]},"properties":{"id":"battle_battle_of_the_river_garonne_732","name":"Battle of the River Garonne","kind":"military","start_year":732,"end_year":732,"subtype":"battle"}},{"type":"Feature","geometry":{"type":"Point","coordinates":[-0.8167,53.45]},"properties":{"id":"battle_battle_of_the_river_idle_616","name":"Battle of the River Idle","kind":"military","start_year":616,"end_year":616,"subtype":"battle"}},{"type":"Feature","geometry":{"type":"Point","coordinates":[73.7485,33.3323]},"properties":{"id":"battle_battle_of_the_river_tausi_1014","name":"Battle of the River Tausi","kind":"military","start_year":1014,"end_year":1014,"subtype":"battle"}},{"type":"Feature","geometry":{"type":"Point","coordinates":[45.1639,41.7883]},"properties":{"id":"battle_battle_of_the_samgori_plains_502","name":"Battle of the Samgori Plains","kind":"military","start_year":502,"end_year":502,"subtype":"battle"}},{"type":"Feature","geometry":{"type":"Point","coordinates":[48.4214,41.4219]},"properties":{"id":"battle_battle_of_the_samur_river_1460","name":"Battle of the Samur River","kind":"military","start_year":1460,"end_year":1460,"subtype":"battle"}},{"type":"Feature","geometry":{"type":"Point","coordinates":[14.575,40.7951]},"properties":{"id":"battle_battle_of_the_sarno_1460","name":"Battle of the Sarno","kind":"military","start_year":1460,"end_year":1460,"subtype":"battle"}},{"type":"Feature","geometry":{"type":"Point","coordinates":[10.8637,44.268]},"properties":{"id":"battle_battle_of_the_scultenna_643","name":"Battle of the Scultenna","kind":"military","start_year":643,"end_year":643,"subtype":"battle"}},{"type":"Feature","geometry":{"type":"Point","coordinates":[-0.4122,45.2807]},"properties":{"id":"battle_battle_of_the_seven_1402","name":"Battle of the Seven","kind":"military","start_year":1402,"end_year":1402,"subtype":"battle"}},{"type":"Feature","geometry":{"type":"Point","coordinates":[37.852,58.0685]},"properties":{"id":"battle_battle_of_the_sit_river_1238","name":"Battle of the Sit River","kind":"military","start_year":1238,"end_year":1238,"subtype":"battle"}},{"type":"Feature","geometry":{"type":"Point","coordinates":[-4.6,52.06]},"properties":{"id":"battle_battle_of_the_slate_bridge_1087","name":"Battle of the Slate Bridge","kind":"military","start_year":1087,"end_year":1087,"subtype":"battle"}},{"type":"Feature","geometry":{"type":"Point","coordinates":[14.1167,52.1167]},"properties":{"id":"battle_battle_of_the_spree_1005","name":"Battle of the Spree","kind":"military","start_year":1005,"end_year":1005,"subtype":"battle"}},{"type":"Feature","geometry":{"type":"Point","coordinates":[-1.45,54.3667]},"properties":{"id":"battle_battle_of_the_standard_1138","name":"Battle of the Standard","kind":"military","start_year":1138,"end_year":1138,"subtype":"battle"}},{"type":"Feature","geometry":{"type":"Point","coordinates":[69,37.8333]},"properties":{"id":"battle_battle_of_the_stone_bridge_1363","name":"Battle of the Stone Bridge","kind":"military","start_year":1363,"end_year":1363,"subtype":"battle"}},{"type":"Feature","geometry":{"type":"Point","coordinates":[15.6325,38.2458]},"properties":{"id":"battle_battle_of_the_straits_965","name":"Battle of the Straits","kind":"military","start_year":965,"end_year":965,"subtype":"battle"}},{"type":"Feature","geometry":{"type":"Point","coordinates":[30.018,50.1004]},"properties":{"id":"battle_battle_of_the_stugna_river_1093","name":"Battle of the Stugna River","kind":"military","start_year":1093,"end_year":1093,"subtype":"battle"}},{"type":"Feature","geometry":{"type":"Point","coordinates":[7.05,45.1333]},"properties":{"id":"battle_battle_of_the_susa_valley_754","name":"Battle of the Susa Valley","kind":"military","start_year":754,"end_year":754,"subtype":"battle"}},{"type":"Feature","geometry":{"type":"Point","coordinates":[-1.4711,35.2978]},"properties":{"id":"battle_battle_of_the_tafna_1281","name":"Battle of the Tafna","kind":"military","start_year":1281,"end_year":1281,"subtype":"battle"}},{"type":"Feature","geometry":{"type":"Point","coordinates":[47.45,43.5833]},"properties":{"id":"battle_battle_of_the_terek_river_1395","name":"Battle of the Terek River","kind":"military","start_year":1395,"end_year":1395,"subtype":"battle"}},{"type":"Feature","geometry":{"type":"Point","coordinates":[16.9833,48.1739]},"properties":{"id":"battle_battle_of_the_theben_pass_1060","name":"Battle of the Theben Pass","kind":"military","start_year":1060,"end_year":1060,"subtype":"battle"}},{"type":"Feature","geometry":{"type":"Point","coordinates":[-1.6761,53.5333]},"properties":{"id":"battle_battle_of_the_trent_679","name":"Battle of the Trent","kind":"military","start_year":679,"end_year":679,"subtype":"battle"}},{"type":"Feature","geometry":{"type":"Point","coordinates":[41.2667,43.025]},"properties":{"id":"battle_battle_of_the_tsebelda_fortress_550","name":"Battle of the Tsebelda fortress","kind":"military","start_year":550,"end_year":550,"subtype":"battle"}},{"type":"Feature","geometry":{"type":"Point","coordinates":[10.2764,51.3161]},"properties":{"id":"battle_battle_of_the_unstrut_river_531","name":"Battle of the Unstrut River","kind":"military","start_year":531,"end_year":531,"subtype":"battle"}},{"type":"Feature","geometry":{"type":"Point","coordinates":[-3.75,37.25]},"properties":{"id":"battle_battle_of_the_vega_of_granada_1319","name":"Battle of the Vega of Granada","kind":"military","start_year":1319,"end_year":1319,"subtype":"battle"}},{"type":"Feature","geometry":{"type":"Point","coordinates":[9.2064,45.164]},"properties":{"id":"battle_battle_of_the_vernavola_1154","name":"Battle of the Vernavola","kind":"military","start_year":1154,"end_year":1154,"subtype":"battle"}},{"type":"Feature","geometry":{"type":"Point","coordinates":[31.7369,54.0283]},"properties":{"id":"battle_battle_of_the_vikhra_river_1386","name":"Battle of the Vikhra River","kind":"military","start_year":1386,"end_year":1386,"subtype":"battle"}},{"type":"Feature","geometry":{"type":"Point","coordinates":[14.0567,41.0917]},"properties":{"id":"battle_battle_of_the_volturnus_554","name":"Battle of the Volturnus","kind":"military","start_year":554,"end_year":554,"subtype":"battle"}},{"type":"Feature","geometry":{"type":"Point","coordinates":[32.9194,60.1394]},"properties":{"id":"battle_battle_of_the_voronezhka_river_1164","name":"Battle of the Voronezhka River","kind":"military","start_year":1164,"end_year":1164,"subtype":"battle"}},{"type":"Feature","geometry":{"type":"Point","coordinates":[34.1217,48.9042]},"properties":{"id":"battle_battle_of_the_vorskla_river_1399","name":"Battle of the Vorskla River","kind":"military","start_year":1399,"end_year":1399,"subtype":"battle"}},{"type":"Feature","geometry":{"type":"Point","coordinates":[39.4442,54.7167]},"properties":{"id":"battle_battle_of_the_vozha_river_1378","name":"Battle of the Vozha River","kind":"military","start_year":1378,"end_year":1378,"subtype":"battle"}},{"type":"Feature","geometry":{"type":"Point","coordinates":[22.5881,49.5142]},"properties":{"id":"battle_battle_of_the_wiar_1099","name":"Battle of the Wiar","kind":"military","start_year":1099,"end_year":1099,"subtype":"battle"}},{"type":"Feature","geometry":{"type":"Point","coordinates":[-1.431,53.833]},"properties":{"id":"battle_battle_of_the_winwaed_655","name":"Battle of the Winwaed","kind":"military","start_year":655,"end_year":655,"subtype":"battle"}},{"type":"Feature","geometry":{"type":"Point","coordinates":[7.4842,51.585]},"properties":{"id":"battle_battle_of_the_w_lferichskamp_1254","name":"Battle of the Wülferichskamp","kind":"military","start_year":1254,"end_year":1254,"subtype":"battle"}},{"type":"Feature","geometry":{"type":"Point","coordinates":[43.3436,35.9911]},"properties":{"id":"battle_battle_of_the_zab_750","name":"Battle of the Zab","kind":"military","start_year":750,"end_year":750,"subtype":"battle"}},{"type":"Feature","geometry":{"type":"Point","coordinates":[30.4633,50.3717]},"properties":{"id":"battle_battle_of_the_zhelian_river_1093","name":"Battle of the Zhelian River","kind":"military","start_year":1093,"end_year":1093,"subtype":"battle"}},{"type":"Feature","geometry":{"type":"Point","coordinates":[31.3561,39.2553]},"properties":{"id":"battle_battle_of_the_zompe_bridge_1074","name":"Battle of the Zompe Bridge","kind":"military","start_year":1074,"end_year":1074,"subtype":"battle"}},{"type":"Feature","geometry":{"type":"Point","coordinates":[4.4333,50.4]},"properties":{"id":"battle_battle_of_thimeon_880","name":"Battle of Thimeon","kind":"military","start_year":880,"end_year":880,"subtype":"battle"}},{"type":"Feature","geometry":{"type":"Point","coordinates":[-7.8144,52.6789]},"properties":{"id":"battle_battle_of_thurles_1174","name":"Battle of Thurles","kind":"military","start_year":1174,"end_year":1174,"subtype":"battle"}},{"type":"Feature","geometry":{"type":"Point","coordinates":[-8.0786,53.9964]},"properties":{"id":"battle_battle_of_th_an_chip_1270","name":"Battle of Áth an Chip","kind":"military","start_year":1270,"end_year":1270,"subtype":"battle"}},{"type":"Feature","geometry":{"type":"Point","coordinates":[109.247,13.779]},"properties":{"id":"battle_battle_of_th_n_i_bay_1283","name":"Battle of Thị Nại Bay","kind":"military","start_year":1283,"end_year":1283,"subtype":"battle"}},{"type":"Feature","geometry":{"type":"Point","coordinates":[-0.7278,48.7653]},"properties":{"id":"battle_battle_of_tinchebray_1106","name":"Battle of Tinchebray","kind":"military","start_year":1106,"end_year":1106,"subtype":"battle"}},{"type":"Feature","geometry":{"type":"Point","coordinates":[0.8307,35.9294]},"properties":{"id":"battle_battle_of_tinramrin_1350","name":"Battle of Tinramrin","kind":"military","start_year":1350,"end_year":1350,"subtype":"battle"}},{"type":"Feature","geometry":{"type":"Point","coordinates":[-7.2931,53.3469]},"properties":{"id":"battle_battle_of_tochar_cruachain_bri_ele_1385","name":"Battle of Tochar Cruachain-Bri-Ele","kind":"military","start_year":1385,"end_year":1385,"subtype":"battle"}},{"type":"Feature","geometry":{"type":"Point","coordinates":[6.65,50.7]},"properties":{"id":"battle_battle_of_tolbiac_612","name":"Battle of Tolbiac","kind":"military","start_year":612,"end_year":612,"subtype":"battle"}},{"type":"Feature","geometry":{"type":"Point","coordinates":[104.0667,12.8833]},"properties":{"id":"battle_battle_of_tonl_sap_1177","name":"Battle of Tonlé Sap","kind":"military","start_year":1177,"end_year":1177,"subtype":"battle"}},{"type":"Feature","geometry":{"type":"Point","coordinates":[13.9567,42.7525]},"properties":{"id":"battle_battle_of_tordino_1460","name":"Battle of Tordino","kind":"military","start_year":1460,"end_year":1460,"subtype":"battle"}},{"type":"Feature","geometry":{"type":"Point","coordinates":[-3.4169,40.4651]},"properties":{"id":"battle_battle_of_torote_1441","name":"Battle of Torote","kind":"military","start_year":1441,"end_year":1441,"subtype":"battle"}},{"type":"Feature","geometry":{"type":"Point","coordinates":[-5.4444,41.4958]},"properties":{"id":"battle_battle_of_toro_1476","name":"Battle of Toro","kind":"military","start_year":1476,"end_year":1476,"subtype":"battle"}},{"type":"Feature","geometry":{"type":"Point","coordinates":[-2.9333,41.3333]},"properties":{"id":"battle_battle_of_torrevicente_981","name":"Battle of Torrevicente","kind":"military","start_year":981,"end_year":981,"subtype":"battle"}},{"type":"Feature","geometry":{"type":"Point","coordinates":[20.3667,41.7667]},"properties":{"id":"battle_battle_of_torvioll_1444","name":"Battle of Torvioll","kind":"military","start_year":1444,"end_year":1444,"subtype":"battle"}},{"type":"Feature","geometry":{"type":"Point","coordinates":[-1.4039,41.8114]},"properties":{"id":"battle_battle_of_tor_1006","name":"Battle of Torà","kind":"military","start_year":1006,"end_year":1006,"subtype":"battle"}},{"type":"Feature","geometry":{"type":"Point","coordinates":[1.45,43.6]},"properties":{"id":"battle_battle_of_toulouse_721","name":"Battle of Toulouse","kind":"military","start_year":721,"end_year":721,"subtype":"battle"}},{"type":"Feature","geometry":{"type":"Point","coordinates":[5.8917,48.675]},"properties":{"id":"battle_battle_of_toul_612","name":"Battle of Toul","kind":"military","start_year":612,"end_year":612,"subtype":"battle"}},{"type":"Feature","geometry":{"type":"Point","coordinates":[6.3015,43.59]},"properties":{"id":"battle_battle_of_tourtour_973","name":"Battle of Tourtour","kind":"military","start_year":973,"end_year":973,"subtype":"battle"}},{"type":"Feature","geometry":{"type":"Point","coordinates":[1.9356,48.1942]},"properties":{"id":"battle_battle_of_toury_1112","name":"Battle of Toury","kind":"military","start_year":1112,"end_year":1112,"subtype":"battle"}},{"type":"Feature","geometry":{"type":"Point","coordinates":[-1.2683,53.8397]},"properties":{"id":"battle_battle_of_towton_1461","name":"Battle of Towton","kind":"military","start_year":1461,"end_year":1461,"subtype":"battle"}},{"type":"Feature","geometry":{"type":"Point","coordinates":[-6.4049,54.009]},"properties":{"id":"battle_battle_of_tragh_bhaile_1399","name":"Battle of Tragh-Bhaile","kind":"military","start_year":1399,"end_year":1399,"subtype":"battle"}},{"type":"Feature","geometry":{"type":"Point","coordinates":[-7.35,40.7833]},"properties":{"id":"battle_battle_of_trancoso_1140","name":"Battle of Trancoso","kind":"military","start_year":1140,"end_year":1140,"subtype":"battle"}},{"type":"Feature","geometry":{"type":"Point","coordinates":[-1.5886,48.4967]},"properties":{"id":"battle_battle_of_trans_la_for_t_939","name":"Battle of Trans-la-Forêt","kind":"military","start_year":939,"end_year":939,"subtype":"battle"}},{"type":"Feature","geometry":{"type":"Point","coordinates":[36.3655,36.532]},"properties":{"id":"battle_battle_of_trapessac_1237","name":"Battle of Trapessac","kind":"military","start_year":1237,"end_year":1237,"subtype":"battle"}},{"type":"Feature","geometry":{"type":"Point","coordinates":[-3.4167,52.3]},"properties":{"id":"battle_battle_of_tretower_1233","name":"Battle of Tretower","kind":"military","start_year":1233,"end_year":1233,"subtype":"battle"}},{"type":"Feature","geometry":{"type":"Point","coordinates":[12.25,45.6667]},"properties":{"id":"battle_battle_of_treviso_541","name":"Battle of Treviso","kind":"military","start_year":541,"end_year":541,"subtype":"battle"}},{"type":"Feature","geometry":{"type":"Point","coordinates":[-2.4167,53.8333]},"properties":{"id":"battle_battle_of_tribuit_500","name":"Battle of Tribuit","kind":"military","start_year":500,"end_year":500,"subtype":"battle"}},{"type":"Feature","geometry":{"type":"Point","coordinates":[35.8344,34.4367]},"properties":{"id":"battle_battle_of_tripoli_1137","name":"Battle of Tripoli","kind":"military","start_year":1137,"end_year":1137,"subtype":"battle"}},{"type":"Feature","geometry":{"type":"Point","coordinates":[21.2,42.6]},"properties":{"id":"battle_battle_of_tripolje_1402","name":"Battle of Tripolje","kind":"military","start_year":1402,"end_year":1402,"subtype":"battle"}},{"type":"Feature","geometry":{"type":"Point","coordinates":[17.71,48.3889]},"properties":{"id":"battle_battle_of_trnava_1430","name":"Battle of Trnava","kind":"military","start_year":1430,"end_year":1430,"subtype":"battle"}},{"type":"Feature","geometry":{"type":"Point","coordinates":[15.3,41.3667]},"properties":{"id":"battle_battle_of_troia_1462","name":"Battle of Troia","kind":"military","start_year":1462,"end_year":1462,"subtype":"battle"}},{"type":"Feature","geometry":{"type":"Point","coordinates":[31.4255,50.0294]},"properties":{"id":"battle_battle_of_trubizh_992","name":"Battle of Trubizh","kind":"military","start_year":992,"end_year":992,"subtype":"battle"}},{"type":"Feature","geometry":{"type":"Point","coordinates":[41.6778,43.0942]},"properties":{"id":"battle_battle_of_tsakhar_556","name":"Battle of Tsakhar","kind":"military","start_year":556,"end_year":556,"subtype":"battle"}},{"type":"Feature","geometry":{"type":"Point","coordinates":[133.4196,35.4454]},"properties":{"id":"battle_battle_of_tsuhokamiyama_1179","name":"Battle of Tsuhokamiyama","kind":"military","start_year":1179,"end_year":1179,"subtype":"battle"}},{"type":"Feature","geometry":{"type":"Point","coordinates":[129.3333,34.4167]},"properties":{"id":"battle_battle_of_tsushima_1274_1274","name":"Battle of Tsushima (1274)","kind":"military","start_year":1274,"end_year":1274,"subtype":"battle"}},{"type":"Feature","geometry":{"type":"Point","coordinates":[-4.6458,57.9756]},"properties":{"id":"battle_battle_of_tuiteam_tarbhach_1406","name":"Battle of Tuiteam Tarbhach","kind":"military","start_year":1406,"end_year":1406,"subtype":"battle"}},{"type":"Feature","geometry":{"type":"Point","coordinates":[24.85,57.1833]},"properties":{"id":"battle_battle_of_turaida_1211","name":"Battle of Turaida","kind":"military","start_year":1211,"end_year":1211,"subtype":"battle"}},{"type":"Feature","geometry":{"type":"Point","coordinates":[-4.83,55.32]},"properties":{"id":"battle_battle_of_turnberry_1307","name":"Battle of Turnberry","kind":"military","start_year":1307,"end_year":1307,"subtype":"battle"}},{"type":"Feature","geometry":{"type":"Point","coordinates":[24.8708,43.7517]},"properties":{"id":"battle_battle_of_turnu_1462","name":"Battle of Turnu","kind":"military","start_year":1462,"end_year":1462,"subtype":"battle"}},{"type":"Feature","geometry":{"type":"Point","coordinates":[21.3786,50.46]},"properties":{"id":"battle_battle_of_tursko_1241","name":"Battle of Tursko","kind":"military","start_year":1241,"end_year":1241,"subtype":"battle"}},{"type":"Feature","geometry":{"type":"Point","coordinates":[-4.27,53.14]},"properties":{"id":"battle_battle_of_tuthill_1401","name":"Battle of Tuthill","kind":"military","start_year":1401,"end_year":1401,"subtype":"battle"}},{"type":"Feature","geometry":{"type":"Point","coordinates":[27.7333,38.0833]},"properties":{"id":"battle_battle_of_tyras_1304","name":"Battle of Tyras","kind":"military","start_year":1304,"end_year":1304,"subtype":"battle"}},{"type":"Feature","geometry":{"type":"Point","coordinates":[138.1947,36.6487]},"properties":{"id":"battle_battle_of_t_1400","name":"Battle of Ōtō","kind":"military","start_year":1400,"end_year":1400,"subtype":"battle"}},{"type":"Feature","geometry":{"type":"Point","coordinates":[15.8767,49.216]},"properties":{"id":"battle_battle_of_t_eb_1468","name":"Battle of Třebíč","kind":"military","start_year":1468,"end_year":1468,"subtype":"battle"}},{"type":"Feature","geometry":{"type":"Point","coordinates":[1.3064,36.5081]},"properties":{"id":"battle_battle_of_t_n_s_1351","name":"Battle of Ténès","kind":"military","start_year":1351,"end_year":1351,"subtype":"battle"}},{"type":"Feature","geometry":{"type":"Point","coordinates":[74,31]},"properties":{"id":"battle_battle_of_ucha_1222","name":"Battle of Ucha","kind":"military","start_year":1222,"end_year":1222,"subtype":"battle"}},{"type":"Feature","geometry":{"type":"Point","coordinates":[135.3178,34.7349]},"properties":{"id":"battle_battle_of_uchidehama_1351","name":"Battle of Uchidehama","kind":"military","start_year":1351,"end_year":1351,"subtype":"battle"}},{"type":"Feature","geometry":{"type":"Point","coordinates":[-2.85,39.9833]},"properties":{"id":"battle_battle_of_ucl_s_1108","name":"Battle of Uclés","kind":"military","start_year":1108,"end_year":1108,"subtype":"battle"}},{"type":"Feature","geometry":{"type":"Point","coordinates":[17.5496,49.0997]},"properties":{"id":"battle_battle_of_uhersk_brod_1469","name":"Battle of Uherský Brod","kind":"military","start_year":1469,"end_year":1469,"subtype":"battle"}},{"type":"Feature","geometry":{"type":"Point","coordinates":[46,23]},"properties":{"id":"battle_battle_of_uhud_625","name":"Battle of Uhud","kind":"military","start_year":625,"end_year":625,"subtype":"battle"}},{"type":"Feature","geometry":{"type":"Point","coordinates":[135.7794,34.8808]},"properties":{"id":"battle_battle_of_uji_1180","name":"Battle of Uji","kind":"military","start_year":1180,"end_year":1180,"subtype":"battle"}},{"type":"Feature","geometry":{"type":"Point","coordinates":[44.5697,31.6178]},"properties":{"id":"battle_battle_of_ullais_633","name":"Battle of Ullais","kind":"military","start_year":633,"end_year":633,"subtype":"battle"}},{"type":"Feature","geometry":{"type":"Point","coordinates":[8.3097,46.5053]},"properties":{"id":"battle_battle_of_ulrichen_1211","name":"Battle of Ulrichen","kind":"military","start_year":1211,"end_year":1211,"subtype":"battle"}},{"type":"Feature","geometry":{"type":"Point","coordinates":[28.5908,40.1726]},"properties":{"id":"battle_battle_of_ulubad_1422","name":"Battle of Ulubad","kind":"military","start_year":1422,"end_year":1422,"subtype":"battle"}},{"type":"Feature","geometry":{"type":"Point","coordinates":[16.377,45.048]},"properties":{"id":"battle_battle_of_una_1483","name":"Battle of Una","kind":"military","start_year":1483,"end_year":1483,"subtype":"battle"}},{"type":"Feature","geometry":{"type":"Point","coordinates":[8.7,39.7]},"properties":{"id":"battle_battle_of_uras_1470","name":"Battle of Uras","kind":"military","start_year":1470,"end_year":1470,"subtype":"battle"}},{"type":"Feature","geometry":{"type":"Point","coordinates":[38.7917,37.1583]},"properties":{"id":"battle_battle_of_urfa_1480","name":"Battle of Urfa","kind":"military","start_year":1480,"end_year":1480,"subtype":"battle"}},{"type":"Feature","geometry":{"type":"Point","coordinates":[-2.4117,43.0328]},"properties":{"id":"battle_battle_of_urrexola_garai_1400","name":"Battle of Urrexola-Garai","kind":"military","start_year":1400,"end_year":1400,"subtype":"battle"}},{"type":"Feature","geometry":{"type":"Point","coordinates":[140.1863,38.3751]},"properties":{"id":"battle_battle_of_urushi_gawa_1368","name":"Battle of Urushi-gawa","kind":"military","start_year":1368,"end_year":1368,"subtype":"battle"}},{"type":"Feature","geometry":{"type":"Point","coordinates":[47.505,42.9839]},"properties":{"id":"battle_battle_of_ushkudzhe_1395","name":"Battle of Ushkudzhe","kind":"military","start_year":1395,"end_year":1395,"subtype":"battle"}},{"type":"Feature","geometry":{"type":"Point","coordinates":[-2.9019,51.7035]},"properties":{"id":"battle_battle_of_usk_1402","name":"Battle of Usk","kind":"military","start_year":1402,"end_year":1402,"subtype":"battle"}},{"type":"Feature","geometry":{"type":"Point","coordinates":[-1.9333,42.7544]},"properties":{"id":"battle_battle_of_valdejunquera_920","name":"Battle of Valdejunquera","kind":"military","start_year":920,"end_year":920,"subtype":"battle"}},{"type":"Feature","geometry":{"type":"Point","coordinates":[26.5603,47.0783]},"properties":{"id":"battle_battle_of_valea_alb_1476","name":"Battle of Valea Albă","kind":"military","start_year":1476,"end_year":1476,"subtype":"battle"}},{"type":"Feature","geometry":{"type":"Point","coordinates":[-0.3764,39.47]},"properties":{"id":"battle_battle_of_valencia_1130","name":"Battle of Valencia","kind":"military","start_year":1130,"end_year":1130,"subtype":"battle"}},{"type":"Feature","geometry":{"type":"Point","coordinates":[0.5144,49.7439]},"properties":{"id":"battle_battle_of_valmont_1416","name":"Battle of Valmont","kind":"military","start_year":1416,"end_year":1416,"subtype":"battle"}},{"type":"Feature","geometry":{"type":"Point","coordinates":[-1.6342,42.1953]},"properties":{"id":"battle_battle_of_valtierra_1110","name":"Battle of Valtierra","kind":"military","start_year":1110,"end_year":1110,"subtype":"battle"}},{"type":"Feature","geometry":{"type":"Point","coordinates":[-6.9819,38.6733]},"properties":{"id":"battle_battle_of_valverde_1385","name":"Battle of Valverde","kind":"military","start_year":1385,"end_year":1385,"subtype":"battle"}},{"type":"Feature","geometry":{"type":"Point","coordinates":[-1.3101,49.6423]},"properties":{"id":"battle_battle_of_val_de_saire_1001","name":"Battle of Val-de-Saire","kind":"military","start_year":1001,"end_year":1001,"subtype":"battle"}},{"type":"Feature","geometry":{"type":"Point","coordinates":[-0.25,49.0833]},"properties":{"id":"battle_battle_of_val_s_dunes_1047","name":"Battle of Val-ès-Dunes","kind":"military","start_year":1047,"end_year":1047,"subtype":"battle"}},{"type":"Feature","geometry":{"type":"Point","coordinates":[-0.1544,49.2847]},"properties":{"id":"battle_battle_of_varaville_1057","name":"Battle of Varaville","kind":"military","start_year":1057,"end_year":1057,"subtype":"battle"}},{"type":"Feature","geometry":{"type":"Point","coordinates":[44.3408,40.0234]},"properties":{"id":"battle_battle_of_vardanakert_702","name":"Battle of Vardanakert","kind":"military","start_year":702,"end_year":702,"subtype":"battle"}},{"type":"Feature","geometry":{"type":"Point","coordinates":[5.4253,46.0078]},"properties":{"id":"battle_battle_of_varey_1325","name":"Battle of Varey","kind":"military","start_year":1325,"end_year":1325,"subtype":"battle"}},{"type":"Feature","geometry":{"type":"Point","coordinates":[7.1772,51.9864]},"properties":{"id":"battle_battle_of_varlar_1454","name":"Battle of Varlar","kind":"military","start_year":1454,"end_year":1454,"subtype":"battle"}},{"type":"Feature","geometry":{"type":"Point","coordinates":[30.3217,50.1775]},"properties":{"id":"battle_battle_of_vasilev_995","name":"Battle of Vasilev","kind":"military","start_year":995,"end_year":995,"subtype":"battle"}},{"type":"Feature","geometry":{"type":"Point","coordinates":[27.745,46.605]},"properties":{"id":"battle_battle_of_vaslui_1475","name":"Battle of Vaslui","kind":"military","start_year":1475,"end_year":1475,"subtype":"battle"}},{"type":"Feature","geometry":{"type":"Point","coordinates":[44,38.8]},"properties":{"id":"battle_battle_of_vaspurakan_1046","name":"Battle of Vaspurakan","kind":"military","start_year":1046,"end_year":1046,"subtype":"battle"}},{"type":"Feature","geometry":{"type":"Point","coordinates":[-8.6869,39.2392]},"properties":{"id":"battle_battle_of_vatalandi_1110","name":"Battle of Vatalandi","kind":"military","start_year":1110,"end_year":1110,"subtype":"battle"}},{"type":"Feature","geometry":{"type":"Point","coordinates":[75.6768,15.9149]},"properties":{"id":"battle_battle_of_vatapi_642","name":"Battle of Vatapi","kind":"military","start_year":642,"end_year":642,"subtype":"battle"}},{"type":"Feature","geometry":{"type":"Point","coordinates":[33.4769,54.8186]},"properties":{"id":"battle_battle_of_vedrosha_1500","name":"Battle of Vedrosha","kind":"military","start_year":1500,"end_year":1500,"subtype":"battle"}},{"type":"Feature","geometry":{"type":"Point","coordinates":[-5.604,36.3484]},"properties":{"id":"battle_battle_of_vega_de_pagana_1339","name":"Battle of Vega de Pagana","kind":"military","start_year":1339,"end_year":1339,"subtype":"battle"}},{"type":"Feature","geometry":{"type":"Point","coordinates":[22.687,42.2797]},"properties":{"id":"battle_battle_of_velbazhd_1330","name":"Battle of Velbazhd","kind":"military","start_year":1330,"end_year":1330,"subtype":"battle"}},{"type":"Feature","geometry":{"type":"Point","coordinates":[12.9,53.85]},"properties":{"id":"battle_battle_of_verchen_1164","name":"Battle of Verchen","kind":"military","start_year":1164,"end_year":1164,"subtype":"battle"}},{"type":"Feature","geometry":{"type":"Point","coordinates":[0.94,48.755]},"properties":{"id":"battle_battle_of_verneuil_1424","name":"Battle of Verneuil","kind":"military","start_year":1424,"end_year":1424,"subtype":"battle"}},{"type":"Feature","geometry":{"type":"Point","coordinates":[5.7333,34.8333]},"properties":{"id":"battle_battle_of_vescera_682","name":"Battle of Vescera","kind":"military","start_year":682,"end_year":682,"subtype":"battle"}},{"type":"Feature","geometry":{"type":"Point","coordinates":[17.3814,48.9519]},"properties":{"id":"battle_battle_of_vesel_nad_moravou_1469","name":"Battle of Veselí nad Moravou","kind":"military","start_year":1469,"end_year":1469,"subtype":"battle"}},{"type":"Feature","geometry":{"type":"Point","coordinates":[17.7302,48.5033]},"properties":{"id":"battle_battle_of_ve_k_kosto_any_1467","name":"Battle of Veľké Kostoľany","kind":"military","start_year":1467,"end_year":1467,"subtype":"battle"}},{"type":"Feature","geometry":{"type":"Point","coordinates":[-5.75,42.95]},"properties":{"id":"battle_battle_of_viadangos_1111","name":"Battle of Viadangos","kind":"military","start_year":1111,"end_year":1111,"subtype":"battle"}},{"type":"Feature","geometry":{"type":"Point","coordinates":[3.2403,50.0953]},"properties":{"id":"battle_battle_of_vicy_717","name":"Battle of Vicy","kind":"military","start_year":717,"end_year":717,"subtype":"battle"}},{"type":"Feature","geometry":{"type":"Point","coordinates":[80.6167,16.5167]},"properties":{"id":"battle_battle_of_vijayawada_1068","name":"Battle of Vijayawada","kind":"military","start_year":1068,"end_year":1068,"subtype":"battle"}},{"type":"Feature","geometry":{"type":"Point","coordinates":[25.5961,58.3594]},"properties":{"id":"battle_battle_of_viljandi_1211","name":"Battle of Viljandi","kind":"military","start_year":1211,"end_year":1211,"subtype":"battle"}},{"type":"Feature","geometry":{"type":"Point","coordinates":[13.8333,46.6167]},"properties":{"id":"battle_battle_of_villach_1492","name":"Battle of Villach","kind":"military","start_year":1492,"end_year":1492,"subtype":"battle"}},{"type":"Feature","geometry":{"type":"Point","coordinates":[-6.8509,38.5174]},"properties":{"id":"battle_battle_of_villanueva_de_barcarrota_1336","name":"Battle of Villanueva de Barcarrota","kind":"military","start_year":1336,"end_year":1336,"subtype":"battle"}},{"type":"Feature","geometry":{"type":"Point","coordinates":[15.5392,49.8158]},"properties":{"id":"battle_battle_of_vil_mov_1469","name":"Battle of Vilémov","kind":"military","start_year":1469,"end_year":1469,"subtype":"battle"}},{"type":"Feature","geometry":{"type":"Point","coordinates":[18.2991,57.6337]},"properties":{"id":"battle_battle_of_visby_1361","name":"Battle of Visby","kind":"military","start_year":1361,"end_year":1361,"subtype":"battle"}},{"type":"Feature","geometry":{"type":"Point","coordinates":[7.8828,46.2922]},"properties":{"id":"battle_battle_of_visp_1388","name":"Battle of Visp","kind":"military","start_year":1388,"end_year":1388,"subtype":"battle"}},{"type":"Feature","geometry":{"type":"Point","coordinates":[19.75,54.45]},"properties":{"id":"battle_battle_of_vistula_lagoon_1463","name":"Battle of Vistula Lagoon","kind":"military","start_year":1463,"end_year":1463,"subtype":"battle"}},{"type":"Feature","geometry":{"type":"Point","coordinates":[4.35,51.9167]},"properties":{"id":"battle_battle_of_vlaardingen_1018","name":"Battle of Vlaardingen","kind":"military","start_year":1018,"end_year":1018,"subtype":"battle"}},{"type":"Feature","geometry":{"type":"Point","coordinates":[13.8931,48.8589]},"properties":{"id":"battle_battle_of_vltava_872","name":"Battle of Vltava","kind":"military","start_year":872,"end_year":872,"subtype":"battle"}},{"type":"Feature","geometry":{"type":"Point","coordinates":[47.8975,45.695]},"properties":{"id":"battle_battle_of_volga_river_737","name":"Battle of Volga River","kind":"military","start_year":737,"end_year":737,"subtype":"battle"}},{"type":"Feature","geometry":{"type":"Point","coordinates":[10.6589,45.3217]},"properties":{"id":"battle_battle_of_volta_mantovana_1080","name":"Battle of Volta Mantovana","kind":"military","start_year":1080,"end_year":1080,"subtype":"battle"}},{"type":"Feature","geometry":{"type":"Point","coordinates":[0.3333,46.5833]},"properties":{"id":"battle_battle_of_vouille_507","name":"Battle of Vouille","kind":"military","start_year":507,"end_year":507,"subtype":"battle"}},{"type":"Feature","geometry":{"type":"Point","coordinates":[15.1874,49.942]},"properties":{"id":"battle_battle_of_vysok_1142","name":"Battle of Vysoké","kind":"military","start_year":1142,"end_year":1142,"subtype":"battle"}},{"type":"Feature","geometry":{"type":"Point","coordinates":[14.4311,50.0578]},"properties":{"id":"battle_battle_of_vy_ehrad_1419","name":"Battle of Vyšehrad","kind":"military","start_year":1419,"end_year":1419,"subtype":"battle"}},{"type":"Feature","geometry":{"type":"Point","coordinates":[12.0894,55.7811]},"properties":{"id":"battle_battle_of_v_rebro_1133","name":"Battle of Værebro","kind":"military","start_year":1133,"end_year":1133,"subtype":"battle"}},{"type":"Feature","geometry":{"type":"Point","coordinates":[5.5,45.3333]},"properties":{"id":"battle_battle_of_v_zeronce_524","name":"Battle of Vézeronce","kind":"military","start_year":524,"end_year":524,"subtype":"battle"}},{"type":"Feature","geometry":{"type":"Point","coordinates":[36.7156,34.7368]},"properties":{"id":"battle_battle_of_wadi_al_khaznadar_1299","name":"Battle of Wadi al-Khaznadar","kind":"military","start_year":1299,"end_year":1299,"subtype":"battle"}},{"type":"Feature","geometry":{"type":"Point","coordinates":[15.2839,48.8194]},"properties":{"id":"battle_battle_of_waidhofen_1431","name":"Battle of Waidhofen","kind":"military","start_year":1431,"end_year":1431,"subtype":"battle"}},{"type":"Feature","geometry":{"type":"Point","coordinates":[-1.4922,53.6801]},"properties":{"id":"battle_battle_of_wakefield_1460","name":"Battle of Wakefield","kind":"military","start_year":1460,"end_year":1460,"subtype":"battle"}},{"type":"Feature","geometry":{"type":"Point","coordinates":[68.8786,35.4783]},"properties":{"id":"battle_battle_of_waliyan_1221","name":"Battle of Waliyan","kind":"military","start_year":1221,"end_year":1221,"subtype":"battle"}},{"type":"Feature","geometry":{"type":"Point","coordinates":[7.6,46.84]},"properties":{"id":"battle_battle_of_wangas_610","name":"Battle of Wangas","kind":"military","start_year":610,"end_year":610,"subtype":"battle"}},{"type":"Feature","geometry":{"type":"Point","coordinates":[5.3583,52.8833]},"properties":{"id":"battle_battle_of_warns_1345","name":"Battle of Warns","kind":"military","start_year":1345,"end_year":1345,"subtype":"battle"}},{"type":"Feature","geometry":{"type":"Point","coordinates":[6.15,51.1]},"properties":{"id":"battle_battle_of_wassenberg_1206","name":"Battle of Wassenberg","kind":"military","start_year":1206,"end_year":1206,"subtype":"battle"}},{"type":"Feature","geometry":{"type":"Point","coordinates":[11.5667,51.6167]},"properties":{"id":"battle_battle_of_welfesholz_1115","name":"Battle of Welfesholz","kind":"military","start_year":1115,"end_year":1115,"subtype":"battle"}},{"type":"Feature","geometry":{"type":"Point","coordinates":[14.0167,48.15]},"properties":{"id":"battle_battle_of_wels_943","name":"Battle of Wels","kind":"military","start_year":943,"end_year":943,"subtype":"battle"}},{"type":"Feature","geometry":{"type":"Point","coordinates":[26.35,59.35]},"properties":{"id":"battle_battle_of_wesenberg_1268","name":"Battle of Wesenberg","kind":"military","start_year":1268,"end_year":1268,"subtype":"battle"}},{"type":"Feature","geometry":{"type":"Point","coordinates":[-3.2247,56.0615]},"properties":{"id":"battle_battle_of_wester_kinghorn_1332","name":"Battle of Wester Kinghorn","kind":"military","start_year":1332,"end_year":1332,"subtype":"battle"}},{"type":"Feature","geometry":{"type":"Point","coordinates":[3.58,51.52]},"properties":{"id":"battle_battle_of_westkapelle_1253","name":"Battle of Westkapelle","kind":"military","start_year":1253,"end_year":1253,"subtype":"battle"}},{"type":"Feature","geometry":{"type":"Point","coordinates":[-2.902,51.8458]},"properties":{"id":"battle_battle_of_white_castle_monmouthshire_1215","name":"Battle of White Castle, Monmouthshire","kind":"military","start_year":1215,"end_year":1215,"subtype":"battle"}},{"type":"Feature","geometry":{"type":"Point","coordinates":[18.0878,54.7872]},"properties":{"id":"battle_battle_of_wiecino_1462","name":"Battle of Świecino","kind":"military","start_year":1462,"end_year":1462,"subtype":"battle"}},{"type":"Feature","geometry":{"type":"Point","coordinates":[17.2667,47.8667]},"properties":{"id":"battle_battle_of_wieselburg_1096","name":"Battle of Wieselburg","kind":"military","start_year":1096,"end_year":1096,"subtype":"battle"}},{"type":"Feature","geometry":{"type":"Point","coordinates":[24.7714,55.1658]},"properties":{"id":"battle_battle_of_wilkomierz_1435","name":"Battle of Wilkomierz","kind":"military","start_year":1435,"end_year":1435,"subtype":"battle"}},{"type":"Feature","geometry":{"type":"Point","coordinates":[-1.864,51.08]},"properties":{"id":"battle_battle_of_wilton_1143","name":"Battle of Wilton","kind":"military","start_year":1143,"end_year":1143,"subtype":"battle"}},{"type":"Feature","geometry":{"type":"Point","coordinates":[0.81,50.88]},"properties":{"id":"battle_battle_of_winchelsea_1350","name":"Battle of Winchelsea","kind":"military","start_year":1350,"end_year":1350,"subtype":"battle"}},{"type":"Feature","geometry":{"type":"Point","coordinates":[4.9036,52.7519]},"properties":{"id":"battle_battle_of_winkel_993","name":"Battle of Winkel","kind":"military","start_year":993,"end_year":993,"subtype":"battle"}},{"type":"Feature","geometry":{"type":"Point","coordinates":[8.7267,47.4992]},"properties":{"id":"battle_battle_of_winterthur_919","name":"Battle of Winterthur","kind":"military","start_year":919,"end_year":919,"subtype":"battle"}},{"type":"Feature","geometry":{"type":"Point","coordinates":[-1.8372,51.3556]},"properties":{"id":"battle_battle_of_woden_s_burg_592","name":"Battle of Woden's Burg","kind":"military","start_year":592,"end_year":592,"subtype":"battle"}},{"type":"Feature","geometry":{"type":"Point","coordinates":[-1.1227,53.3096]},"properties":{"id":"battle_battle_of_worksop_1460","name":"Battle of Worksop","kind":"military","start_year":1460,"end_year":1460,"subtype":"battle"}},{"type":"Feature","geometry":{"type":"Point","coordinates":[6.8878,51.0425]},"properties":{"id":"battle_battle_of_worringen_1288","name":"Battle of Worringen","kind":"military","start_year":1288,"end_year":1288,"subtype":"battle"}},{"type":"Feature","geometry":{"type":"Point","coordinates":[15.817,50.1569]},"properties":{"id":"battle_battle_of_wysoka_1436","name":"Battle of Wysoka","kind":"military","start_year":1436,"end_year":1436,"subtype":"battle"}},{"type":"Feature","geometry":{"type":"Point","coordinates":[20.4569,44.8178]},"properties":{"id":"battle_battle_of_w_l_n_d_r_934","name":"Battle of W.l.n.d.r","kind":"military","start_year":934,"end_year":934,"subtype":"battle"}},{"type":"Feature","geometry":{"type":"Point","coordinates":[112.1403,32.0306]},"properties":{"id":"battle_battle_of_xiangyang_1267","name":"Battle of Xiangyang","kind":"military","start_year":1267,"end_year":1267,"subtype":"battle"}},{"type":"Feature","geometry":{"type":"Point","coordinates":[136.9734,34.8237]},"properties":{"id":"battle_battle_of_yahagi_gawa_1181","name":"Battle of Yahagi-gawa","kind":"military","start_year":1181,"end_year":1181,"subtype":"battle"}},{"type":"Feature","geometry":{"type":"Point","coordinates":[46.4567,24.8867]},"properties":{"id":"battle_battle_of_yamama_632","name":"Battle of Yamama","kind":"military","start_year":632,"end_year":632,"subtype":"battle"}},{"type":"Feature","geometry":{"type":"Point","coordinates":[26.5038,42.4824]},"properties":{"id":"battle_battle_of_yambol_1049","name":"Battle of Yambol","kind":"military","start_year":1049,"end_year":1049,"subtype":"battle"}},{"type":"Feature","geometry":{"type":"Point","coordinates":[113.5,33.9]},"properties":{"id":"battle_battle_of_yancheng_1140","name":"Battle of Yancheng","kind":"military","start_year":1140,"end_year":1140,"subtype":"battle"}},{"type":"Feature","geometry":{"type":"Point","coordinates":[112.8,34.73]},"properties":{"id":"battle_battle_of_yanshi_618","name":"Battle of Yanshi","kind":"military","start_year":618,"end_year":618,"subtype":"battle"}},{"type":"Feature","geometry":{"type":"Point","coordinates":[134.1223,34.3456]},"properties":{"id":"battle_battle_of_yashima_1185","name":"Battle of Yashima","kind":"military","start_year":1185,"end_year":1185,"subtype":"battle"}},{"type":"Feature","geometry":{"type":"Point","coordinates":[39.4914,39.7464]},"properties":{"id":"battle_battle_of_yass_emen_1230","name":"Battle of Yassıçemen","kind":"military","start_year":1230,"end_year":1230,"subtype":"battle"}},{"type":"Feature","geometry":{"type":"Point","coordinates":[10.1167,33.8833]},"properties":{"id":"battle_battle_of_yawm_al_nahr_1052","name":"Battle of Yawm al-Nahr","kind":"military","start_year":1052,"end_year":1052,"subtype":"battle"}},{"type":"Feature","geometry":{"type":"Point","coordinates":[-2.1128,55.5669]},"properties":{"id":"battle_battle_of_yeavering_1415","name":"Battle of Yeavering","kind":"military","start_year":1415,"end_year":1415,"subtype":"battle"}},{"type":"Feature","geometry":{"type":"Point","coordinates":[43.5748,39.6589]},"properties":{"id":"battle_battle_of_yeghbark_sarak_643","name":"Battle of Yeghbark Sarak","kind":"military","start_year":643,"end_year":643,"subtype":"battle"}},{"type":"Feature","geometry":{"type":"Point","coordinates":[114.717,41.1037]},"properties":{"id":"battle_battle_of_yehuling_1211","name":"Battle of Yehuling","kind":"military","start_year":1211,"end_year":1211,"subtype":"battle"}},{"type":"Feature","geometry":{"type":"Point","coordinates":[34.7463,31.866]},"properties":{"id":"battle_battle_of_yibneh_1123","name":"Battle of Yibneh","kind":"military","start_year":1123,"end_year":1123,"subtype":"battle"}},{"type":"Feature","geometry":{"type":"Point","coordinates":[138.1433,36.5589]},"properties":{"id":"battle_battle_of_yokotagawara_1181","name":"Battle of Yokotagawara","kind":"military","start_year":1181,"end_year":1181,"subtype":"battle"}},{"type":"Feature","geometry":{"type":"Point","coordinates":[-1.0803,53.9583]},"properties":{"id":"battle_battle_of_york_867","name":"Battle of York","kind":"military","start_year":867,"end_year":867,"subtype":"battle"}},{"type":"Feature","geometry":{"type":"Point","coordinates":[-3.4174,51.4867]},"properties":{"id":"battle_battle_of_ystradowain_1027","name":"Battle of Ystradowain","kind":"military","start_year":1027,"end_year":1027,"subtype":"battle"}},{"type":"Feature","geometry":{"type":"Point","coordinates":[4.5911,45.7081]},"properties":{"id":"battle_battle_of_yzeron_1158","name":"Battle of Yzeron","kind":"military","start_year":1158,"end_year":1158,"subtype":"battle"}},{"type":"Feature","geometry":{"type":"Point","coordinates":[140.3339,35.7664]},"properties":{"id":"battle_battle_of_y_kihama_1180","name":"Battle of Yūkihama","kind":"military","start_year":1180,"end_year":1180,"subtype":"battle"}},{"type":"Feature","geometry":{"type":"Point","coordinates":[44.4033,14.2114]},"properties":{"id":"battle_battle_of_zafar_632","name":"Battle of Zafar","kind":"military","start_year":632,"end_year":632,"subtype":"battle"}},{"type":"Feature","geometry":{"type":"Point","coordinates":[11.9167,44.4167]},"properties":{"id":"battle_battle_of_zagonara_1424","name":"Battle of Zagonara","kind":"military","start_year":1424,"end_year":1424,"subtype":"battle"}},{"type":"Feature","geometry":{"type":"Point","coordinates":[22.6741,45.5071]},"properties":{"id":"battle_battle_of_zajk_ny_1442","name":"Battle of Zajkány","kind":"military","start_year":1442,"end_year":1442,"subtype":"battle"}},{"type":"Feature","geometry":{"type":"Point","coordinates":[11.0833,44.5]},"properties":{"id":"battle_battle_of_zappolino_1325","name":"Battle of Zappolino","kind":"military","start_year":1325,"end_year":1325,"subtype":"battle"}},{"type":"Feature","geometry":{"type":"Point","coordinates":[26.8,50.1167]},"properties":{"id":"battle_battle_of_zas_aw_1491","name":"Battle of Zasław","kind":"military","start_year":1491,"end_year":1491,"subtype":"battle"}},{"type":"Feature","geometry":{"type":"Point","coordinates":[59.2194,35.2739]},"properties":{"id":"battle_battle_of_zava_1342","name":"Battle of Zava","kind":"military","start_year":1342,"end_year":1342,"subtype":"battle"}},{"type":"Feature","geometry":{"type":"Point","coordinates":[21.8588,50.806]},"properties":{"id":"battle_battle_of_zawichost_1205","name":"Battle of Zawichost","kind":"military","start_year":1205,"end_year":1205,"subtype":"battle"}},{"type":"Feature","geometry":{"type":"Point","coordinates":[14.391,49.979]},"properties":{"id":"battle_battle_of_zbraslav_1429","name":"Battle of Zbraslav","kind":"military","start_year":1429,"end_year":1429,"subtype":"battle"}},{"type":"Feature","geometry":{"type":"Point","coordinates":[43.4739,11.3539]},"properties":{"id":"battle_battle_of_zeila_1410","name":"Battle of Zeila","kind":"military","start_year":1410,"end_year":1410,"subtype":"battle"}},{"type":"Feature","geometry":{"type":"Point","coordinates":[3.9164,51.6497]},"properties":{"id":"battle_battle_of_zierikzee_1304","name":"Battle of Zierikzee","kind":"military","start_year":1304,"end_year":1304,"subtype":"battle"}},{"type":"Feature","geometry":{"type":"Point","coordinates":[24.1391,42.7134]},"properties":{"id":"battle_battle_of_zlatica_1443","name":"Battle of Zlatica","kind":"military","start_year":1443,"end_year":1443,"subtype":"battle"}},{"type":"Feature","geometry":{"type":"Point","coordinates":[21.6833,36.9]},"properties":{"id":"battle_battle_of_zonchio_1499","name":"Battle of Zonchio","kind":"military","start_year":1499,"end_year":1499,"subtype":"battle"}},{"type":"Feature","geometry":{"type":"Point","coordinates":[21.6964,36.9139]},"properties":{"id":"battle_battle_of_zonglos_1293","name":"Battle of Zonglos","kind":"military","start_year":1293,"end_year":1293,"subtype":"battle"}},{"type":"Feature","geometry":{"type":"Point","coordinates":[20.829,42.901]},"properties":{"id":"battle_battle_of_zve_an_1094","name":"Battle of Zvečan","kind":"military","start_year":1094,"end_year":1094,"subtype":"battle"}},{"type":"Feature","geometry":{"type":"Point","coordinates":[16.9144,49.8398]},"properties":{"id":"battle_battle_of_zvole_1468","name":"Battle of Zvole","kind":"military","start_year":1468,"end_year":1468,"subtype":"battle"}},{"type":"Feature","geometry":{"type":"Point","coordinates":[19.1,44.3833]},"properties":{"id":"battle_battle_of_zvornik_1464","name":"Battle of Zvornik","kind":"military","start_year":1464,"end_year":1464,"subtype":"battle"}},{"type":"Feature","geometry":{"type":"Point","coordinates":[15.1689,48.6033]},"properties":{"id":"battle_battle_of_zwettl_1427","name":"Battle of Zwettl","kind":"military","start_year":1427,"end_year":1427,"subtype":"battle"}},{"type":"Feature","geometry":{"type":"Point","coordinates":[14.4597,49.0487]},"properties":{"id":"battle_battle_of_z_most_1351","name":"Battle of Zámostí","kind":"military","start_year":1351,"end_year":1351,"subtype":"battle"}},{"type":"Feature","geometry":{"type":"Point","coordinates":[45.8328,55.0753]},"properties":{"id":"battle_battle_on_pyana_river_1377","name":"Battle on Pyana River","kind":"military","start_year":1377,"end_year":1377,"subtype":"battle"}},{"type":"Feature","geometry":{"type":"Point","coordinates":[28.7016,57.2407]},"properties":{"id":"battle_battle_on_the_cheryokha_1067","name":"Battle on the Cheryokha","kind":"military","start_year":1067,"end_year":1067,"subtype":"battle"}},{"type":"Feature","geometry":{"type":"Point","coordinates":[12.1522,51.1669]},"properties":{"id":"battle_battle_on_the_elster_1080","name":"Battle on the Elster","kind":"military","start_year":1080,"end_year":1080,"subtype":"battle"}},{"type":"Feature","geometry":{"type":"Point","coordinates":[30.2167,50.3833]},"properties":{"id":"battle_battle_on_the_irpin_river_1320","name":"Battle on the Irpin River","kind":"military","start_year":1320,"end_year":1320,"subtype":"battle"}},{"type":"Feature","geometry":{"type":"Point","coordinates":[15.75,48.3333]},"properties":{"id":"battle_battle_on_the_marchfeld_1278","name":"Battle on the Marchfeld","kind":"military","start_year":1278,"end_year":1278,"subtype":"battle"}},{"type":"Feature","geometry":{"type":"Point","coordinates":[27.5547,53.9067]},"properties":{"id":"battle_battle_on_the_nemiga_river_1067","name":"Battle on the Nemiga River","kind":"military","start_year":1067,"end_year":1067,"subtype":"battle"}},{"type":"Feature","geometry":{"type":"Point","coordinates":[7.3608,46.2331]},"properties":{"id":"battle_battle_on_the_planta_1475","name":"Battle on the Planta","kind":"military","start_year":1475,"end_year":1475,"subtype":"battle"}},{"type":"Feature","geometry":{"type":"Point","coordinates":[8,45]},"properties":{"id":"battle_battle_on_the_po_1431","name":"Battle on the Po","kind":"military","start_year":1431,"end_year":1431,"subtype":"battle"}},{"type":"Feature","geometry":{"type":"Point","coordinates":[12.5,53.75]},"properties":{"id":"battle_battle_on_the_raxa_955","name":"Battle on the Raxa","kind":"military","start_year":955,"end_year":955,"subtype":"battle"}},{"type":"Feature","geometry":{"type":"Point","coordinates":[31.4255,50.0294]},"properties":{"id":"battle_battle_on_the_trubizh_1096","name":"Battle on the Trubizh","kind":"military","start_year":1096,"end_year":1096,"subtype":"battle"}},{"type":"Feature","geometry":{"type":"Point","coordinates":[3.0761,42.1353]},"properties":{"id":"battle_battlle_of_viladamat_1467","name":"Battlle of Viladamat","kind":"military","start_year":1467,"end_year":1467,"subtype":"battle"}},{"type":"Feature","geometry":{"type":"Point","coordinates":[3.243,50.562]},"properties":{"id":"battle_bouvines","name":"Battle of Bouvines","kind":"military","start_year":1214,"end_year":1214,"subtype":"battle"}},{"type":"Feature","geometry":{"type":"Point","coordinates":[-2.0449,48.4503]},"properties":{"id":"battle_breton_norman_war_1064","name":"Breton-Norman War","kind":"military","start_year":1064,"end_year":1064,"subtype":"battle"}},{"type":"Feature","geometry":{"type":"Point","coordinates":[-2.49,43.0656]},"properties":{"id":"battle_burning_of_mondrag_n_1448","name":"Burning of Mondragón","kind":"military","start_year":1448,"end_year":1448,"subtype":"battle"}},{"type":"Feature","geometry":{"type":"Point","coordinates":[3,42.3]},"properties":{"id":"battle_burning_of_peralada_1285","name":"Burning of Peralada","kind":"military","start_year":1285,"end_year":1285,"subtype":"battle"}},{"type":"Feature","geometry":{"type":"Point","coordinates":[-3.8697,39.9506]},"properties":{"id":"battle_capture_of_aceca_1130","name":"Capture of Aceca","kind":"military","start_year":1130,"end_year":1130,"subtype":"battle"}},{"type":"Feature","geometry":{"type":"Point","coordinates":[-2,55.7667]},"properties":{"id":"battle_capture_of_berwick_1296","name":"Capture of Berwick","kind":"military","start_year":1296,"end_year":1296,"subtype":"battle"}},{"type":"Feature","geometry":{"type":"Point","coordinates":[5.0642,36.7511]},"properties":{"id":"battle_capture_of_b_ja_a_1410","name":"Capture of Béjaïa","kind":"military","start_year":1410,"end_year":1410,"subtype":"battle"}},{"type":"Feature","geometry":{"type":"Point","coordinates":[0.1313,52.2053]},"properties":{"id":"battle_capture_of_cambridge_1326","name":"Capture of Cambridge","kind":"military","start_year":1326,"end_year":1326,"subtype":"battle"}},{"type":"Feature","geometry":{"type":"Point","coordinates":[-8.5333,38.95]},"properties":{"id":"battle_capture_of_coruche_1180","name":"Capture of Coruche","kind":"military","start_year":1180,"end_year":1180,"subtype":"battle"}},{"type":"Feature","geometry":{"type":"Point","coordinates":[-4.7667,37.8833]},"properties":{"id":"battle_capture_of_c_rdoba_1016","name":"Capture of Córdoba","kind":"military","start_year":1016,"end_year":1016,"subtype":"battle"}},{"type":"Feature","geometry":{"type":"Point","coordinates":[36.292,33.513]},"properties":{"id":"battle_capture_of_damascus_971","name":"Capture of Damascus","kind":"military","start_year":971,"end_year":971,"subtype":"battle"}},{"type":"Feature","geometry":{"type":"Point","coordinates":[44.2036,41.3317]},"properties":{"id":"battle_capture_of_dmanisi_1123","name":"Capture of Dmanisi","kind":"military","start_year":1123,"end_year":1123,"subtype":"battle"}},{"type":"Feature","geometry":{"type":"Point","coordinates":[2.8603,42.8467]},"properties":{"id":"battle_capture_of_fraiss_1390","name":"Capture of Fraissé","kind":"military","start_year":1390,"end_year":1390,"subtype":"battle"}},{"type":"Feature","geometry":{"type":"Point","coordinates":[-7.24,38.7383]},"properties":{"id":"battle_capture_of_juromenha_1170","name":"Capture of Juromenha","kind":"military","start_year":1170,"end_year":1170,"subtype":"battle"}},{"type":"Feature","geometry":{"type":"Point","coordinates":[30.5236,50.45]},"properties":{"id":"battle_capture_of_kyiv_1203","name":"Capture of Kyiv","kind":"military","start_year":1203,"end_year":1203,"subtype":"battle"}},{"type":"Feature","geometry":{"type":"Point","coordinates":[-8.8069,39.7431]},"properties":{"id":"battle_capture_of_leiria_1137","name":"Capture of Leiria","kind":"military","start_year":1137,"end_year":1137,"subtype":"battle"}},{"type":"Feature","geometry":{"type":"Point","coordinates":[-9.15,38.7253]},"properties":{"id":"battle_capture_of_lisbon_1094","name":"Capture of Lisbon","kind":"military","start_year":1094,"end_year":1094,"subtype":"battle"}},{"type":"Feature","geometry":{"type":"Point","coordinates":[-4.4167,36.7167]},"properties":{"id":"battle_capture_of_m_laga_713","name":"Capture of Málaga","kind":"military","start_year":713,"end_year":713,"subtype":"battle"}},{"type":"Feature","geometry":{"type":"Point","coordinates":[-1.2578,51.7519]},"properties":{"id":"battle_capture_of_oxford_1326","name":"Capture of Oxford","kind":"military","start_year":1326,"end_year":1326,"subtype":"battle"}},{"type":"Feature","geometry":{"type":"Point","coordinates":[13.3613,38.1157]},"properties":{"id":"battle_capture_of_palermo_1036","name":"Capture of Palermo","kind":"military","start_year":1036,"end_year":1036,"subtype":"battle"}},{"type":"Feature","geometry":{"type":"Point","coordinates":[34.8625,31.9275]},"properties":{"id":"battle_capture_of_ramla_970","name":"Capture of Ramla","kind":"military","start_year":970,"end_year":970,"subtype":"battle"}},{"type":"Feature","geometry":{"type":"Point","coordinates":[-8.6333,40.05]},"properties":{"id":"battle_capture_of_soure_1144","name":"Capture of Soure","kind":"military","start_year":1144,"end_year":1144,"subtype":"battle"}},{"type":"Feature","geometry":{"type":"Point","coordinates":[1.3167,35.3667]},"properties":{"id":"battle_capture_of_tahert_909","name":"Capture of Tahert","kind":"military","start_year":909,"end_year":909,"subtype":"battle"}},{"type":"Feature","geometry":{"type":"Point","coordinates":[-1.3167,34.8828]},"properties":{"id":"battle_capture_of_tlemcen_1352","name":"Capture of Tlemcen","kind":"military","start_year":1352,"end_year":1352,"subtype":"battle"}},{"type":"Feature","geometry":{"type":"Point","coordinates":[10.18,36.8008]},"properties":{"id":"battle_capture_of_tunis_1347","name":"Capture of Tunis","kind":"military","start_year":1347,"end_year":1347,"subtype":"battle"}},{"type":"Feature","geometry":{"type":"Point","coordinates":[20.4,44.85]},"properties":{"id":"battle_capture_of_zemun_1096","name":"Capture of Zemun","kind":"military","start_year":1096,"end_year":1096,"subtype":"battle"}},{"type":"Feature","geometry":{"type":"Point","coordinates":[53.3172,46.6283]},"properties":{"id":"battle_chem_river_battle_1300","name":"Chem River Battle","kind":"military","start_year":1300,"end_year":1300,"subtype":"battle"}},{"type":"Feature","geometry":{"type":"Point","coordinates":[-2.4869,47.9375]},"properties":{"id":"battle_combat_of_the_thirty_1351","name":"Combat of the Thirty","kind":"military","start_year":1351,"end_year":1351,"subtype":"battle"}},{"type":"Feature","geometry":{"type":"Point","coordinates":[-2.4675,36.84]},"properties":{"id":"battle_conquest_of_almeria_1147","name":"Conquest of Almeria","kind":"military","start_year":1147,"end_year":1147,"subtype":"battle"}},{"type":"Feature","geometry":{"type":"Point","coordinates":[-6.0333,35.4667]},"properties":{"id":"battle_conquest_of_asilah_1471","name":"Conquest of Asilah","kind":"military","start_year":1471,"end_year":1471,"subtype":"battle"}},{"type":"Feature","geometry":{"type":"Point","coordinates":[-5.3003,35.8958]},"properties":{"id":"battle_conquest_of_ceuta_1415","name":"Conquest of Ceuta","kind":"military","start_year":1415,"end_year":1415,"subtype":"battle"}},{"type":"Feature","geometry":{"type":"Point","coordinates":[2.8167,41.9833]},"properties":{"id":"battle_conquest_of_girona_785","name":"Conquest of Girona","kind":"military","start_year":785,"end_year":785,"subtype":"battle"}},{"type":"Feature","geometry":{"type":"Point","coordinates":[1.874,50.254]},"properties":{"id":"battle_crecy","name":"Battle of Crécy","kind":"military","start_year":1346,"end_year":1346,"subtype":"battle"}},{"type":"Feature","geometry":{"type":"Point","coordinates":[18,44]},"properties":{"id":"battle_croatian_bulgarian_battle_of_854_854","name":"Croatian–Bulgarian battle of 854","kind":"military","start_year":854,"end_year":854,"subtype":"battle"}},{"type":"Feature","geometry":{"type":"Point","coordinates":[16.5,45]},"properties":{"id":"battle_croatian_bulgarian_battle_of_927_926","name":"Croatian–Bulgarian battle of 927","kind":"military","start_year":926,"end_year":926,"subtype":"battle"}},{"type":"Feature","geometry":{"type":"Point","coordinates":[46,23]},"properties":{"id":"battle_crusader_raids_on_the_red_sea_1182","name":"Crusader raids on the Red Sea","kind":"military","start_year":1182,"end_year":1182,"subtype":"battle"}},{"type":"Feature","geometry":{"type":"Point","coordinates":[10.1414,49.7183]},"properties":{"id":"battle_cyriakus_schlacht_1266","name":"Cyriakus-Schlacht","kind":"military","start_year":1266,"end_year":1266,"subtype":"battle"}},{"type":"Feature","geometry":{"type":"Point","coordinates":[69.6319,40.2794]},"properties":{"id":"battle_day_of_thirst_724","name":"Day of Thirst","kind":"military","start_year":724,"end_year":724,"subtype":"battle"}},{"type":"Feature","geometry":{"type":"Point","coordinates":[-5.7556,41.5033]},"properties":{"id":"battle_day_of_zamora_901","name":"Day of Zamora","kind":"military","start_year":901,"end_year":901,"subtype":"battle"}},{"type":"Feature","geometry":{"type":"Point","coordinates":[30.5236,50.45]},"properties":{"id":"battle_destruction_of_kyiv_1482_1482","name":"Destruction of Kyiv (1482)","kind":"military","start_year":1482,"end_year":1482,"subtype":"battle"}},{"type":"Feature","geometry":{"type":"Point","coordinates":[28.7289,60.7158]},"properties":{"id":"battle_explosion_at_viborg_1495","name":"Explosion at Viborg","kind":"military","start_year":1495,"end_year":1495,"subtype":"battle"}},{"type":"Feature","geometry":{"type":"Point","coordinates":[28.98,41.008]},"properties":{"id":"battle_fall_cpel","name":"Fall of Constantinople","kind":"military","start_year":1453,"end_year":1453,"subtype":"siege"}},{"type":"Feature","geometry":{"type":"Point","coordinates":[26.6711,40.4133]},"properties":{"id":"battle_fall_of_gallipoli_1354","name":"Fall of Gallipoli","kind":"military","start_year":1354,"end_year":1354,"subtype":"battle"}},{"type":"Feature","geometry":{"type":"Point","coordinates":[34.7531,32.0522]},"properties":{"id":"battle_fall_of_jaffa_1268","name":"Fall of Jaffa","kind":"military","start_year":1268,"end_year":1268,"subtype":"battle"}},{"type":"Feature","geometry":{"type":"Point","coordinates":[22.4285,37.4644]},"properties":{"id":"battle_fall_of_nikli_1294","name":"Fall of Nikli","kind":"military","start_year":1294,"end_year":1294,"subtype":"battle"}},{"type":"Feature","geometry":{"type":"Point","coordinates":[38.4244,36.975]},"properties":{"id":"battle_fall_of_saruj_1145","name":"Fall of Saruj","kind":"military","start_year":1145,"end_year":1145,"subtype":"battle"}},{"type":"Feature","geometry":{"type":"Point","coordinates":[37.5469,36.8767]},"properties":{"id":"battle_fall_of_turbessel_1151","name":"Fall of Turbessel","kind":"military","start_year":1151,"end_year":1151,"subtype":"battle"}},{"type":"Feature","geometry":{"type":"Point","coordinates":[-3.3717,38.0117]},"properties":{"id":"battle_fall_of_ubeda_1212","name":"Fall of Ubeda","kind":"military","start_year":1212,"end_year":1212,"subtype":"battle"}},{"type":"Feature","geometry":{"type":"Point","coordinates":[6.9806,61.1556]},"properties":{"id":"battle_fimreite_1184","name":"Fimreite","kind":"military","start_year":1184,"end_year":1184,"subtype":"battle"}},{"type":"Feature","geometry":{"type":"Point","coordinates":[-16.4617,28.4389]},"properties":{"id":"battle_first_battle_of_acentejo_1494","name":"First Battle of Acentejo","kind":"military","start_year":1494,"end_year":1494,"subtype":"battle"}},{"type":"Feature","geometry":{"type":"Point","coordinates":[-0.975,51.151]},"properties":{"id":"battle_first_battle_of_alton_1001","name":"First Battle of Alton","kind":"military","start_year":1001,"end_year":1001,"subtype":"battle"}},{"type":"Feature","geometry":{"type":"Point","coordinates":[-8.748,53.3105]},"properties":{"id":"battle_first_battle_of_athenry_1249","name":"First Battle of Athenry","kind":"military","start_year":1249,"end_year":1249,"subtype":"battle"}},{"type":"Feature","geometry":{"type":"Point","coordinates":[30.7439,18.2231]},"properties":{"id":"battle_first_battle_of_dongola_642","name":"First battle of Dongola","kind":"military","start_year":642,"end_year":642,"subtype":"battle"}},{"type":"Feature","geometry":{"type":"Point","coordinates":[36.7145,34.7232]},"properties":{"id":"battle_first_battle_of_homs_1260","name":"First Battle of Homs","kind":"military","start_year":1260,"end_year":1260,"subtype":"battle"}},{"type":"Feature","geometry":{"type":"Point","coordinates":[-4.6867,41.2872]},"properties":{"id":"battle_first_battle_of_olmedo_1445","name":"First Battle of Olmedo","kind":"military","start_year":1445,"end_year":1445,"subtype":"battle"}},{"type":"Feature","geometry":{"type":"Point","coordinates":[8.1886,63.2445]},"properties":{"id":"battle_first_battle_of_solskjel_870","name":"First Battle of Solskjel","kind":"military","start_year":870,"end_year":870,"subtype":"battle"}},{"type":"Feature","geometry":{"type":"Point","coordinates":[0.339,51.7487]},"properties":{"id":"battle_first_battle_of_st_albans_1455","name":"First Battle of St Albans","kind":"military","start_year":1455,"end_year":1455,"subtype":"battle"}},{"type":"Feature","geometry":{"type":"Point","coordinates":[39.3184,11.4986]},"properties":{"id":"battle_first_battle_of_yedaya_1422","name":"First Battle of Yedaya","kind":"military","start_year":1422,"end_year":1422,"subtype":"battle"}},{"type":"Feature","geometry":{"type":"Point","coordinates":[-1,53]},"properties":{"id":"battle_first_viking_attack_on_england_780","name":"First Viking attack on England","kind":"military","start_year":780,"end_year":780,"subtype":"battle"}},{"type":"Feature","geometry":{"type":"Point","coordinates":[30.7439,18.2231]},"properties":{"id":"battle_fourth_battle_of_dongola_1287","name":"Fourth battle of Dongola","kind":"military","start_year":1287,"end_year":1287,"subtype":"battle"}},{"type":"Feature","geometry":{"type":"Point","coordinates":[62,36]},"properties":{"id":"battle_friday_battle_748","name":"Friday Battle","kind":"military","start_year":748,"end_year":748,"subtype":"battle"}},{"type":"Feature","geometry":{"type":"Point","coordinates":[36.05,54.5667]},"properties":{"id":"battle_great_stand_on_the_ugra_river_1480","name":"Great stand on the Ugra river","kind":"military","start_year":1480,"end_year":1480,"subtype":"battle"}},{"type":"Feature","geometry":{"type":"Point","coordinates":[9.1833,36.7333]},"properties":{"id":"battle_hammadid_capture_of_b_ja_1015_1015","name":"Hammadid capture of Béja (1015)","kind":"military","start_year":1015,"end_year":1015,"subtype":"battle"}},{"type":"Feature","geometry":{"type":"Point","coordinates":[0.49,50.912]},"properties":{"id":"battle_hastings","name":"Battle of Hastings","kind":"military","start_year":1066,"end_year":1066,"subtype":"battle"}},{"type":"Feature","geometry":{"type":"Point","coordinates":[35.457,32.788]},"properties":{"id":"battle_hattin","name":"Battle of Hattin","kind":"military","start_year":1187,"end_year":1187,"subtype":"battle"}},{"type":"Feature","geometry":{"type":"Point","coordinates":[39.6,24.4667]},"properties":{"id":"battle_invasion_of_banu_qaynuqa_624","name":"Invasion of Banu Qaynuqa","kind":"military","start_year":624,"end_year":624,"subtype":"battle"}},{"type":"Feature","geometry":{"type":"Point","coordinates":[62.02,48.25]},"properties":{"id":"battle_irghiz_river_skirmish_1209","name":"Irghiz River skirmish","kind":"military","start_year":1209,"end_year":1209,"subtype":"battle"}},{"type":"Feature","geometry":{"type":"Point","coordinates":[132.7587,33.9228]},"properties":{"id":"battle_iyo_kono_uprising_1180","name":"Iyo Kono Uprising","kind":"military","start_year":1180,"end_year":1180,"subtype":"battle"}},{"type":"Feature","geometry":{"type":"Point","coordinates":[114.345,34.795]},"properties":{"id":"battle_jingkang_incident_1125","name":"Jingkang Incident","kind":"military","start_year":1125,"end_year":1125,"subtype":"battle"}},{"type":"Feature","geometry":{"type":"Point","coordinates":[21.05,42.85]},"properties":{"id":"battle_kosovo","name":"Battle of Kosovo","kind":"military","start_year":1389,"end_year":1389,"subtype":"battle"}},{"type":"Feature","geometry":{"type":"Point","coordinates":[8.5742,50.1567]},"properties":{"id":"battle_kronberger_feud_1389","name":"Kronberger feud","kind":"military","start_year":1389,"end_year":1389,"subtype":"battle"}},{"type":"Feature","geometry":{"type":"Point","coordinates":[38.65,53.64]},"properties":{"id":"battle_kulikovo","name":"Battle of Kulikovo","kind":"military","start_year":1380,"end_year":1380,"subtype":"battle"}},{"type":"Feature","geometry":{"type":"Point","coordinates":[10.87,48.28]},"properties":{"id":"battle_lechfeld","name":"Battle of Lechfeld","kind":"military","start_year":955,"end_year":955,"subtype":"battle"}},{"type":"Feature","geometry":{"type":"Point","coordinates":[8.901,45.593]},"properties":{"id":"battle_legnano","name":"Battle of Legnano","kind":"military","start_year":1176,"end_year":1176,"subtype":"battle"}},{"type":"Feature","geometry":{"type":"Point","coordinates":[43.5728,40.5075]},"properties":{"id":"battle_liberation_of_ani_1199","name":"Liberation of Ani","kind":"military","start_year":1199,"end_year":1199,"subtype":"battle"}},{"type":"Feature","geometry":{"type":"Point","coordinates":[19.7925,41.5108]},"properties":{"id":"battle_liberation_of_kruj_1443","name":"Liberation of Krujë","kind":"military","start_year":1443,"end_year":1443,"subtype":"battle"}},{"type":"Feature","geometry":{"type":"Point","coordinates":[16.157,51.207]},"properties":{"id":"battle_liegnitz","name":"Battle of Legnica","kind":"military","start_year":1241,"end_year":1241,"subtype":"battle"}},{"type":"Feature","geometry":{"type":"Point","coordinates":[42.52,39.09]},"properties":{"id":"battle_manzikert","name":"Battle of Manzikert","kind":"military","start_year":1071,"end_year":1071,"subtype":"battle"}},{"type":"Feature","geometry":{"type":"Point","coordinates":[16.978,48.486]},"properties":{"id":"battle_marchfeld","name":"Battle of Marchfeld","kind":"military","start_year":1278,"end_year":1278,"subtype":"battle"}},{"type":"Feature","geometry":{"type":"Point","coordinates":[37,36.52]},"properties":{"id":"battle_mari_dabiq","name":"Battle of Marj Dābiq","kind":"military","start_year":1516,"end_year":1516,"subtype":"battle"}},{"type":"Feature","geometry":{"type":"Point","coordinates":[35.0839,32.9261]},"properties":{"id":"battle_massacre_at_ayyadieh_1191","name":"Massacre at Ayyadieh","kind":"military","start_year":1191,"end_year":1191,"subtype":"battle"}},{"type":"Feature","geometry":{"type":"Point","coordinates":[3.219,43.3476]},"properties":{"id":"battle_massacre_at_b_ziers_1209","name":"Massacre at Béziers","kind":"military","start_year":1209,"end_year":1209,"subtype":"battle"}},{"type":"Feature","geometry":{"type":"Point","coordinates":[8.7822,47.3667]},"properties":{"id":"battle_meeting_at_pf_ffikon_1440","name":"Meeting at Pfäffikon","kind":"military","start_year":1440,"end_year":1440,"subtype":"battle"}},{"type":"Feature","geometry":{"type":"Point","coordinates":[136.9919,35.6517]},"properties":{"id":"battle_mino_genji_s_raising_of_an_army_1180","name":"Mino Genji's raising of an army","kind":"military","start_year":1180,"end_year":1180,"subtype":"battle"}},{"type":"Feature","geometry":{"type":"Point","coordinates":[20.73,47.9]},"properties":{"id":"battle_mohi","name":"Battle of Mohi","kind":"military","start_year":1241,"end_year":1241,"subtype":"battle"}},{"type":"Feature","geometry":{"type":"Point","coordinates":[106.455,29.853]},"properties":{"id":"battle_mongke","name":"Mongke Khan's Siege of Diaoyu","kind":"military","start_year":1258,"end_year":1259,"subtype":"siege"}},{"type":"Feature","geometry":{"type":"Point","coordinates":[139.4092,35.8061]},"properties":{"id":"battle_musashi_kokuzo_rebellion_534","name":"Musashi Kokuzo Rebellion","kind":"military","start_year":534,"end_year":534,"subtype":"battle"}},{"type":"Feature","geometry":{"type":"Point","coordinates":[15.15,37.55]},"properties":{"id":"battle_naval_battle_of_ognina_1356","name":"Naval Battle of Ognina","kind":"military","start_year":1356,"end_year":1356,"subtype":"battle"}},{"type":"Feature","geometry":{"type":"Point","coordinates":[-9.0137,38.8525]},"properties":{"id":"battle_naval_battle_of_the_tejo_1384","name":"Naval Battle of the Tejo","kind":"military","start_year":1384,"end_year":1384,"subtype":"battle"}},{"type":"Feature","geometry":{"type":"Point","coordinates":[24.89,43.7]},"properties":{"id":"battle_nicopolis","name":"Battle of Nicopolis","kind":"military","start_year":1396,"end_year":1396,"subtype":"battle"}},{"type":"Feature","geometry":{"type":"Point","coordinates":[25.4572,44.9244]},"properties":{"id":"battle_night_attack_at_t_rgovi_te_1462","name":"Night attack at Târgoviște","kind":"military","start_year":1462,"end_year":1462,"subtype":"battle"}},{"type":"Feature","geometry":{"type":"Point","coordinates":[-1.3242,43.0197]},"properties":{"id":"battle_orreaga_riot_812","name":"Orreaga Riot","kind":"military","start_year":812,"end_year":812,"subtype":"battle"}},{"type":"Feature","geometry":{"type":"Point","coordinates":[18.4833,40.15]},"properties":{"id":"battle_ottoman_invasion_of_otranto_1481","name":"Ottoman invasion of Otranto","kind":"military","start_year":1481,"end_year":1481,"subtype":"battle"}},{"type":"Feature","geometry":{"type":"Point","coordinates":[76.97,29.386]},"properties":{"id":"battle_panipat_1","name":"First Battle of Panipat","kind":"military","start_year":1526,"end_year":1526,"subtype":"battle"}},{"type":"Feature","geometry":{"type":"Point","coordinates":[0.33,46.58]},"properties":{"id":"battle_poitiers_1356","name":"Battle of Poitiers","kind":"military","start_year":1356,"end_year":1356,"subtype":"battle"}},{"type":"Feature","geometry":{"type":"Point","coordinates":[12.3553,50.6572]},"properties":{"id":"battle_raid_on_brandenburg_1326","name":"Raid on Brandenburg","kind":"military","start_year":1326,"end_year":1326,"subtype":"battle"}},{"type":"Feature","geometry":{"type":"Point","coordinates":[28.9769,41.0167]},"properties":{"id":"battle_reconquest_of_constantinople_1261","name":"Reconquest of Constantinople","kind":"military","start_year":1261,"end_year":1261,"subtype":"battle"}},{"type":"Feature","geometry":{"type":"Point","coordinates":[26.6711,40.4133]},"properties":{"id":"battle_reconquest_of_gallipoli_1366","name":"Reconquest of Gallipoli","kind":"military","start_year":1366,"end_year":1366,"subtype":"battle"}},{"type":"Feature","geometry":{"type":"Point","coordinates":[43.0788,40.8996]},"properties":{"id":"battle_resistance_of_vanand_1054","name":"Resistance of Vanand","kind":"military","start_year":1054,"end_year":1054,"subtype":"battle"}},{"type":"Feature","geometry":{"type":"Point","coordinates":[-3.3503,51.5401]},"properties":{"id":"battle_rhiw_saeson_battle_873","name":"Rhiw Saeson Battle","kind":"military","start_year":873,"end_year":873,"subtype":"battle"}},{"type":"Feature","geometry":{"type":"Point","coordinates":[-1.3125,51.0605]},"properties":{"id":"battle_rout_of_winchester_1141","name":"Rout of Winchester","kind":"military","start_year":1141,"end_year":1141,"subtype":"battle"}},{"type":"Feature","geometry":{"type":"Point","coordinates":[21.75,50.6833]},"properties":{"id":"battle_sacking_of_sandomierz_1241_1241","name":"Sacking of Sandomierz (1241)","kind":"military","start_year":1241,"end_year":1241,"subtype":"battle"}},{"type":"Feature","geometry":{"type":"Point","coordinates":[37.15,36.2]},"properties":{"id":"battle_sack_of_aleppo_962","name":"Sack of Aleppo","kind":"military","start_year":962,"end_year":962,"subtype":"battle"}},{"type":"Feature","geometry":{"type":"Point","coordinates":[31.2891,39.0204]},"properties":{"id":"battle_sack_of_amorium_838","name":"Sack of Amorium","kind":"military","start_year":838,"end_year":838,"subtype":"battle"}},{"type":"Feature","geometry":{"type":"Point","coordinates":[31.2947,51.4939]},"properties":{"id":"battle_sack_of_chernigov_1239","name":"Sack of Chernigov","kind":"military","start_year":1239,"end_year":1239,"subtype":"battle"}},{"type":"Feature","geometry":{"type":"Point","coordinates":[44.0094,36.1911]},"properties":{"id":"battle_sack_of_erbil_1236","name":"Sack of Erbil","kind":"military","start_year":1236,"end_year":1236,"subtype":"battle"}},{"type":"Feature","geometry":{"type":"Point","coordinates":[19.9372,50.0614]},"properties":{"id":"battle_sack_of_krak_w_1241","name":"Sack of Kraków","kind":"military","start_year":1241,"end_year":1241,"subtype":"battle"}},{"type":"Feature","geometry":{"type":"Point","coordinates":[30.5236,50.45]},"properties":{"id":"battle_sack_of_kyiv_1169","name":"Sack of Kyiv","kind":"military","start_year":1169,"end_year":1169,"subtype":"battle"}},{"type":"Feature","geometry":{"type":"Point","coordinates":[12.5,41.9]},"properties":{"id":"battle_sack_of_rome_546","name":"Sack of Rome","kind":"military","start_year":546,"end_year":546,"subtype":"battle"}},{"type":"Feature","geometry":{"type":"Point","coordinates":[-3.7869,58.5633]},"properties":{"id":"battle_sandside_chase_1437","name":"Sandside Chase","kind":"military","start_year":1437,"end_year":1437,"subtype":"battle"}},{"type":"Feature","geometry":{"type":"Point","coordinates":[9.495,47.3608]},"properties":{"id":"battle_schlacht_am_stoss_1405","name":"Schlacht am Stoss","kind":"military","start_year":1405,"end_year":1405,"subtype":"battle"}},{"type":"Feature","geometry":{"type":"Point","coordinates":[13.1207,54.3098]},"properties":{"id":"battle_sea_battle_near_d_nholm_1429","name":"Sea battle near Dänholm","kind":"military","start_year":1429,"end_year":1429,"subtype":"battle"}},{"type":"Feature","geometry":{"type":"Point","coordinates":[-8.748,53.3105]},"properties":{"id":"battle_second_battle_of_athenry_1316","name":"Second Battle of Athenry","kind":"military","start_year":1316,"end_year":1316,"subtype":"battle"}},{"type":"Feature","geometry":{"type":"Point","coordinates":[13.9333,50.6667]},"properties":{"id":"battle_second_battle_of_chlumec_1126","name":"Second Battle of Chlumec","kind":"military","start_year":1126,"end_year":1126,"subtype":"battle"}},{"type":"Feature","geometry":{"type":"Point","coordinates":[30.7439,18.2231]},"properties":{"id":"battle_second_battle_of_dongola_652","name":"Second battle of Dongola","kind":"military","start_year":652,"end_year":652,"subtype":"battle"}},{"type":"Feature","geometry":{"type":"Point","coordinates":[36.7145,34.7232]},"properties":{"id":"battle_second_battle_of_homs_1281","name":"Second Battle of Homs","kind":"military","start_year":1281,"end_year":1281,"subtype":"battle"}},{"type":"Feature","geometry":{"type":"Point","coordinates":[-4.6867,41.2871]},"properties":{"id":"battle_second_battle_of_olmedo_1467","name":"Second Battle of Olmedo","kind":"military","start_year":1467,"end_year":1467,"subtype":"battle"}},{"type":"Feature","geometry":{"type":"Point","coordinates":[36.4592,37.1489]},"properties":{"id":"battle_second_battle_of_sarvandik_ar_1276","name":"Second Battle of Sarvandik'ar","kind":"military","start_year":1276,"end_year":1276,"subtype":"battle"}},{"type":"Feature","geometry":{"type":"Point","coordinates":[-0.3361,51.755]},"properties":{"id":"battle_second_battle_of_st_albans_1461","name":"Second Battle of St Albans","kind":"military","start_year":1461,"end_year":1461,"subtype":"battle"}},{"type":"Feature","geometry":{"type":"Point","coordinates":[8.3,46.5]},"properties":{"id":"battle_second_battle_of_ulrichen_1419","name":"Second Battle of Ulrichen","kind":"military","start_year":1419,"end_year":1419,"subtype":"battle"}},{"type":"Feature","geometry":{"type":"Point","coordinates":[5.1,52]},"properties":{"id":"battle_second_battle_of_vreeswijk_1482","name":"Second Battle of Vreeswijk","kind":"military","start_year":1482,"end_year":1482,"subtype":"battle"}},{"type":"Feature","geometry":{"type":"Point","coordinates":[4.6286,43.6769]},"properties":{"id":"battle_sieges_of_arles_566","name":"Sieges of Arles","kind":"military","start_year":566,"end_year":566,"subtype":"battle"}},{"type":"Feature","geometry":{"type":"Point","coordinates":[26.5594,41.6781]},"properties":{"id":"battle_siege_of_adrianople_813_813","name":"Siege of Adrianople (813)","kind":"military","start_year":813,"end_year":813,"subtype":"battle"}},{"type":"Feature","geometry":{"type":"Point","coordinates":[135.6186,34.4597]},"properties":{"id":"battle_siege_of_akasaka_1331","name":"Siege of Akasaka","kind":"military","start_year":1331,"end_year":1331,"subtype":"battle"}},{"type":"Feature","geometry":{"type":"Point","coordinates":[-5.4539,36.1275]},"properties":{"id":"battle_siege_of_algeciras_1278","name":"Siege of Algeciras","kind":"military","start_year":1278,"end_year":1278,"subtype":"battle"}},{"type":"Feature","geometry":{"type":"Point","coordinates":[-1.2862,40.0633]},"properties":{"id":"battle_siege_of_al_d_m_s_1210","name":"Siege of Al-Dāmūs","kind":"military","start_year":1210,"end_year":1210,"subtype":"battle"}},{"type":"Feature","geometry":{"type":"Point","coordinates":[-5.0556,43.3089]},"properties":{"id":"battle_siege_of_al_sakhra_735","name":"Siege of Al-Sakhra","kind":"military","start_year":735,"end_year":735,"subtype":"battle"}},{"type":"Feature","geometry":{"type":"Point","coordinates":[122.7783,40.7811]},"properties":{"id":"battle_siege_of_ansi_645","name":"Siege of Ansi","kind":"military","start_year":645,"end_year":645,"subtype":"battle"}},{"type":"Feature","geometry":{"type":"Point","coordinates":[30.6956,36.9081]},"properties":{"id":"battle_siege_of_antalya_1207","name":"Siege of Antalya","kind":"military","start_year":1207,"end_year":1207,"subtype":"battle"}},{"type":"Feature","geometry":{"type":"Point","coordinates":[4.6286,43.6769]},"properties":{"id":"battle_siege_of_arles_534","name":"Siege of Arles","kind":"military","start_year":534,"end_year":534,"subtype":"battle"}},{"type":"Feature","geometry":{"type":"Point","coordinates":[2.78,50.2892]},"properties":{"id":"battle_siege_of_arras_1194","name":"Siege of Arras","kind":"military","start_year":1194,"end_year":1194,"subtype":"battle"}},{"type":"Feature","geometry":{"type":"Point","coordinates":[34.5481,31.6671]},"properties":{"id":"battle_siege_of_ascalon_1153","name":"Siege of Ascalon","kind":"military","start_year":1153,"end_year":1153,"subtype":"battle"}},{"type":"Feature","geometry":{"type":"Point","coordinates":[15.2167,37.25]},"properties":{"id":"battle_siege_of_augusta_1287","name":"Siege of Augusta","kind":"military","start_year":1287,"end_year":1287,"subtype":"battle"}},{"type":"Feature","geometry":{"type":"Point","coordinates":[-0.1167,42.0333]},"properties":{"id":"battle_siege_of_barbastro_1065","name":"Siege of Barbastro","kind":"military","start_year":1065,"end_year":1065,"subtype":"battle"}},{"type":"Feature","geometry":{"type":"Point","coordinates":[2.1667,41.4019]},"properties":{"id":"battle_siege_of_barcelona_800","name":"Siege of Barcelona","kind":"military","start_year":800,"end_year":800,"subtype":"battle"}},{"type":"Feature","geometry":{"type":"Point","coordinates":[16.8667,41.1253]},"properties":{"id":"battle_siege_of_bari_1068","name":"Siege of Bari","kind":"military","start_year":1068,"end_year":1068,"subtype":"battle"}},{"type":"Feature","geometry":{"type":"Point","coordinates":[20.8108,54.2511]},"properties":{"id":"battle_siege_of_bartenstein_1264","name":"Siege of Bartenstein","kind":"military","start_year":1264,"end_year":1264,"subtype":"battle"}},{"type":"Feature","geometry":{"type":"Point","coordinates":[-0.7028,49.2758]},"properties":{"id":"battle_siege_of_bayeux_1417_1417","name":"Siege of Bayeux (1417)","kind":"military","start_year":1417,"end_year":1417,"subtype":"battle"}},{"type":"Feature","geometry":{"type":"Point","coordinates":[4.6442,43.8081]},"properties":{"id":"battle_siege_of_beaucaire_1216","name":"Siege of Beaucaire","kind":"military","start_year":1216,"end_year":1216,"subtype":"battle"}},{"type":"Feature","geometry":{"type":"Point","coordinates":[10.28,44.49]},"properties":{"id":"battle_siege_of_belgrade_1440","name":"Siege of Belgrade","kind":"military","start_year":1440,"end_year":1440,"subtype":"battle"}},{"type":"Feature","geometry":{"type":"Point","coordinates":[19.9497,40.7049]},"properties":{"id":"battle_siege_of_berat_1280","name":"Siege of Berat","kind":"military","start_year":1280,"end_year":1280,"subtype":"battle"}},{"type":"Feature","geometry":{"type":"Point","coordinates":[-3.7072,42.3428]},"properties":{"id":"battle_siege_of_burgos_1475","name":"Siege of Burgos","kind":"military","start_year":1475,"end_year":1475,"subtype":"battle"}},{"type":"Feature","geometry":{"type":"Point","coordinates":[29.0667,40.1833]},"properties":{"id":"battle_siege_of_bursa_1317","name":"Siege of Bursa","kind":"military","start_year":1317,"end_year":1317,"subtype":"battle"}},{"type":"Feature","geometry":{"type":"Point","coordinates":[13.2713,50.376]},"properties":{"id":"battle_siege_of_cada_1421","name":"Siege of Cadaň","kind":"military","start_year":1421,"end_year":1421,"subtype":"battle"}},{"type":"Feature","geometry":{"type":"Point","coordinates":[-0.3706,49.1822]},"properties":{"id":"battle_siege_of_caen_1417","name":"Siege of Caen","kind":"military","start_year":1417,"end_year":1417,"subtype":"battle"}},{"type":"Feature","geometry":{"type":"Point","coordinates":[1.853,50.958]},"properties":{"id":"battle_siege_of_calais_1346","name":"Siege of Calais","kind":"military","start_year":1346,"end_year":1346,"subtype":"battle"}},{"type":"Feature","geometry":{"type":"Point","coordinates":[3.2347,50.1758]},"properties":{"id":"battle_siege_of_cambrai_1339","name":"Siege of Cambrai","kind":"military","start_year":1339,"end_year":1339,"subtype":"battle"}},{"type":"Feature","geometry":{"type":"Point","coordinates":[14.2139,41.1056]},"properties":{"id":"battle_siege_of_capua_1098","name":"Siege of Capua","kind":"military","start_year":1098,"end_year":1098,"subtype":"battle"}},{"type":"Feature","geometry":{"type":"Point","coordinates":[2.3519,43.2131]},"properties":{"id":"battle_siege_of_carcassonne_1209","name":"Siege of Carcassonne","kind":"military","start_year":1209,"end_year":1209,"subtype":"battle"}},{"type":"Feature","geometry":{"type":"Point","coordinates":[1.95,43.3167]},"properties":{"id":"battle_siege_of_casteln_u_d_arri_1211","name":"Siege of Castelnòu d'Arri","kind":"military","start_year":1211,"end_year":1211,"subtype":"battle"}},{"type":"Feature","geometry":{"type":"Point","coordinates":[-5.3064,35.8898]},"properties":{"id":"battle_siege_of_ceuta_1309","name":"Siege of Ceuta","kind":"military","start_year":1309,"end_year":1309,"subtype":"battle"}},{"type":"Feature","geometry":{"type":"Point","coordinates":[1.4883,48.4467]},"properties":{"id":"battle_siege_of_chartres_911","name":"Siege of Chartres","kind":"military","start_year":911,"end_year":911,"subtype":"battle"}},{"type":"Feature","geometry":{"type":"Point","coordinates":[2.8222,49.4142]},"properties":{"id":"battle_siege_of_compi_gne_1430","name":"Siege of Compiègne","kind":"military","start_year":1430,"end_year":1430,"subtype":"battle"}},{"type":"Feature","geometry":{"type":"Point","coordinates":[28.976,41.0122]},"properties":{"id":"battle_siege_of_constantinople_626","name":"Siege of Constantinople","kind":"military","start_year":626,"end_year":626,"subtype":"battle"}},{"type":"Feature","geometry":{"type":"Point","coordinates":[22.9272,37.9386]},"properties":{"id":"battle_siege_of_corinth_1458","name":"Siege of Corinth","kind":"military","start_year":1458,"end_year":1458,"subtype":"battle"}},{"type":"Feature","geometry":{"type":"Point","coordinates":[36.2919,33.5131]},"properties":{"id":"battle_siege_of_damascus_634","name":"Siege of Damascus","kind":"military","start_year":634,"end_year":634,"subtype":"battle"}},{"type":"Feature","geometry":{"type":"Point","coordinates":[106.3127,30.0038]},"properties":{"id":"battle_siege_of_diaoyucheng_1259","name":"Siege of Diaoyucheng","kind":"military","start_year":1259,"end_year":1259,"subtype":"battle"}},{"type":"Feature","geometry":{"type":"Point","coordinates":[1.0778,49.9217]},"properties":{"id":"battle_siege_of_dieppe_1442","name":"Siege of Dieppe","kind":"military","start_year":1442,"end_year":1442,"subtype":"battle"}},{"type":"Feature","geometry":{"type":"Point","coordinates":[-3.5269,50.7256]},"properties":{"id":"battle_siege_of_exeter_630","name":"Siege of Exeter","kind":"military","start_year":630,"end_year":630,"subtype":"battle"}},{"type":"Feature","geometry":{"type":"Point","coordinates":[-1.1986,48.3525]},"properties":{"id":"battle_siege_of_fougeres_1449","name":"Siege of Fougeres","kind":"military","start_year":1449,"end_year":1449,"subtype":"battle"}},{"type":"Feature","geometry":{"type":"Point","coordinates":[133.866,34.687]},"properties":{"id":"battle_siege_of_fukury_ji_1183","name":"Siege of Fukuryūji","kind":"military","start_year":1183,"end_year":1183,"subtype":"battle"}},{"type":"Feature","geometry":{"type":"Point","coordinates":[-3.28,47.8039]},"properties":{"id":"battle_siege_of_hennebont_1342","name":"Siege of Hennebont","kind":"military","start_year":1342,"end_year":1342,"subtype":"battle"}},{"type":"Feature","geometry":{"type":"Point","coordinates":[13.7218,49.3112]},"properties":{"id":"battle_siege_of_hora_ovice_1307","name":"Siege of Horažďovice","kind":"military","start_year":1307,"end_year":1307,"subtype":"battle"}},{"type":"Feature","geometry":{"type":"Point","coordinates":[17.8769,49.8714]},"properties":{"id":"battle_siege_of_hradec_castle_1060","name":"Siege of Hradec Castle","kind":"military","start_year":1060,"end_year":1060,"subtype":"battle"}},{"type":"Feature","geometry":{"type":"Point","coordinates":[35.2167,31.7833]},"properties":{"id":"battle_siege_of_jerusalem_1099","name":"Siege of Jerusalem","kind":"military","start_year":1099,"end_year":1099,"subtype":"battle"}},{"type":"Feature","geometry":{"type":"Point","coordinates":[66.379,39.953]},"properties":{"id":"battle_siege_of_kamarja_729","name":"Siege of Kamarja","kind":"military","start_year":729,"end_year":729,"subtype":"battle"}},{"type":"Feature","geometry":{"type":"Point","coordinates":[30.5236,50.45]},"properties":{"id":"battle_siege_of_kiev_1324","name":"Siege of Kiev","kind":"military","start_year":1324,"end_year":1324,"subtype":"battle"}},{"type":"Feature","geometry":{"type":"Point","coordinates":[19.9439,50.0532]},"properties":{"id":"battle_siege_of_krak_w_1345_1345","name":"Siege of Kraków (1345)","kind":"military","start_year":1345,"end_year":1345,"subtype":"battle"}},{"type":"Feature","geometry":{"type":"Point","coordinates":[30.5236,50.45]},"properties":{"id":"battle_siege_of_kyiv_1036","name":"Siege of Kyiv","kind":"military","start_year":1036,"end_year":1036,"subtype":"battle"}},{"type":"Feature","geometry":{"type":"Point","coordinates":[29.1075,37.8358]},"properties":{"id":"battle_siege_of_laodicea_1119","name":"Siege of Laodicea","kind":"military","start_year":1119,"end_year":1119,"subtype":"battle"}},{"type":"Feature","geometry":{"type":"Point","coordinates":[1.8167,43.6833]},"properties":{"id":"battle_siege_of_lavaur_1211","name":"Siege of Lavaur","kind":"military","start_year":1211,"end_year":1211,"subtype":"battle"}},{"type":"Feature","geometry":{"type":"Point","coordinates":[0.1617,44.51]},"properties":{"id":"battle_siege_of_marmande_1219","name":"Siege of Marmande","kind":"military","start_year":1219,"end_year":1219,"subtype":"battle"}},{"type":"Feature","geometry":{"type":"Point","coordinates":[50.607,36.4762]},"properties":{"id":"battle_siege_of_maymun_diz_1256","name":"Siege of Maymun-Diz","kind":"military","start_year":1256,"end_year":1256,"subtype":"battle"}},{"type":"Feature","geometry":{"type":"Point","coordinates":[2.8878,48.9594]},"properties":{"id":"battle_siege_of_meaux_1421","name":"Siege of Meaux","kind":"military","start_year":1421,"end_year":1421,"subtype":"battle"}},{"type":"Feature","geometry":{"type":"Point","coordinates":[13.4833,51.1667]},"properties":{"id":"battle_siege_of_meissen_1015_1015","name":"Siege of Meissen (1015)","kind":"military","start_year":1015,"end_year":1015,"subtype":"battle"}},{"type":"Feature","geometry":{"type":"Point","coordinates":[6.1769,49.1197]},"properties":{"id":"battle_siege_of_metz_1444","name":"Siege of Metz","kind":"military","start_year":1444,"end_year":1444,"subtype":"battle"}},{"type":"Feature","geometry":{"type":"Point","coordinates":[6.1769,49.1197]},"properties":{"id":"battle_siege_of_metz_1489_1489","name":"Siege of Metz (1489)","kind":"military","start_year":1489,"end_year":1489,"subtype":"battle"}},{"type":"Feature","geometry":{"type":"Point","coordinates":[1.91,49.005]},"properties":{"id":"battle_siege_of_meulan_1364","name":"Siege of Meulan","kind":"military","start_year":1364,"end_year":1364,"subtype":"battle"}},{"type":"Feature","geometry":{"type":"Point","coordinates":[2.7353,43.35]},"properties":{"id":"battle_siege_of_minerve_1210","name":"Siege of Minerve","kind":"military","start_year":1210,"end_year":1210,"subtype":"battle"}},{"type":"Feature","geometry":{"type":"Point","coordinates":[2.7325,47.9969]},"properties":{"id":"battle_siege_of_montargis_1427","name":"Siege of Montargis","kind":"military","start_year":1427,"end_year":1427,"subtype":"battle"}},{"type":"Feature","geometry":{"type":"Point","coordinates":[37.6178,55.7558]},"properties":{"id":"battle_siege_of_moscow_1238","name":"Siege of Moscow","kind":"military","start_year":1238,"end_year":1238,"subtype":"battle"}},{"type":"Feature","geometry":{"type":"Point","coordinates":[-1.5539,47.2172]},"properties":{"id":"battle_siege_of_nantes_1380","name":"Siege of Nantes","kind":"military","start_year":1380,"end_year":1380,"subtype":"battle"}},{"type":"Feature","geometry":{"type":"Point","coordinates":[3.0042,43.1836]},"properties":{"id":"battle_siege_of_narbonne_752","name":"Siege of Narbonne","kind":"military","start_year":752,"end_year":752,"subtype":"battle"}},{"type":"Feature","geometry":{"type":"Point","coordinates":[29.7195,40.429]},"properties":{"id":"battle_siege_of_nicaea_727","name":"Siege of Nicaea","kind":"military","start_year":727,"end_year":727,"subtype":"battle"}},{"type":"Feature","geometry":{"type":"Point","coordinates":[44.4601,42.2965]},"properties":{"id":"battle_siege_of_onoguris_555","name":"Siege of Onoguris","kind":"military","start_year":555,"end_year":555,"subtype":"battle"}},{"type":"Feature","geometry":{"type":"Point","coordinates":[35.6944,33.2486]},"properties":{"id":"battle_siege_of_paneas_1157","name":"Siege of Paneas","kind":"military","start_year":1157,"end_year":1157,"subtype":"battle"}},{"type":"Feature","geometry":{"type":"Point","coordinates":[2.3518,48.8566]},"properties":{"id":"battle_siege_of_paris_1370","name":"Siege of Paris","kind":"military","start_year":1370,"end_year":1370,"subtype":"battle"}},{"type":"Feature","geometry":{"type":"Point","coordinates":[13.3825,49.7414]},"properties":{"id":"battle_siege_of_pilsen_1433","name":"Siege of Pilsen","kind":"military","start_year":1433,"end_year":1433,"subtype":"battle"}},{"type":"Feature","geometry":{"type":"Point","coordinates":[-1.1764,47.7406]},"properties":{"id":"battle_siege_of_pouanc_1432","name":"Siege of Pouancé","kind":"military","start_year":1432,"end_year":1432,"subtype":"battle"}},{"type":"Feature","geometry":{"type":"Point","coordinates":[-1.6808,48.1142]},"properties":{"id":"battle_siege_of_rennes_1356","name":"Siege of Rennes","kind":"military","start_year":1356,"end_year":1356,"subtype":"battle"}},{"type":"Feature","geometry":{"type":"Point","coordinates":[1.6083,49.0197]},"properties":{"id":"battle_siege_of_rolleboise_1364","name":"Siege of Rolleboise","kind":"military","start_year":1364,"end_year":1364,"subtype":"battle"}},{"type":"Feature","geometry":{"type":"Point","coordinates":[1.1025,49.4431]},"properties":{"id":"battle_siege_of_rouen_1418","name":"Siege of Rouen","kind":"military","start_year":1418,"end_year":1418,"subtype":"battle"}},{"type":"Feature","geometry":{"type":"Point","coordinates":[35.4983,32.9658]},"properties":{"id":"battle_siege_of_safed_1188","name":"Siege of Safed","kind":"military","start_year":1188,"end_year":1188,"subtype":"battle"}},{"type":"Feature","geometry":{"type":"Point","coordinates":[-0.5211,45.9442]},"properties":{"id":"battle_siege_of_saint_jean_d_ang_ly_1351","name":"Siege of Saint-Jean-d'Angély","kind":"military","start_year":1351,"end_year":1351,"subtype":"battle"}},{"type":"Feature","geometry":{"type":"Point","coordinates":[15.212,49.8897]},"properties":{"id":"battle_siege_of_sion_castle_1437","name":"Siege of Sion Castle","kind":"military","start_year":1437,"end_year":1437,"subtype":"battle"}},{"type":"Feature","geometry":{"type":"Point","coordinates":[32.0453,54.7828]},"properties":{"id":"battle_siege_of_smolensk_1404","name":"Siege of Smolensk","kind":"military","start_year":1404,"end_year":1404,"subtype":"battle"}},{"type":"Feature","geometry":{"type":"Point","coordinates":[15.2875,37.0692]},"properties":{"id":"battle_siege_of_syracuse_1298","name":"Siege of Syracuse","kind":"military","start_year":1298,"end_year":1298,"subtype":"battle"}},{"type":"Feature","geometry":{"type":"Point","coordinates":[26.7225,58.38]},"properties":{"id":"battle_siege_of_tartu_1224","name":"Siege of Tartu","kind":"military","start_year":1224,"end_year":1224,"subtype":"battle"}},{"type":"Feature","geometry":{"type":"Point","coordinates":[22.95,40.6333]},"properties":{"id":"battle_siege_of_thessalonica_617","name":"Siege of Thessalonica","kind":"military","start_year":617,"end_year":617,"subtype":"battle"}},{"type":"Feature","geometry":{"type":"Point","coordinates":[35.2,33.2667]},"properties":{"id":"battle_siege_of_tyre_1124","name":"Siege of Tyre","kind":"military","start_year":1124,"end_year":1124,"subtype":"battle"}},{"type":"Feature","geometry":{"type":"Point","coordinates":[-2.7617,47.655]},"properties":{"id":"battle_siege_of_vannes_1342","name":"Siege of Vannes","kind":"military","start_year":1342,"end_year":1342,"subtype":"battle"}},{"type":"Feature","geometry":{"type":"Point","coordinates":[0.9278,48.7389]},"properties":{"id":"battle_siege_of_verneuil_1173","name":"Siege of Verneuil","kind":"military","start_year":1173,"end_year":1173,"subtype":"battle"}},{"type":"Feature","geometry":{"type":"Point","coordinates":[116.3914,39.905]},"properties":{"id":"battle_siege_of_zhongdu_1215","name":"Siege of Zhongdu","kind":"military","start_year":1215,"end_year":1215,"subtype":"battle"}},{"type":"Feature","geometry":{"type":"Point","coordinates":[2.0875,49.4342]},"properties":{"id":"battle_si_ge_de_beauvais_1472","name":"Siège de Beauvais","kind":"military","start_year":1472,"end_year":1472,"subtype":"battle"}},{"type":"Feature","geometry":{"type":"Point","coordinates":[-5.3059,35.8895]},"properties":{"id":"battle_skirmish_on_the_eve_of_santa_maria_de_september_1429","name":"Skirmish on the eve of Santa Maria de September","kind":"military","start_year":1429,"end_year":1429,"subtype":"battle"}},{"type":"Feature","geometry":{"type":"Point","coordinates":[6.0063,52.1332]},"properties":{"id":"battle_slag_op_de_vrijenberg_1354","name":"Slag op de Vrijenberg","kind":"military","start_year":1354,"end_year":1354,"subtype":"battle"}},{"type":"Feature","geometry":{"type":"Point","coordinates":[72.3,42.9]},"properties":{"id":"battle_talas","name":"Battle of Talas","kind":"military","start_year":751,"end_year":751,"subtype":"battle"}},{"type":"Feature","geometry":{"type":"Point","coordinates":[76.95,29.8]},"properties":{"id":"battle_tarain_2","name":"Second Battle of Tarain","kind":"military","start_year":1192,"end_year":1192,"subtype":"battle"}},{"type":"Feature","geometry":{"type":"Point","coordinates":[14.535,52.4261]},"properties":{"id":"battle_third_war_for_lebus_1239","name":"Third War for Lebus","kind":"military","start_year":1239,"end_year":1239,"subtype":"battle"}},{"type":"Feature","geometry":{"type":"Point","coordinates":[0.34,46.58]},"properties":{"id":"battle_tours","name":"Battle of Tours","kind":"military","start_year":732,"end_year":732,"subtype":"battle"}},{"type":"Feature","geometry":{"type":"Point","coordinates":[115.6,40.3833]},"properties":{"id":"battle_tumu_crisis_1449","name":"Tumu Crisis","kind":"military","start_year":1449,"end_year":1449,"subtype":"battle"}},{"type":"Feature","geometry":{"type":"Point","coordinates":[27.91,43.21]},"properties":{"id":"battle_varna","name":"Battle of Varna","kind":"military","start_year":1444,"end_year":1444,"subtype":"battle"}},{"type":"Feature","geometry":{"type":"Point","coordinates":[113.06,21.95]},"properties":{"id":"battle_yamen","name":"Battle of Yamen","kind":"military","start_year":1279,"end_year":1279,"subtype":"battle"}},{"type":"Feature","geometry":{"type":"Point","coordinates":[36.077,32.818]},"properties":{"id":"battle_yarmouk","name":"Battle of Yarmouk","kind":"military","start_year":636,"end_year":636,"subtype":"battle"}},{"type":"Feature","geometry":{"type":"Point","coordinates":[39.61,24.47]},"properties":{"id":"battle_yawm_al_buath_617","name":"Yawm al-Buath","kind":"military","start_year":617,"end_year":617,"subtype":"battle"}},{"type":"Feature","geometry":{"type":"Point","coordinates":[36.9981,35.9986]},"properties":{"id":"battle_yawm_halima_554","name":"Yawm Halima","kind":"military","start_year":554,"end_year":554,"subtype":"battle"}},{"type":"Feature","geometry":{"type":"Point","coordinates":[137.0464,36.6378]},"properties":{"id":"battle_yowa_hokuriku_expedition_1181","name":"Yowa Hokuriku Expedition","kind":"military","start_year":1181,"end_year":1181,"subtype":"battle"}},{"type":"Feature","geometry":{"type":"Point","coordinates":[-4.28,31.28]},"properties":{"id":"battle_zayyanid_capture_of_sijilmasa_1264","name":"Zayyanid Capture of Sijilmasa","kind":"military","start_year":1264,"end_year":1264,"subtype":"battle"}},{"type":"Feature","geometry":{"type":"Point","coordinates":[35.071,32.928]},"properties":{"id":"fort_acri","name":"Acre (Akko) Fortress","kind":"military","start_year":1104,"end_year":1291,"subtype":"fort"}},{"type":"Feature","geometry":{"type":"Point","coordinates":[50.498,36.455]},"properties":{"id":"fort_alamut","name":"Alamut Castle","kind":"military","start_year":1090,"end_year":1256,"subtype":"fort"}},{"type":"Feature","geometry":{"type":"Point","coordinates":[-4.131,40.952]},"properties":{"id":"fort_alcazar_segovia","name":"Alcázar of Segovia","kind":"military","start_year":1120,"end_year":1500,"subtype":"fort"}},{"type":"Feature","geometry":{"type":"Point","coordinates":[-3.588,37.176]},"properties":{"id":"fort_alhambra","name":"Alhambra","kind":"military","start_year":1238,"end_year":1492,"subtype":"fort"}},{"type":"Feature","geometry":{"type":"Point","coordinates":[103.859,13.443]},"properties":{"id":"fort_angkor_thom","name":"Angkor Thom (Walled City)","kind":"military","start_year":900,"end_year":1432,"subtype":"fort"}},{"type":"Feature","geometry":{"type":"Point","coordinates":[-4.096,53.26]},"properties":{"id":"fort_beaumaris","name":"Beaumaris Castle","kind":"military","start_year":1295,"end_year":1500,"subtype":"fort"}},{"type":"Feature","geometry":{"type":"Point","coordinates":[0.383,50.989]},"properties":{"id":"fort_bodiam","name":"Bodiam Castle","kind":"military","start_year":1385,"end_year":1500,"subtype":"fort"}},{"type":"Feature","geometry":{"type":"Point","coordinates":[27.431,37.034]},"properties":{"id":"fort_bodrum","name":"Castle of St. Peter (Bodrum)","kind":"military","start_year":1402,"end_year":1500,"subtype":"fort"}},{"type":"Feature","geometry":{"type":"Point","coordinates":[19.039,47.496]},"properties":{"id":"fort_buda","name":"Buda Castle","kind":"military","start_year":1265,"end_year":1500,"subtype":"fort"}},{"type":"Feature","geometry":{"type":"Point","coordinates":[-4.277,53.14]},"properties":{"id":"fort_caernarfon","name":"Caernarfon Castle","kind":"military","start_year":1283,"end_year":1500,"subtype":"fort"}},{"type":"Feature","geometry":{"type":"Point","coordinates":[2.363,43.208]},"properties":{"id":"fort_carcassonne","name":"Carcassonne Citadel","kind":"military","start_year":800,"end_year":1500,"subtype":"fort"}},{"type":"Feature","geometry":{"type":"Point","coordinates":[12.466,41.903]},"properties":{"id":"fort_castel_santangelo","name":"Castel Sant'Angelo","kind":"military","start_year":500,"end_year":1500,"subtype":"fort"}},{"type":"Feature","geometry":{"type":"Point","coordinates":[1.413,49.241]},"properties":{"id":"fort_chateau_gaillard","name":"Château Gaillard","kind":"military","start_year":1196,"end_year":1204,"subtype":"fort"}},{"type":"Feature","geometry":{"type":"Point","coordinates":[74.644,24.889]},"properties":{"id":"fort_chittorgarh","name":"Chittorgarh Fort","kind":"military","start_year":734,"end_year":1500,"subtype":"fort"}},{"type":"Feature","geometry":{"type":"Point","coordinates":[37.163,36.203]},"properties":{"id":"fort_citadel_aleppo","name":"Citadel of Aleppo","kind":"military","start_year":900,"end_year":1400,"subtype":"fort"}},{"type":"Feature","geometry":{"type":"Point","coordinates":[-3.838,53.28]},"properties":{"id":"fort_conwy","name":"Conwy Castle","kind":"military","start_year":1283,"end_year":1500,"subtype":"fort"}},{"type":"Feature","geometry":{"type":"Point","coordinates":[3.317,49.517]},"properties":{"id":"fort_coucy","name":"Château de Coucy","kind":"military","start_year":1225,"end_year":1500,"subtype":"fort"}},{"type":"Feature","geometry":{"type":"Point","coordinates":[-3.199,55.948]},"properties":{"id":"fort_edinburgh","name":"Edinburgh Castle","kind":"military","start_year":1100,"end_year":1500,"subtype":"fort"}},{"type":"Feature","geometry":{"type":"Point","coordinates":[3.719,51.057]},"properties":{"id":"fort_gravensteen","name":"Gravensteen","kind":"military","start_year":1180,"end_year":1500,"subtype":"fort"}},{"type":"Feature","geometry":{"type":"Point","coordinates":[98.3,39.821]},"properties":{"id":"fort_great_wall_jiayuguan","name":"Jiayuguan Fortress","kind":"military","start_year":1372,"end_year":1500,"subtype":"fort"}},{"type":"Feature","geometry":{"type":"Point","coordinates":[-4.108,52.86]},"properties":{"id":"fort_harlech","name":"Harlech Castle","kind":"military","start_year":1283,"end_year":1500,"subtype":"fort"}},{"type":"Feature","geometry":{"type":"Point","coordinates":[13.047,47.795]},"properties":{"id":"fort_hohensalzburg","name":"Hohensalzburg Fortress","kind":"military","start_year":1077,"end_year":1500,"subtype":"fort"}},{"type":"Feature","geometry":{"type":"Point","coordinates":[35.7,31.18]},"properties":{"id":"fort_kerak","name":"Kerak Castle","kind":"military","start_year":1142,"end_year":1189,"subtype":"fort"}},{"type":"Feature","geometry":{"type":"Point","coordinates":[36.264,34.756]},"properties":{"id":"fort_krak","name":"Krak des Chevaliers","kind":"military","start_year":1142,"end_year":1271,"subtype":"fort"}},{"type":"Feature","geometry":{"type":"Point","coordinates":[-1.511,48.636]},"properties":{"id":"fort_mont_saint_michel","name":"Mont Saint-Michel","kind":"military","start_year":966,"end_year":1500,"subtype":"fort"}},{"type":"Feature","geometry":{"type":"Point","coordinates":[5.071,52.334]},"properties":{"id":"fort_muiderslot","name":"Muiderslot Castle","kind":"military","start_year":1285,"end_year":1500,"subtype":"fort"}},{"type":"Feature","geometry":{"type":"Point","coordinates":[14.4,50.09]},"properties":{"id":"fort_prague","name":"Prague Castle","kind":"military","start_year":870,"end_year":1500,"subtype":"fort"}},{"type":"Feature","geometry":{"type":"Point","coordinates":[-71.982,-13.509]},"properties":{"id":"fort_sacsayhuaman","name":"Sacsayhuamán Fortress","kind":"military","start_year":1438,"end_year":1500,"subtype":"fort"}},{"type":"Feature","geometry":{"type":"Point","coordinates":[-3.947,56.124]},"properties":{"id":"fort_stirling","name":"Stirling Castle","kind":"military","start_year":1110,"end_year":1500,"subtype":"fort"}},{"type":"Feature","geometry":{"type":"Point","coordinates":[-0.076,51.508]},"properties":{"id":"fort_tower_london","name":"Tower of London","kind":"military","start_year":1078,"end_year":1500,"subtype":"fort"}},{"type":"Feature","geometry":{"type":"Point","coordinates":[10.306,50.966]},"properties":{"id":"fort_wartburg","name":"Wartburg Castle","kind":"military","start_year":1067,"end_year":1500,"subtype":"fort"}},{"type":"Feature","geometry":{"type":"Point","coordinates":[-0.604,51.484]},"properties":{"id":"fort_windsor","name":"Windsor Castle","kind":"military","start_year":1070,"end_year":1500,"subtype":"fort"}},{"type":"Feature","geometry":{"type":"Point","coordinates":[35.071,32.928]},"properties":{"id":"siege_acre_1291","name":"Siege of Acre 1291","kind":"military","start_year":1291,"end_year":1291,"subtype":"siege"}},{"type":"Feature","geometry":{"type":"Point","coordinates":[36.16,36.2]},"properties":{"id":"siege_antioch_1098","name":"Siege of Antioch 1098","kind":"military","start_year":1098,"end_year":1098,"subtype":"siege"}},{"type":"Feature","geometry":{"type":"Point","coordinates":[35.217,31.769]},"properties":{"id":"siege_jerusalem_1187","name":"Siege of Jerusalem 1187","kind":"military","start_year":1187,"end_year":1187,"subtype":"siege"}},{"type":"Feature","geometry":{"type":"Point","coordinates":[1.909,47.902]},"properties":{"id":"siege_orleans","name":"Siege of Orléans","kind":"military","start_year":1429,"end_year":1429,"subtype":"siege"}},{"type":"Feature","geometry":{"type":"Point","coordinates":[-99.133,19.434]},"properties":{"id":"siege_tenochtitlan","name":"Siege of Tenochtitlan","kind":"military","start_year":1521,"end_year":1521,"subtype":"siege"}}]}