{"type":"FeatureCollection","features":[{"type":"Feature","geometry":{"type":"Point","coordinates":[9.4195,55.0447]},"properties":{"id":"set_aabenraa_1231","name":"Aabenraa","kind":"settlement","start_year":1231,"end_year":1500,"importance":"city"}},{"type":"Feature","geometry":{"type":"Point","coordinates":[6.084,50.776]},"properties":{"id":"set_aachen","name":"Aachen","kind":"settlement","start_year":768,"end_year":987,"importance":"capital"}},{"type":"Feature","geometry":{"type":"Point","coordinates":[9.9167,57.05]},"properties":{"id":"set_aalborg_1342","name":"Aalborg","kind":"settlement","start_year":1342,"end_year":1500,"importance":"city"}},{"type":"Feature","geometry":{"type":"Point","coordinates":[10.2097,56.1564]},"properties":{"id":"set_aarhus_800","name":"Aarhus","kind":"settlement","start_year":800,"end_year":1500,"importance":"city"}},{"type":"Feature","geometry":{"type":"Point","coordinates":[15.0995,38.0496]},"properties":{"id":"set_abakainon_500","name":"Abakainon","kind":"settlement","start_year":500,"end_year":1500,"importance":"city"}},{"type":"Feature","geometry":{"type":"Point","coordinates":[1.0849,44.1054]},"properties":{"id":"set_abbaye_saint_pierre_de_moissac_500","name":"Abbaye Saint-Pierre de Moissac","kind":"settlement","start_year":500,"end_year":1500,"importance":"city"}},{"type":"Feature","geometry":{"type":"Point","coordinates":[38.9528,14.1606]},"properties":{"id":"set_abba_garima_monastery_500","name":"Abba Garima Monastery","kind":"settlement","start_year":500,"end_year":1500,"importance":"city"}},{"type":"Feature","geometry":{"type":"Point","coordinates":[15.8277,40.9694]},"properties":{"id":"set_abbey_of_santissima_trinit_venosa_500","name":"Abbey of Santissima Trinità, Venosa","kind":"settlement","start_year":500,"end_year":1500,"importance":"city"}},{"type":"Feature","geometry":{"type":"Point","coordinates":[24.9743,40.9328]},"properties":{"id":"set_abdera_500","name":"Abdera","kind":"settlement","start_year":500,"end_year":1500,"importance":"city"}},{"type":"Feature","geometry":{"type":"Point","coordinates":[-2.1,57.15]},"properties":{"id":"set_aberdeen_1175","name":"Aberdeen","kind":"settlement","start_year":1175,"end_year":1500,"importance":"city"}},{"type":"Feature","geometry":{"type":"Point","coordinates":[22.1423,36.9652]},"properties":{"id":"set_abia_500","name":"Abia","kind":"settlement","start_year":500,"end_year":1500,"importance":"city"}},{"type":"Feature","geometry":{"type":"Point","coordinates":[9.0929,40.1455]},"properties":{"id":"set_abini_nuragic_sanctuary_500","name":"Abini nuragic sanctuary","kind":"settlement","start_year":500,"end_year":1500,"importance":"city"}},{"type":"Feature","geometry":{"type":"Point","coordinates":[-6.2521,43.3919]},"properties":{"id":"set_ablaneda_500","name":"Ablaneda","kind":"settlement","start_year":500,"end_year":1500,"importance":"city"}},{"type":"Feature","geometry":{"type":"Point","coordinates":[-2.655,51.4921]},"properties":{"id":"set_abone_500","name":"‘Abone’","kind":"settlement","start_year":500,"end_year":1500,"importance":"city"}},{"type":"Feature","geometry":{"type":"Point","coordinates":[33.766,41.974]},"properties":{"id":"set_abonouteichos_ionopolis_500","name":"Abonouteichos/Ionopolis","kind":"settlement","start_year":500,"end_year":1500,"importance":"city"}},{"type":"Feature","geometry":{"type":"Point","coordinates":[26.5521,43.522]},"properties":{"id":"set_abrittus_500","name":"Abrittus","kind":"settlement","start_year":500,"end_year":1500,"importance":"city"}},{"type":"Feature","geometry":{"type":"Point","coordinates":[12.4854,32.805]},"properties":{"id":"set_abrotonum_sabratha_500","name":"Abrotonum/Sabratha","kind":"settlement","start_year":500,"end_year":1500,"importance":"city"}},{"type":"Feature","geometry":{"type":"Point","coordinates":[11.771,48.85]},"properties":{"id":"set_abusina_500","name":"Abusina","kind":"settlement","start_year":500,"end_year":1500,"importance":"city"}},{"type":"Feature","geometry":{"type":"Point","coordinates":[33.7573,26.5224]},"properties":{"id":"set_abu_diyeiba_500","name":"Abu Diyeiba","kind":"settlement","start_year":500,"end_year":1500,"importance":"city"}},{"type":"Feature","geometry":{"type":"Point","coordinates":[33.9905,22.0955]},"properties":{"id":"set_abu_fas_500","name":"Abu Fas","kind":"settlement","start_year":500,"end_year":1500,"importance":"city"}},{"type":"Feature","geometry":{"type":"Point","coordinates":[33.2887,26.3583]},"properties":{"id":"set_abu_gerida_500","name":"Abu Gerida","kind":"settlement","start_year":500,"end_year":1500,"importance":"city"}},{"type":"Feature","geometry":{"type":"Point","coordinates":[34.7045,25.0152]},"properties":{"id":"set_abu_greiya_500","name":"Abu Greiya","kind":"settlement","start_year":500,"end_year":1500,"importance":"city"}},{"type":"Feature","geometry":{"type":"Point","coordinates":[33.6323,19.0252]},"properties":{"id":"set_abu_hashim_500","name":"Abu Hashim","kind":"settlement","start_year":500,"end_year":1500,"importance":"city"}},{"type":"Feature","geometry":{"type":"Point","coordinates":[33.2407,26.6718]},"properties":{"id":"set_abu_zawal_500","name":"Abu Zawal","kind":"settlement","start_year":500,"end_year":1500,"importance":"city"}},{"type":"Feature","geometry":{"type":"Point","coordinates":[26.4113,40.1942]},"properties":{"id":"set_abydos_500","name":"Abydos","kind":"settlement","start_year":500,"end_year":1500,"importance":"city"}},{"type":"Feature","geometry":{"type":"Point","coordinates":[31.9176,26.1851]},"properties":{"id":"set_abydos_ebot_500","name":"Abydos/Ebot","kind":"settlement","start_year":500,"end_year":1500,"importance":"city"}},{"type":"Feature","geometry":{"type":"Point","coordinates":[46.2678,30.9828]},"properties":{"id":"set_ab_b_rah_500","name":"Abū Ṭbīrah","kind":"settlement","start_year":500,"end_year":1500,"importance":"city"}},{"type":"Feature","geometry":{"type":"Point","coordinates":[9.791,45.19]},"properties":{"id":"set_acerrae_500","name":"Acerrae","kind":"settlement","start_year":500,"end_year":1500,"importance":"city"}},{"type":"Feature","geometry":{"type":"Point","coordinates":[42.3778,34.1353]},"properties":{"id":"set_achaiachala_500","name":"Achaiachala","kind":"settlement","start_year":500,"end_year":1500,"importance":"city"}},{"type":"Feature","geometry":{"type":"Point","coordinates":[57.5,38.5]},"properties":{"id":"set_achaia_500","name":"Achaia","kind":"settlement","start_year":500,"end_year":1500,"importance":"city"}},{"type":"Feature","geometry":{"type":"Point","coordinates":[39.7532,43.8139]},"properties":{"id":"set_achaia_region_500","name":"Achaia (region)","kind":"settlement","start_year":500,"end_year":1500,"importance":"city"}},{"type":"Feature","geometry":{"type":"Point","coordinates":[61.5,34.5]},"properties":{"id":"set_achaia_settlement_500","name":"Achaia (settlement)","kind":"settlement","start_year":500,"end_year":1500,"importance":"city"}},{"type":"Feature","geometry":{"type":"Point","coordinates":[23.625,38.125]},"properties":{"id":"set_acharnai_s_500","name":"Acharnai (S)","kind":"settlement","start_year":500,"end_year":1500,"importance":"city"}},{"type":"Feature","geometry":{"type":"Point","coordinates":[26.1517,39.9151]},"properties":{"id":"set_achilleion_500","name":"Achilleion","kind":"settlement","start_year":500,"end_year":1500,"importance":"city"}},{"type":"Feature","geometry":{"type":"Point","coordinates":[33.7915,35.0571]},"properties":{"id":"set_achna_500","name":"Achna","kind":"settlement","start_year":500,"end_year":1500,"importance":"city"}},{"type":"Feature","geometry":{"type":"Point","coordinates":[85.1673,19.7751]},"properties":{"id":"set_achutrajpur_500","name":"Achutrajpur","kind":"settlement","start_year":500,"end_year":1500,"importance":"city"}},{"type":"Feature","geometry":{"type":"Point","coordinates":[14.8925,37.0577]},"properties":{"id":"set_acrae_500","name":"Acrae","kind":"settlement","start_year":500,"end_year":1500,"importance":"city"}},{"type":"Feature","geometry":{"type":"Point","coordinates":[13.3444,41.7247]},"properties":{"id":"set_acropolis_of_aletrium_500","name":"Acropolis of Aletrium","kind":"settlement","start_year":500,"end_year":1500,"importance":"city"}},{"type":"Feature","geometry":{"type":"Point","coordinates":[38.1742,36.3543]},"properties":{"id":"set_acropolis_palace_at_jebel_khalid_500","name":"Acropolis palace at Jebel Khalid","kind":"settlement","start_year":500,"end_year":1500,"importance":"city"}},{"type":"Feature","geometry":{"type":"Point","coordinates":[-2.8056,52.4993]},"properties":{"id":"set_acton_scott_500","name":"Acton Scott","kind":"settlement","start_year":500,"end_year":1500,"importance":"city"}},{"type":"Feature","geometry":{"type":"Point","coordinates":[20.2534,45.1451]},"properties":{"id":"set_acumincum_500","name":"Acumincum","kind":"settlement","start_year":500,"end_year":1500,"importance":"city"}},{"type":"Feature","geometry":{"type":"Point","coordinates":[45.6233,31.9509]},"properties":{"id":"set_adab_500","name":"Adab","kind":"settlement","start_year":500,"end_year":1500,"importance":"city"}},{"type":"Feature","geometry":{"type":"Point","coordinates":[45.3936,32.149]},"properties":{"id":"set_adams_1069_find_site_500","name":"Adams 1069 (find site)","kind":"settlement","start_year":500,"end_year":1500,"importance":"city"}},{"type":"Feature","geometry":{"type":"Point","coordinates":[42.5164,39.1234]},"properties":{"id":"set_ada_adalar_500","name":"Ada / Adalar","kind":"settlement","start_year":500,"end_year":1500,"importance":"city"}},{"type":"Feature","geometry":{"type":"Point","coordinates":[45.036,12.78]},"properties":{"id":"set_aden","name":"Aden","kind":"settlement","start_year":700,"end_year":1500,"importance":"city"}},{"type":"Feature","geometry":{"type":"Point","coordinates":[39.6591,15.2617]},"properties":{"id":"set_adouli_500","name":"Adouli","kind":"settlement","start_year":500,"end_year":1500,"importance":"city"}},{"type":"Feature","geometry":{"type":"Point","coordinates":[26.9361,39.4986]},"properties":{"id":"set_adramyttium_500","name":"Adramyttium","kind":"settlement","start_year":500,"end_year":1500,"importance":"city"}},{"type":"Feature","geometry":{"type":"Point","coordinates":[-8.931,42.4777]},"properties":{"id":"set_adro_vello_500","name":"Adro Vello","kind":"settlement","start_year":500,"end_year":1500,"importance":"city"}},{"type":"Feature","geometry":{"type":"Point","coordinates":[9.9007,48.5499]},"properties":{"id":"set_ad_lunam_500","name":"Ad Lunam","kind":"settlement","start_year":500,"end_year":1500,"importance":"city"}},{"type":"Feature","geometry":{"type":"Point","coordinates":[-3.3601,39.1816]},"properties":{"id":"set_ad_murum_500","name":"(Ad) Murum","kind":"settlement","start_year":500,"end_year":1500,"importance":"city"}},{"type":"Feature","geometry":{"type":"Point","coordinates":[5.7107,36.1517]},"properties":{"id":"set_ad_portum_500","name":"Ad Portum","kind":"settlement","start_year":500,"end_year":1500,"importance":"city"}},{"type":"Feature","geometry":{"type":"Point","coordinates":[2.863,42.4646]},"properties":{"id":"set_ad_pyrenaeum_summus_pyrenaeus_500","name":"Ad Pyrenaeum/Summus Pyrenaeus","kind":"settlement","start_year":500,"end_year":1500,"importance":"city"}},{"type":"Feature","geometry":{"type":"Point","coordinates":[-6.2908,39.2364]},"properties":{"id":"set_ad_sorores_500","name":"Ad Sorores","kind":"settlement","start_year":500,"end_year":1500,"importance":"city"}},{"type":"Feature","geometry":{"type":"Point","coordinates":[40.2334,37.9122]},"properties":{"id":"set_ad_tygrem_amida_500","name":"Ad Tygrem/Amida","kind":"settlement","start_year":500,"end_year":1500,"importance":"city"}},{"type":"Feature","geometry":{"type":"Point","coordinates":[15.3089,41.3612]},"properties":{"id":"set_aecae_500","name":"Aecae","kind":"settlement","start_year":500,"end_year":1500,"importance":"city"}},{"type":"Feature","geometry":{"type":"Point","coordinates":[35,29.5306]},"properties":{"id":"set_aelana_aila_500","name":"Aelana/Aila","kind":"settlement","start_year":500,"end_year":1500,"importance":"city"}},{"type":"Feature","geometry":{"type":"Point","coordinates":[36.435,33.1585]},"properties":{"id":"set_aenos_500","name":"Aenos","kind":"settlement","start_year":500,"end_year":1500,"importance":"city"}},{"type":"Feature","geometry":{"type":"Point","coordinates":[27.0116,38.8435]},"properties":{"id":"set_aeolis_500","name":"Aeolis","kind":"settlement","start_year":500,"end_year":1500,"importance":"city"}},{"type":"Feature","geometry":{"type":"Point","coordinates":[30.19,45.8459]},"properties":{"id":"set_aepolium_500","name":"Aepolium","kind":"settlement","start_year":500,"end_year":1500,"importance":"city"}},{"type":"Feature","geometry":{"type":"Point","coordinates":[15.0875,41.1525]},"properties":{"id":"set_aequum_tuticum_equus_tuticus_500","name":"Aequum Tuticum/Equus Tuticus","kind":"settlement","start_year":500,"end_year":1500,"importance":"city"}},{"type":"Feature","geometry":{"type":"Point","coordinates":[14.2324,41.5963]},"properties":{"id":"set_aesernia_500","name":"Aesernia","kind":"settlement","start_year":500,"end_year":1500,"importance":"city"}},{"type":"Feature","geometry":{"type":"Point","coordinates":[13.2434,43.5224]},"properties":{"id":"set_aesis_500","name":"Aesis","kind":"settlement","start_year":500,"end_year":1500,"importance":"city"}},{"type":"Feature","geometry":{"type":"Point","coordinates":[30.5329,38.7563]},"properties":{"id":"set_afyonkarahisar_castle_500","name":"Afyonkarahisar Castle","kind":"settlement","start_year":500,"end_year":1500,"importance":"city"}},{"type":"Feature","geometry":{"type":"Point","coordinates":[44.556,33.3557]},"properties":{"id":"set_af_a_500","name":"Ḫafāǧa","kind":"settlement","start_year":500,"end_year":1500,"importance":"city"}},{"type":"Feature","geometry":{"type":"Point","coordinates":[14.749,38.1641]},"properties":{"id":"set_agathyrnum_500","name":"Agathyrnum","kind":"settlement","start_year":500,"end_year":1500,"importance":"city"}},{"type":"Feature","geometry":{"type":"Point","coordinates":[32.3235,34.9031]},"properties":{"id":"set_agios_georgios_pegeia_500","name":"Agios Georgios Pegeia","kind":"settlement","start_year":500,"end_year":1500,"importance":"city"}},{"type":"Feature","geometry":{"type":"Point","coordinates":[14.2627,37.9978]},"properties":{"id":"set_agora_of_halaesa_500","name":"Agora of Halaesa","kind":"settlement","start_year":500,"end_year":1500,"importance":"city"}},{"type":"Feature","geometry":{"type":"Point","coordinates":[27.2978,37.6586]},"properties":{"id":"set_agora_of_priene_500","name":"Agora of Priene","kind":"settlement","start_year":500,"end_year":1500,"importance":"city"}},{"type":"Feature","geometry":{"type":"Point","coordinates":[25.2665,37.3991]},"properties":{"id":"set_agora_of_the_competaliasts_or_hermaists_500","name":"Agora of the Competaliasts or Hermaists","kind":"settlement","start_year":500,"end_year":1500,"importance":"city"}},{"type":"Feature","geometry":{"type":"Point","coordinates":[8.5,48.5]},"properties":{"id":"set_agri_decumates_500","name":"Agri Decumates","kind":"settlement","start_year":500,"end_year":1500,"importance":"city"}},{"type":"Feature","geometry":{"type":"Point","coordinates":[-4.8709,38.9809]},"properties":{"id":"set_agudo_500","name":"Agudo","kind":"settlement","start_year":500,"end_year":1500,"importance":"city"}},{"type":"Feature","geometry":{"type":"Point","coordinates":[24.7219,36.9542]},"properties":{"id":"set_ag_andreas_siphnos_500","name":"Ag. Andreas (Siphnos)","kind":"settlement","start_year":500,"end_year":1500,"importance":"city"}},{"type":"Feature","geometry":{"type":"Point","coordinates":[21.3298,39.4874]},"properties":{"id":"set_ag_panagia_500","name":"Ag. Panagia","kind":"settlement","start_year":500,"end_year":1500,"importance":"city"}},{"type":"Feature","geometry":{"type":"Point","coordinates":[72.5797,23.0219]},"properties":{"id":"set_ahmedabad_1411","name":"Ahmedabad","kind":"settlement","start_year":1411,"end_year":1500,"importance":"city"}},{"type":"Feature","geometry":{"type":"Point","coordinates":[18.9667,48.0667]},"properties":{"id":"set_ahy_1237","name":"Šahy","kind":"settlement","start_year":1237,"end_year":1500,"importance":"city"}},{"type":"Feature","geometry":{"type":"Point","coordinates":[21.821,40.1652]},"properties":{"id":"set_aiane_500","name":"Aiane","kind":"settlement","start_year":500,"end_year":1500,"importance":"city"}},{"type":"Feature","geometry":{"type":"Point","coordinates":[9.265,48.626]},"properties":{"id":"set_aichtal_gr_tzingen_1075","name":"Aichtal-Grötzingen","kind":"settlement","start_year":1075,"end_year":1500,"importance":"city"}},{"type":"Feature","geometry":{"type":"Point","coordinates":[23.0442,38.8798]},"properties":{"id":"set_aidepsos_polis_500","name":"Aidepsos? (polis)","kind":"settlement","start_year":500,"end_year":1500,"importance":"city"}},{"type":"Feature","geometry":{"type":"Point","coordinates":[35.7895,36.7697]},"properties":{"id":"set_aigai_ai_aegeae_500","name":"Aigai(ai)/Aegeae","kind":"settlement","start_year":500,"end_year":1500,"importance":"city"}},{"type":"Feature","geometry":{"type":"Point","coordinates":[23.4237,37.7501]},"properties":{"id":"set_aigina_settlement_500","name":"Aigina (settlement)","kind":"settlement","start_year":500,"end_year":1500,"importance":"city"}},{"type":"Feature","geometry":{"type":"Point","coordinates":[23.228,38.1474]},"properties":{"id":"set_aigosthena_500","name":"Aigosthena","kind":"settlement","start_year":500,"end_year":1500,"importance":"city"}},{"type":"Feature","geometry":{"type":"Point","coordinates":[22.8347,40.4754]},"properties":{"id":"set_aineia_500","name":"Aineia","kind":"settlement","start_year":500,"end_year":1500,"importance":"city"}},{"type":"Feature","geometry":{"type":"Point","coordinates":[26.0857,40.7249]},"properties":{"id":"set_ainos_500","name":"Ainos","kind":"settlement","start_year":500,"end_year":1500,"importance":"city"}},{"type":"Feature","geometry":{"type":"Point","coordinates":[35.7838,33.4349]},"properties":{"id":"set_ain_aata_500","name":"Ain Aata","kind":"settlement","start_year":500,"end_year":1500,"importance":"city"}},{"type":"Feature","geometry":{"type":"Point","coordinates":[-1.0329,34.8498]},"properties":{"id":"set_ain_bent_es_soltane_500","name":"Ain bent es Soltane","kind":"settlement","start_year":500,"end_year":1500,"importance":"city"}},{"type":"Feature","geometry":{"type":"Point","coordinates":[1.6932,35.1031]},"properties":{"id":"set_ain_b_nia_500","name":"Ain Bénia","kind":"settlement","start_year":500,"end_year":1500,"importance":"city"}},{"type":"Feature","geometry":{"type":"Point","coordinates":[36.8526,36.4596]},"properties":{"id":"set_ain_dara_temple_500","name":"Ain Dara temple","kind":"settlement","start_year":500,"end_year":1500,"importance":"city"}},{"type":"Feature","geometry":{"type":"Point","coordinates":[6.3302,35.3172]},"properties":{"id":"set_ain_el_aouad_500","name":"Ain el Aouad","kind":"settlement","start_year":500,"end_year":1500,"importance":"city"}},{"type":"Feature","geometry":{"type":"Point","coordinates":[30.5545,25.7154]},"properties":{"id":"set_ain_labakha_500","name":"Ain Labakha","kind":"settlement","start_year":500,"end_year":1500,"importance":"city"}},{"type":"Feature","geometry":{"type":"Point","coordinates":[1.1169,35.3498]},"properties":{"id":"set_ain_sarb_500","name":"Ain Sarb","kind":"settlement","start_year":500,"end_year":1500,"importance":"city"}},{"type":"Feature","geometry":{"type":"Point","coordinates":[-1.1915,35.1103]},"properties":{"id":"set_ain_tekbalet_500","name":"Ain Tekbalet","kind":"settlement","start_year":500,"end_year":1500,"importance":"city"}},{"type":"Feature","geometry":{"type":"Point","coordinates":[32.5609,34.9201]},"properties":{"id":"set_ais_gorkis_500","name":"Ais Gorkis","kind":"settlement","start_year":500,"end_year":1500,"importance":"city"}},{"type":"Feature","geometry":{"type":"Point","coordinates":[5.4167,44.708]},"properties":{"id":"set_aix_en_diois_500","name":"Aix-en-Diois","kind":"settlement","start_year":500,"end_year":1500,"importance":"city"}},{"type":"Feature","geometry":{"type":"Point","coordinates":[35.2616,31.9167]},"properties":{"id":"set_ai_et_tell_500","name":"Ai/Et-Tell","kind":"settlement","start_year":500,"end_year":1500,"importance":"city"}},{"type":"Feature","geometry":{"type":"Point","coordinates":[69.4121,37.1659]},"properties":{"id":"set_ai_khanoum_alexandria_oxiana_500","name":"Ai Khanoum (Alexandria Oxiana?)","kind":"settlement","start_year":500,"end_year":1500,"importance":"city"}},{"type":"Feature","geometry":{"type":"Point","coordinates":[68.8545,37.798]},"properties":{"id":"set_ajina_tepe_500","name":"Ajina Tepe","kind":"settlement","start_year":500,"end_year":1500,"importance":"city"}},{"type":"Feature","geometry":{"type":"Point","coordinates":[22.03,37.3893]},"properties":{"id":"set_akakesion_500","name":"Akakesion","kind":"settlement","start_year":500,"end_year":1500,"importance":"city"}},{"type":"Feature","geometry":{"type":"Point","coordinates":[23.8867,40.3934]},"properties":{"id":"set_akanthos_500","name":"Akanthos","kind":"settlement","start_year":500,"end_year":1500,"importance":"city"}},{"type":"Feature","geometry":{"type":"Point","coordinates":[35.8544,39.6584]},"properties":{"id":"set_akda_madeni_500","name":"Akdağmadeni","kind":"settlement","start_year":500,"end_year":1500,"importance":"city"}},{"type":"Feature","geometry":{"type":"Point","coordinates":[43.4861,41.4056]},"properties":{"id":"set_akhalkalaki_1064","name":"Akhalkalaki","kind":"settlement","start_year":1064,"end_year":1500,"importance":"city"}},{"type":"Feature","geometry":{"type":"Point","coordinates":[42.9861,41.6389]},"properties":{"id":"set_akhaltsikhe_1200","name":"Akhaltsikhe","kind":"settlement","start_year":1200,"end_year":1500,"importance":"city"}},{"type":"Feature","geometry":{"type":"Point","coordinates":[23.5558,41.3212]},"properties":{"id":"set_akhladokhorion_500","name":"Akhladokhorion","kind":"settlement","start_year":500,"end_year":1500,"importance":"city"}},{"type":"Feature","geometry":{"type":"Point","coordinates":[47.9158,29.355]},"properties":{"id":"set_akkaz_500","name":"'Akkaz","kind":"settlement","start_year":500,"end_year":1500,"importance":"city"}},{"type":"Feature","geometry":{"type":"Point","coordinates":[36.4241,45.1333]},"properties":{"id":"set_akra_500","name":"Akra","kind":"settlement","start_year":500,"end_year":1500,"importance":"city"}},{"type":"Feature","geometry":{"type":"Point","coordinates":[31.0846,37.8119]},"properties":{"id":"set_aksu_zindan_ma_aras_sanctuary_500","name":"Aksu - Zindan Mağarası Sanctuary","kind":"settlement","start_year":500,"end_year":1500,"importance":"city"}},{"type":"Feature","geometry":{"type":"Point","coordinates":[5.195,7.25]},"properties":{"id":"set_akure_1150","name":"Akure","kind":"settlement","start_year":1150,"end_year":1500,"importance":"city"}},{"type":"Feature","geometry":{"type":"Point","coordinates":[22.3799,38.6855]},"properties":{"id":"set_akyphas_pindos_500","name":"Akyphas/Pindos","kind":"settlement","start_year":500,"end_year":1500,"importance":"city"}},{"type":"Feature","geometry":{"type":"Point","coordinates":[33.3445,45.6018]},"properties":{"id":"set_ak_mechet_500","name":"Ak-Mechet'","kind":"settlement","start_year":500,"end_year":1500,"importance":"city"}},{"type":"Feature","geometry":{"type":"Point","coordinates":[27.983,37.597]},"properties":{"id":"set_alabanda_antiocheia_chrysaoron_500","name":"Alabanda/Antiocheia Chrysaoron","kind":"settlement","start_year":500,"end_year":1500,"importance":"city"}},{"type":"Feature","geometry":{"type":"Point","coordinates":[44.8,38.5333]},"properties":{"id":"set_aladagh_qal_eh_500","name":"Aladagh Qal'eh","kind":"settlement","start_year":500,"end_year":1500,"importance":"city"}},{"type":"Feature","geometry":{"type":"Point","coordinates":[33.3525,36.7913]},"properties":{"id":"set_alahan_500","name":"Alahan","kind":"settlement","start_year":500,"end_year":1500,"importance":"city"}},{"type":"Feature","geometry":{"type":"Point","coordinates":[36.3838,36.2381]},"properties":{"id":"set_alala_500","name":"Alalaḫ","kind":"settlement","start_year":500,"end_year":1500,"importance":"city"}},{"type":"Feature","geometry":{"type":"Point","coordinates":[9.5105,42.1025]},"properties":{"id":"set_alalie_aleria_500","name":"Alalie/Aleria","kind":"settlement","start_year":500,"end_year":1500,"importance":"city"}},{"type":"Feature","geometry":{"type":"Point","coordinates":[25.2833,55.35]},"properties":{"id":"set_alanta_1436","name":"Alanta","kind":"settlement","start_year":1436,"end_year":1500,"importance":"city"}},{"type":"Feature","geometry":{"type":"Point","coordinates":[31.9903,36.533]},"properties":{"id":"set_alanya_castle_500","name":"Alanya Castle","kind":"settlement","start_year":500,"end_year":1500,"importance":"city"}},{"type":"Feature","geometry":{"type":"Point","coordinates":[-1.8854,52.2458]},"properties":{"id":"set_alauna_500","name":"Alauna","kind":"settlement","start_year":500,"end_year":1500,"importance":"city"}},{"type":"Feature","geometry":{"type":"Point","coordinates":[41.0482,40.0103]},"properties":{"id":"set_alaybeyi_ho_yu_k_500","name":"Alaybeyi Höyük","kind":"settlement","start_year":500,"end_year":1500,"importance":"city"}},{"type":"Feature","geometry":{"type":"Point","coordinates":[-1.8557,38.9959]},"properties":{"id":"set_albacete_city_1241","name":"Albacete City","kind":"settlement","start_year":1241,"end_year":1500,"importance":"city"}},{"type":"Feature","geometry":{"type":"Point","coordinates":[13.4112,42.0799]},"properties":{"id":"set_alba_fucens_500","name":"Alba Fucens","kind":"settlement","start_year":500,"end_year":1500,"importance":"city"}},{"type":"Feature","geometry":{"type":"Point","coordinates":[-2.1476,37.3898]},"properties":{"id":"set_albox_500","name":"Albox","kind":"settlement","start_year":500,"end_year":1500,"importance":"city"}},{"type":"Feature","geometry":{"type":"Point","coordinates":[-8.2456,37.0904]},"properties":{"id":"set_albufera_500","name":"Albufera","kind":"settlement","start_year":500,"end_year":1500,"importance":"city"}},{"type":"Feature","geometry":{"type":"Point","coordinates":[8.2149,44.0484]},"properties":{"id":"set_album_ingaunum_albingaunum_500","name":"Album Ingaunum/Albingaunum","kind":"settlement","start_year":500,"end_year":1500,"importance":"city"}},{"type":"Feature","geometry":{"type":"Point","coordinates":[23.131,46.3063]},"properties":{"id":"set_alburnus_maior_500","name":"Alburnus Maior","kind":"settlement","start_year":500,"end_year":1500,"importance":"city"}},{"type":"Feature","geometry":{"type":"Point","coordinates":[7.6258,43.7891]},"properties":{"id":"set_alb_i_um_intimilium_albintimilium_500","name":"Alb(i)um Intimilium/Albintimilium","kind":"settlement","start_year":500,"end_year":1500,"importance":"city"}},{"type":"Feature","geometry":{"type":"Point","coordinates":[-5.8408,37.3398]},"properties":{"id":"set_alcala_de_guadayra_500","name":"Alcala de Guadayra","kind":"settlement","start_year":500,"end_year":1500,"importance":"city"}},{"type":"Feature","geometry":{"type":"Point","coordinates":[-2.955,36.8373]},"properties":{"id":"set_alcazaba_de_villavieja_500","name":"Alcazaba de Villavieja","kind":"settlement","start_year":500,"end_year":1500,"importance":"city"}},{"type":"Feature","geometry":{"type":"Point","coordinates":[-1.1716,51.8781]},"properties":{"id":"set_alchester_500","name":"Alchester","kind":"settlement","start_year":500,"end_year":1500,"importance":"city"}},{"type":"Feature","geometry":{"type":"Point","coordinates":[22.4508,37.7947]},"properties":{"id":"set_alea_500","name":"Alea","kind":"settlement","start_year":500,"end_year":1500,"importance":"city"}},{"type":"Feature","geometry":{"type":"Point","coordinates":[6.0907,43.8186]},"properties":{"id":"set_alebaece_reiorum_apollinarium_apollinaris_reiorum_reii_500","name":"Alebaece Reiorum Apollinarium/Apollinaris Reiorum/Reii","kind":"settlement","start_year":500,"end_year":1500,"importance":"city"}},{"type":"Feature","geometry":{"type":"Point","coordinates":[25.7385,41.9796]},"properties":{"id":"set_aleksandrovo_tumulus_500","name":"Aleksandrovo tumulus","kind":"settlement","start_year":500,"end_year":1500,"importance":"city"}},{"type":"Feature","geometry":{"type":"Point","coordinates":[62.1302,52.4979]},"properties":{"id":"set_alekseev_500","name":"Alekseev","kind":"settlement","start_year":500,"end_year":1500,"importance":"city"}},{"type":"Feature","geometry":{"type":"Point","coordinates":[37.0667,54.5]},"properties":{"id":"set_aleksin_1348","name":"Aleksin","kind":"settlement","start_year":1348,"end_year":1500,"importance":"city"}},{"type":"Feature","geometry":{"type":"Point","coordinates":[37.163,36.203]},"properties":{"id":"set_aleppo_city","name":"Aleppo","kind":"settlement","start_year":500,"end_year":1500,"importance":"city"}},{"type":"Feature","geometry":{"type":"Point","coordinates":[4.5039,47.5366]},"properties":{"id":"set_alesia_500","name":"Alesia","kind":"settlement","start_year":500,"end_year":1500,"importance":"city"}},{"type":"Feature","geometry":{"type":"Point","coordinates":[13.4542,37.5675]},"properties":{"id":"set_alessandria_della_rocca_500","name":"Alessandria della Rocca","kind":"settlement","start_year":500,"end_year":1500,"importance":"city"}},{"type":"Feature","geometry":{"type":"Point","coordinates":[71.0615,29.239]},"properties":{"id":"set_alexandreia_alexandria_500","name":"Alexandreia/Alexandria","kind":"settlement","start_year":500,"end_year":1500,"importance":"city"}},{"type":"Feature","geometry":{"type":"Point","coordinates":[29.92,31.2]},"properties":{"id":"set_alexandria","name":"Alexandria","kind":"settlement","start_year":500,"end_year":1500,"importance":"city"}},{"type":"Feature","geometry":{"type":"Point","coordinates":[36.1733,36.5842]},"properties":{"id":"set_alexandria_ad_issum_500","name":"Alexandria ad Issum","kind":"settlement","start_year":500,"end_year":1500,"importance":"city"}},{"type":"Feature","geometry":{"type":"Point","coordinates":[69.6406,40.2648]},"properties":{"id":"set_alexandria_eschate_500","name":"Alexandria Eschate","kind":"settlement","start_year":500,"end_year":1500,"importance":"city"}},{"type":"Feature","geometry":{"type":"Point","coordinates":[57.1522,27.9683]},"properties":{"id":"set_alexandria_in_carmania_500","name":"Alexandria in Carmania","kind":"settlement","start_year":500,"end_year":1500,"importance":"city"}},{"type":"Feature","geometry":{"type":"Point","coordinates":[69.3105,34.9925]},"properties":{"id":"set_alexandria_kapisa_500","name":"Alexandria/Kapisa","kind":"settlement","start_year":500,"end_year":1500,"importance":"city"}},{"type":"Feature","geometry":{"type":"Point","coordinates":[66.4597,26.1307]},"properties":{"id":"set_alexandria_rhambakia_500","name":"Alexandria/Rhambakia","kind":"settlement","start_year":500,"end_year":1500,"importance":"city"}},{"type":"Feature","geometry":{"type":"Point","coordinates":[67.92,24.6497]},"properties":{"id":"set_alexandrou_limen_portus_macedonum_500","name":"Alexandrou Limen/Portus Macedonum","kind":"settlement","start_year":500,"end_year":1500,"importance":"city"}},{"type":"Feature","geometry":{"type":"Point","coordinates":[38.737,56.3981]},"properties":{"id":"set_alexandrov_1301","name":"Alexandrov","kind":"settlement","start_year":1301,"end_year":1500,"importance":"city"}},{"type":"Feature","geometry":{"type":"Point","coordinates":[34.9955,20.9446]},"properties":{"id":"set_alfawa_500","name":"Alfawa","kind":"settlement","start_year":500,"end_year":1500,"importance":"city"}},{"type":"Feature","geometry":{"type":"Point","coordinates":[3.0586,36.7764]},"properties":{"id":"set_algiers_944","name":"Algiers","kind":"settlement","start_year":944,"end_year":1500,"importance":"city"}},{"type":"Feature","geometry":{"type":"Point","coordinates":[-0.7267,38.2303]},"properties":{"id":"set_algor_s_500","name":"Algorós","kind":"settlement","start_year":500,"end_year":1500,"importance":"city"}},{"type":"Feature","geometry":{"type":"Point","coordinates":[-3.5877,37.18]},"properties":{"id":"set_alhambra_500","name":"Alhambra","kind":"settlement","start_year":500,"end_year":1500,"importance":"city"}},{"type":"Feature","geometry":{"type":"Point","coordinates":[13.7076,37.776]},"properties":{"id":"set_alia_500","name":"Alia","kind":"settlement","start_year":500,"end_year":1500,"importance":"city"}},{"type":"Feature","geometry":{"type":"Point","coordinates":[43.4868,38.8548]},"properties":{"id":"set_aliler_fortress_500","name":"Aliler Fortress","kind":"settlement","start_year":500,"end_year":1500,"importance":"city"}},{"type":"Feature","geometry":{"type":"Point","coordinates":[67.31,24.95]},"properties":{"id":"set_allahdino_500","name":"Allahdino","kind":"settlement","start_year":500,"end_year":1500,"importance":"city"}},{"type":"Feature","geometry":{"type":"Point","coordinates":[1.0736,44.8336]},"properties":{"id":"set_allas_les_mines_500","name":"Allas-les-Mines","kind":"settlement","start_year":500,"end_year":1500,"importance":"city"}},{"type":"Feature","geometry":{"type":"Point","coordinates":[11.9731,42.812]},"properties":{"id":"set_allerona_500","name":"Allerona","kind":"settlement","start_year":500,"end_year":1500,"importance":"city"}},{"type":"Feature","geometry":{"type":"Point","coordinates":[4.2329,44.1992]},"properties":{"id":"set_all_gre_500","name":"Allègre","kind":"settlement","start_year":500,"end_year":1500,"importance":"city"}},{"type":"Feature","geometry":{"type":"Point","coordinates":[-4.8328,38.7742]},"properties":{"id":"set_almaden_500","name":"Almaden","kind":"settlement","start_year":500,"end_year":1500,"importance":"city"}},{"type":"Feature","geometry":{"type":"Point","coordinates":[-6.0798,37.8734]},"properties":{"id":"set_almad_n_de_la_plata_500","name":"Almadén de la Plata","kind":"settlement","start_year":500,"end_year":1500,"importance":"city"}},{"type":"Feature","geometry":{"type":"Point","coordinates":[-4.36,37.587]},"properties":{"id":"set_almoguera_500","name":"Almoguera","kind":"settlement","start_year":500,"end_year":1500,"importance":"city"}},{"type":"Feature","geometry":{"type":"Point","coordinates":[-6.7869,37.8735]},"properties":{"id":"set_almonaster_500","name":"Almonaster","kind":"settlement","start_year":500,"end_year":1500,"importance":"city"}},{"type":"Feature","geometry":{"type":"Point","coordinates":[33.3716,34.977]},"properties":{"id":"set_almyras_500","name":"Almyras","kind":"settlement","start_year":500,"end_year":1500,"importance":"city"}},{"type":"Feature","geometry":{"type":"Point","coordinates":[-5.8631,37.0066]},"properties":{"id":"set_aloquaz_500","name":"Aloquaz","kind":"settlement","start_year":500,"end_year":1500,"importance":"city"}},{"type":"Feature","geometry":{"type":"Point","coordinates":[82.0257,16.6303]},"properties":{"id":"set_alosygni_500","name":"Alosygni","kind":"settlement","start_year":500,"end_year":1500,"importance":"city"}},{"type":"Feature","geometry":{"type":"Point","coordinates":[6.75,45.25]},"properties":{"id":"set_alpes_graiae_province_500","name":"Alpes Graiae (province)","kind":"settlement","start_year":500,"end_year":1500,"importance":"city"}},{"type":"Feature","geometry":{"type":"Point","coordinates":[34.4499,31.4519]},"properties":{"id":"set_altaq_500","name":"Altaqû","kind":"settlement","start_year":500,"end_year":1500,"importance":"city"}},{"type":"Feature","geometry":{"type":"Point","coordinates":[13.2618,48.2516]},"properties":{"id":"set_altheim_weirading_villa_rustica_500","name":"Altheim-Weirading villa rustica","kind":"settlement","start_year":500,"end_year":1500,"importance":"city"}},{"type":"Feature","geometry":{"type":"Point","coordinates":[8.7862,35.8737]},"properties":{"id":"set_althiburos_500","name":"Althiburos","kind":"settlement","start_year":500,"end_year":1500,"importance":"city"}},{"type":"Feature","geometry":{"type":"Point","coordinates":[66.7663,37.137]},"properties":{"id":"set_altin_dilyar_tepe_500","name":"Altin Dilyar tepe","kind":"settlement","start_year":500,"end_year":1500,"importance":"city"}},{"type":"Feature","geometry":{"type":"Point","coordinates":[-6.6106,43.2717]},"properties":{"id":"set_alto_del_palo_500","name":"Alto del Palo","kind":"settlement","start_year":500,"end_year":1500,"importance":"city"}},{"type":"Feature","geometry":{"type":"Point","coordinates":[63.5288,45.192]},"properties":{"id":"set_altyn_asar_500","name":"Altyn-Asar","kind":"settlement","start_year":500,"end_year":1500,"importance":"city"}},{"type":"Feature","geometry":{"type":"Point","coordinates":[30.1174,39.0804]},"properties":{"id":"set_alt_nta_500","name":"Altıntaş","kind":"settlement","start_year":500,"end_year":1500,"importance":"city"}},{"type":"Feature","geometry":{"type":"Point","coordinates":[-1.5192,41.3964]},"properties":{"id":"set_aluenda_roman_bridge_500","name":"Aluenda Roman Bridge","kind":"settlement","start_year":500,"end_year":1500,"importance":"city"}},{"type":"Feature","geometry":{"type":"Point","coordinates":[22.6849,45.7083]},"properties":{"id":"set_alun_500","name":"Alun","kind":"settlement","start_year":500,"end_year":1500,"importance":"city"}},{"type":"Feature","geometry":{"type":"Point","coordinates":[34.0431,44.4197]},"properties":{"id":"set_alupka_960","name":"Alupka","kind":"settlement","start_year":960,"end_year":1500,"importance":"city"}},{"type":"Feature","geometry":{"type":"Point","coordinates":[34.3978,44.6672]},"properties":{"id":"set_alushta_501","name":"Alushta","kind":"settlement","start_year":501,"end_year":1500,"importance":"city"}},{"type":"Feature","geometry":{"type":"Point","coordinates":[24.05,54.4]},"properties":{"id":"set_alytus_1377","name":"Alytus","kind":"settlement","start_year":1377,"end_year":1500,"importance":"city"}},{"type":"Feature","geometry":{"type":"Point","coordinates":[35.8998,31.4829]},"properties":{"id":"set_al_jumayil_500","name":"al-Jumayil","kind":"settlement","start_year":500,"end_year":1500,"importance":"city"}},{"type":"Feature","geometry":{"type":"Point","coordinates":[35.705,31.1844]},"properties":{"id":"set_al_karak_1140","name":"Al-Karak","kind":"settlement","start_year":1140,"end_year":1500,"importance":"city"}},{"type":"Feature","geometry":{"type":"Point","coordinates":[48.288,29.4657]},"properties":{"id":"set_al_khi_r_500","name":"Al-Khiḍr  ","kind":"settlement","start_year":500,"end_year":1500,"importance":"city"}},{"type":"Feature","geometry":{"type":"Point","coordinates":[47.5,29.5]},"properties":{"id":"set_al_kuwait_500","name":"al-Kuwait","kind":"settlement","start_year":500,"end_year":1500,"importance":"city"}},{"type":"Feature","geometry":{"type":"Point","coordinates":[14.3306,41.3285]},"properties":{"id":"set_al_l_ifae_500","name":"Al(l)ifae","kind":"settlement","start_year":500,"end_year":1500,"importance":"city"}},{"type":"Feature","geometry":{"type":"Point","coordinates":[40.6565,36.0807]},"properties":{"id":"set_al_sabaa_wa_arbain_500","name":"Al-Sabaa wa Arbain","kind":"settlement","start_year":500,"end_year":1500,"importance":"city"}},{"type":"Feature","geometry":{"type":"Point","coordinates":[45.2331,39.6849]},"properties":{"id":"set_amaghu_noravank_500","name":"Amaghu Noravank","kind":"settlement","start_year":500,"end_year":1500,"importance":"city"}},{"type":"Feature","geometry":{"type":"Point","coordinates":[19.7001,40.379]},"properties":{"id":"set_amantia_500","name":"Amantia","kind":"settlement","start_year":500,"end_year":1500,"importance":"city"}},{"type":"Feature","geometry":{"type":"Point","coordinates":[47.0574,39.6837]},"properties":{"id":"set_amaras_500","name":"Amaras","kind":"settlement","start_year":500,"end_year":1500,"importance":"city"}},{"type":"Feature","geometry":{"type":"Point","coordinates":[32.3856,41.747]},"properties":{"id":"set_amastris_sesamos_500","name":"Amastris/Sesamos","kind":"settlement","start_year":500,"end_year":1500,"importance":"city"}},{"type":"Feature","geometry":{"type":"Point","coordinates":[35.8275,40.6552]},"properties":{"id":"set_amasya_castle_500","name":"Amasya castle","kind":"settlement","start_year":500,"end_year":1500,"importance":"city"}},{"type":"Feature","geometry":{"type":"Point","coordinates":[33.1371,34.7123]},"properties":{"id":"set_amathous_500","name":"Amathous","kind":"settlement","start_year":500,"end_year":1500,"importance":"city"}},{"type":"Feature","geometry":{"type":"Point","coordinates":[44.2284,40.3877]},"properties":{"id":"set_amberd_500","name":"Amberd","kind":"settlement","start_year":500,"end_year":1500,"importance":"city"}},{"type":"Feature","geometry":{"type":"Point","coordinates":[-4.4803,42.4543]},"properties":{"id":"set_ambisna_ambinon_500","name":"Ambisna/Ambinon","kind":"settlement","start_year":500,"end_year":1500,"importance":"city"}},{"type":"Feature","geometry":{"type":"Point","coordinates":[1.9594,46.7849]},"properties":{"id":"set_ambrault_500","name":"Ambrault","kind":"settlement","start_year":500,"end_year":1500,"importance":"city"}},{"type":"Feature","geometry":{"type":"Point","coordinates":[30.7759,40.8885]},"properties":{"id":"set_amda_500","name":"Çamdağ","kind":"settlement","start_year":500,"end_year":1500,"importance":"city"}},{"type":"Feature","geometry":{"type":"Point","coordinates":[36.9769,40.6335]},"properties":{"id":"set_ameria_pontos_500","name":"Ameria (Pontos)","kind":"settlement","start_year":500,"end_year":1500,"importance":"city"}},{"type":"Feature","geometry":{"type":"Point","coordinates":[13.8661,41.5391]},"properties":{"id":"set_amiternum_samnium_500","name":"Amiternum (Samnium)","kind":"settlement","start_year":500,"end_year":1500,"importance":"city"}},{"type":"Feature","geometry":{"type":"Point","coordinates":[28.3139,37.6713]},"properties":{"id":"set_aml_dere_500","name":"Çamlıdere","kind":"settlement","start_year":500,"end_year":1500,"importance":"city"}},{"type":"Feature","geometry":{"type":"Point","coordinates":[8.4558,35.5653]},"properties":{"id":"set_ammaedara_500","name":"Ammaedara","kind":"settlement","start_year":500,"end_year":1500,"importance":"city"}},{"type":"Feature","geometry":{"type":"Point","coordinates":[24.6122,35.3508]},"properties":{"id":"set_amnatos_500","name":"Amnatos","kind":"settlement","start_year":500,"end_year":1500,"importance":"city"}},{"type":"Feature","geometry":{"type":"Point","coordinates":[67.7482,63.2008]},"properties":{"id":"set_amnya_500","name":"Amnya","kind":"settlement","start_year":500,"end_year":1500,"importance":"city"}},{"type":"Feature","geometry":{"type":"Point","coordinates":[31.2956,39.0202]},"properties":{"id":"set_amorion_500","name":"Amorion","kind":"settlement","start_year":500,"end_year":1500,"importance":"city"}},{"type":"Feature","geometry":{"type":"Point","coordinates":[17.3117,48.0267]},"properties":{"id":"set_amor_n_1287","name":"Šamorín","kind":"settlement","start_year":1287,"end_year":1500,"importance":"city"}},{"type":"Feature","geometry":{"type":"Point","coordinates":[11.4571,47.2598]},"properties":{"id":"set_ampass_early_christian_church_500","name":"Ampass early Christian Church","kind":"settlement","start_year":500,"end_year":1500,"importance":"city"}},{"type":"Feature","geometry":{"type":"Point","coordinates":[4.8833,52.3667]},"properties":{"id":"set_amsterdam_1300","name":"Amsterdam","kind":"settlement","start_year":1300,"end_year":1500,"importance":"city"}},{"type":"Feature","geometry":{"type":"Point","coordinates":[36.528,39.6203]},"properties":{"id":"set_amu_a_500","name":"Šamuḫa","kind":"settlement","start_year":500,"end_year":1500,"importance":"city"}},{"type":"Feature","geometry":{"type":"Point","coordinates":[6.1756,36.5688]},"properties":{"id":"set_am_p_saga_river_500","name":"Am(p)saga (river)","kind":"settlement","start_year":500,"end_year":1500,"importance":"city"}},{"type":"Feature","geometry":{"type":"Point","coordinates":[44.18,17.477]},"properties":{"id":"set_anagrana_negram_500","name":"Anagrana/Negram","kind":"settlement","start_year":500,"end_year":1500,"importance":"city"}},{"type":"Feature","geometry":{"type":"Point","coordinates":[23.8048,37.83]},"properties":{"id":"set_anagyrous_500","name":"Anagyrous","kind":"settlement","start_year":500,"end_year":1500,"importance":"city"}},{"type":"Feature","geometry":{"type":"Point","coordinates":[25.5589,35.2878]},"properties":{"id":"set_anavlochos_500","name":"Anavlochos","kind":"settlement","start_year":500,"end_year":1500,"importance":"city"}},{"type":"Feature","geometry":{"type":"Point","coordinates":[-0.536,52.9827]},"properties":{"id":"set_ancaster_500","name":"Ancaster","kind":"settlement","start_year":500,"end_year":1500,"importance":"city"}},{"type":"Feature","geometry":{"type":"Point","coordinates":[25.6265,42.4271]},"properties":{"id":"set_ancient_forum_of_beroe_augusta_traiana_500","name":"Ancient forum of Beroe/Augusta Traiana","kind":"settlement","start_year":500,"end_year":1500,"importance":"city"}},{"type":"Feature","geometry":{"type":"Point","coordinates":[13.5161,43.619]},"properties":{"id":"set_ancon_a_500","name":"Ancon(a)","kind":"settlement","start_year":500,"end_year":1500,"importance":"city"}},{"type":"Feature","geometry":{"type":"Point","coordinates":[32.8593,39.9438]},"properties":{"id":"set_ancyra_galatia_500","name":"Ancyra (Galatia)","kind":"settlement","start_year":500,"end_year":1500,"importance":"city"}},{"type":"Feature","geometry":{"type":"Point","coordinates":[28.864,39.1533]},"properties":{"id":"set_ancyra_phrygia_500","name":"Ancyra (Phrygia)","kind":"settlement","start_year":500,"end_year":1500,"importance":"city"}},{"type":"Feature","geometry":{"type":"Point","coordinates":[16.1171,45.774]},"properties":{"id":"set_andautonia_500","name":"Andautonia","kind":"settlement","start_year":500,"end_year":1500,"importance":"city"}},{"type":"Feature","geometry":{"type":"Point","coordinates":[5.3352,47.8642]},"properties":{"id":"set_andematunnum_500","name":"Andematunnum","kind":"settlement","start_year":500,"end_year":1500,"importance":"city"}},{"type":"Feature","geometry":{"type":"Point","coordinates":[-1.1058,44.7426]},"properties":{"id":"set_andernos_les_bains_500","name":"Andernos-les-Bains","kind":"settlement","start_year":500,"end_year":1500,"importance":"city"}},{"type":"Feature","geometry":{"type":"Point","coordinates":[-7.2167,37.3543]},"properties":{"id":"set_andeualo_500","name":"Andeualo","kind":"settlement","start_year":500,"end_year":1500,"importance":"city"}},{"type":"Feature","geometry":{"type":"Point","coordinates":[5.5131,47.9308]},"properties":{"id":"set_andilly_en_bassigny_500","name":"Andilly-en-Bassigny","kind":"settlement","start_year":500,"end_year":1500,"importance":"city"}},{"type":"Feature","geometry":{"type":"Point","coordinates":[65.1193,36.9259]},"properties":{"id":"set_andkhui_500","name":"Andkhui","kind":"settlement","start_year":500,"end_year":1500,"importance":"city"}},{"type":"Feature","geometry":{"type":"Point","coordinates":[1.5222,42.5072]},"properties":{"id":"set_andorra_la_vella_900","name":"Andorra la Vella","kind":"settlement","start_year":900,"end_year":1500,"importance":"city"}},{"type":"Feature","geometry":{"type":"Point","coordinates":[29.9555,36.2259]},"properties":{"id":"set_andriake_500","name":"Andriake","kind":"settlement","start_year":500,"end_year":1500,"importance":"city"}},{"type":"Feature","geometry":{"type":"Point","coordinates":[33.4053,35.1398]},"properties":{"id":"set_androklou_oikos_500","name":"Androklou Oikos","kind":"settlement","start_year":500,"end_year":1500,"importance":"city"}},{"type":"Feature","geometry":{"type":"Point","coordinates":[37.3619,35.534]},"properties":{"id":"set_androna_andarna_500","name":"Androna/Andarna","kind":"settlement","start_year":500,"end_year":1500,"importance":"city"}},{"type":"Feature","geometry":{"type":"Point","coordinates":[24.8265,37.8157]},"properties":{"id":"set_andros_settlement_500","name":"Andros (settlement)","kind":"settlement","start_year":500,"end_year":1500,"importance":"city"}},{"type":"Feature","geometry":{"type":"Point","coordinates":[38.1121,38.6162]},"properties":{"id":"set_anduarsalia_500","name":"Anduarsalia","kind":"settlement","start_year":500,"end_year":1500,"importance":"city"}},{"type":"Feature","geometry":{"type":"Point","coordinates":[103.867,13.412]},"properties":{"id":"set_angkor","name":"Angkor","kind":"settlement","start_year":802,"end_year":1432,"importance":"megacity"}},{"type":"Feature","geometry":{"type":"Point","coordinates":[103.859,13.4413]},"properties":{"id":"set_angkor_thom_500","name":"Angkor Thom","kind":"settlement","start_year":500,"end_year":1500,"importance":"city"}},{"type":"Feature","geometry":{"type":"Point","coordinates":[43.5726,40.5115]},"properties":{"id":"set_ani_city_wall_500","name":"Ani city wall","kind":"settlement","start_year":500,"end_year":1064,"importance":"city"}},{"type":"Feature","geometry":{"type":"Point","coordinates":[26.7863,39.5716]},"properties":{"id":"set_antandros_500","name":"Antandros","kind":"settlement","start_year":500,"end_year":1500,"importance":"city"}},{"type":"Feature","geometry":{"type":"Point","coordinates":[-4.5629,37.0194]},"properties":{"id":"set_anticaria_500","name":"Anticaria","kind":"settlement","start_year":500,"end_year":1500,"importance":"city"}},{"type":"Feature","geometry":{"type":"Point","coordinates":[19.5,30.5]},"properties":{"id":"set_antidrepanon_akroterion_500","name":"Antidrepanon Akroterion","kind":"settlement","start_year":500,"end_year":1500,"importance":"city"}},{"type":"Feature","geometry":{"type":"Point","coordinates":[22.6261,38.3754]},"properties":{"id":"set_antikyra_500","name":"Antikyra","kind":"settlement","start_year":500,"end_year":1500,"importance":"city"}},{"type":"Feature","geometry":{"type":"Point","coordinates":[23.2959,35.8862]},"properties":{"id":"set_antikythera_apollo_sanctuary_500","name":"Antikythera Apollo Sanctuary","kind":"settlement","start_year":500,"end_year":1500,"importance":"city"}},{"type":"Feature","geometry":{"type":"Point","coordinates":[13.4711,41.8861]},"properties":{"id":"set_antinum_500","name":"Antinum","kind":"settlement","start_year":500,"end_year":1500,"importance":"city"}},{"type":"Feature","geometry":{"type":"Point","coordinates":[36.16,36.2]},"properties":{"id":"set_antioch","name":"Antioch","kind":"settlement","start_year":500,"end_year":1268,"importance":"capital"}},{"type":"Feature","geometry":{"type":"Point","coordinates":[32.4291,36.1533]},"properties":{"id":"set_antiochia_ad_cragum_500","name":"Antiochia ad Cragum","kind":"settlement","start_year":500,"end_year":1500,"importance":"city"}},{"type":"Feature","geometry":{"type":"Point","coordinates":[28.5483,37.8735]},"properties":{"id":"set_antiochia_ad_maeandrum_500","name":"Antiochia ad Maeandrum","kind":"settlement","start_year":500,"end_year":1500,"importance":"city"}},{"type":"Feature","geometry":{"type":"Point","coordinates":[39.7624,37.2323]},"properties":{"id":"set_antiochia_arabis_antoninopolis_tella_constantia_maximianopolis_500","name":"Antiochia Arabis/Antoninopolis/Tella/Constantia/Maximianopolis","kind":"settlement","start_year":500,"end_year":1500,"importance":"city"}},{"type":"Feature","geometry":{"type":"Point","coordinates":[31.1899,38.3054]},"properties":{"id":"set_antiochia_col_caesarea_500","name":"Antiochia/Col. Caesarea","kind":"settlement","start_year":500,"end_year":1265,"importance":"city"}},{"type":"Feature","geometry":{"type":"Point","coordinates":[45.6389,31.3225]},"properties":{"id":"set_antioch_on_the_ishtar_canal_500","name":"Antioch on the Ishtar Canal","kind":"settlement","start_year":500,"end_year":1500,"importance":"city"}},{"type":"Feature","geometry":{"type":"Point","coordinates":[19.9497,40.6998]},"properties":{"id":"set_antipatreia_500","name":"Antipatreia","kind":"settlement","start_year":500,"end_year":1500,"importance":"city"}},{"type":"Feature","geometry":{"type":"Point","coordinates":[7.1209,43.5806]},"properties":{"id":"set_antipolis_500","name":"Antipolis","kind":"settlement","start_year":500,"end_year":1500,"importance":"city"}},{"type":"Feature","geometry":{"type":"Point","coordinates":[4.3993,51.2197]},"properties":{"id":"set_anvers_500","name":"Anvers","kind":"settlement","start_year":500,"end_year":1500,"importance":"city"}},{"type":"Feature","geometry":{"type":"Point","coordinates":[14.3914,42.2332]},"properties":{"id":"set_anxanum_500","name":"Anxanum","kind":"settlement","start_year":500,"end_year":1500,"importance":"city"}},{"type":"Feature","geometry":{"type":"Point","coordinates":[25.1072,55.5344]},"properties":{"id":"set_anyk_iai_1442","name":"Anykščiai","kind":"settlement","start_year":1442,"end_year":1500,"importance":"city"}},{"type":"Feature","geometry":{"type":"Point","coordinates":[44.2005,15.3421]},"properties":{"id":"set_an_500","name":"Ṣanʿāʾ","kind":"settlement","start_year":500,"end_year":1500,"importance":"city"}},{"type":"Feature","geometry":{"type":"Point","coordinates":[67.6833,36.6833]},"properties":{"id":"set_aornos_500","name":"Aornos","kind":"settlement","start_year":500,"end_year":1500,"importance":"city"}},{"type":"Feature","geometry":{"type":"Point","coordinates":[52.8895,29.9351]},"properties":{"id":"set_apadana_palace_500","name":"Apadana Palace","kind":"settlement","start_year":500,"end_year":1500,"importance":"city"}},{"type":"Feature","geometry":{"type":"Point","coordinates":[46.3023,32.2912]},"properties":{"id":"set_apamea_500","name":"Apamea","kind":"settlement","start_year":500,"end_year":1500,"importance":"city"}},{"type":"Feature","geometry":{"type":"Point","coordinates":[32.1338,26.076]},"properties":{"id":"set_apa_abraham_mon_500","name":"Apa Abraham, Mon.","kind":"settlement","start_year":500,"end_year":1500,"importance":"city"}},{"type":"Feature","geometry":{"type":"Point","coordinates":[30.7013,27.5443]},"properties":{"id":"set_apa_apollo_500","name":"Apa Apollo","kind":"settlement","start_year":500,"end_year":1500,"importance":"city"}},{"type":"Feature","geometry":{"type":"Point","coordinates":[31.2333,27.0321]},"properties":{"id":"set_apa_apollo_monastery_500","name":"Apa Apollo (monastery)","kind":"settlement","start_year":500,"end_year":1500,"importance":"city"}},{"type":"Feature","geometry":{"type":"Point","coordinates":[22.988,36.547]},"properties":{"id":"set_aphrodisias_aphrodisia_500","name":"Aphrodisias/Aphrodisia","kind":"settlement","start_year":500,"end_year":1500,"importance":"city"}},{"type":"Feature","geometry":{"type":"Point","coordinates":[-6.4924,36.5058]},"properties":{"id":"set_aphrodisias_erythea_iunonis_island_500","name":"Aphrodisias/Erythea/Iunonis (island)","kind":"settlement","start_year":500,"end_year":1500,"importance":"city"}},{"type":"Feature","geometry":{"type":"Point","coordinates":[27.1842,39.1325]},"properties":{"id":"set_aphrodision_500","name":"Aphrodision","kind":"settlement","start_year":500,"end_year":1500,"importance":"city"}},{"type":"Feature","geometry":{"type":"Point","coordinates":[33.6201,35.0874]},"properties":{"id":"set_aphrodite_golgia_500","name":"Aphrodite Golgia","kind":"settlement","start_year":500,"end_year":1500,"importance":"city"}},{"type":"Feature","geometry":{"type":"Point","coordinates":[31.4166,26.8331]},"properties":{"id":"set_aphroditopolis_aphrodito_500","name":"Aphroditopolis/Aphrodito","kind":"settlement","start_year":500,"end_year":1500,"importance":"city"}},{"type":"Feature","geometry":{"type":"Point","coordinates":[23.4366,40.0994]},"properties":{"id":"set_aphytis_500","name":"Aphytis","kind":"settlement","start_year":500,"end_year":1500,"importance":"city"}},{"type":"Feature","geometry":{"type":"Point","coordinates":[19.4693,40.7202]},"properties":{"id":"set_apollonia_500","name":"Apollonia","kind":"settlement","start_year":500,"end_year":1500,"importance":"city"}},{"type":"Feature","geometry":{"type":"Point","coordinates":[34.8108,32.1964]},"properties":{"id":"set_apollonia_sozousa_500","name":"Apollonia/Sozousa","kind":"settlement","start_year":500,"end_year":1500,"importance":"city"}},{"type":"Feature","geometry":{"type":"Point","coordinates":[32.8724,24.9779]},"properties":{"id":"set_apollonopolis_magna_500","name":"Apollonopolis Magna","kind":"settlement","start_year":500,"end_year":1500,"importance":"city"}},{"type":"Feature","geometry":{"type":"Point","coordinates":[17.1467,39.3965]},"properties":{"id":"set_apollo_alaeus_temple_500","name":"Apollo Alaeus (temple)","kind":"settlement","start_year":500,"end_year":1500,"importance":"city"}},{"type":"Feature","geometry":{"type":"Point","coordinates":[25.8238,36.3613]},"properties":{"id":"set_apollo_asgelatos_temple_500","name":"Apollo Asgelatos (temple)","kind":"settlement","start_year":500,"end_year":1500,"importance":"city"}},{"type":"Feature","geometry":{"type":"Point","coordinates":[16.9157,39.1476]},"properties":{"id":"set_aprustum_500","name":"Aprustum","kind":"settlement","start_year":500,"end_year":1500,"importance":"city"}},{"type":"Feature","geometry":{"type":"Point","coordinates":[5.3937,43.8766]},"properties":{"id":"set_apta_iulia_500","name":"Apta Iulia","kind":"settlement","start_year":500,"end_year":1500,"importance":"city"}},{"type":"Feature","geometry":{"type":"Point","coordinates":[2.1616,41.6345]},"properties":{"id":"set_aquae_calidae_500","name":"Aquae Calidae","kind":"settlement","start_year":500,"end_year":1500,"importance":"city"}},{"type":"Feature","geometry":{"type":"Point","coordinates":[13.0119,42.3789]},"properties":{"id":"set_aquae_cutiliae_500","name":"Aquae Cutiliae","kind":"settlement","start_year":500,"end_year":1500,"importance":"city"}},{"type":"Feature","geometry":{"type":"Point","coordinates":[8.3076,47.4735]},"properties":{"id":"set_aquae_helveticae_500","name":"Aquae Helveticae","kind":"settlement","start_year":500,"end_year":1500,"importance":"city"}},{"type":"Feature","geometry":{"type":"Point","coordinates":[10.6798,42.9664]},"properties":{"id":"set_aquae_populoniae_500","name":"Aquae Populoniae","kind":"settlement","start_year":500,"end_year":1500,"importance":"city"}},{"type":"Feature","geometry":{"type":"Point","coordinates":[5.9155,45.6891]},"properties":{"id":"set_aquae_sextiae_500","name":"Aquae Sextiae","kind":"settlement","start_year":500,"end_year":1500,"importance":"city"}},{"type":"Feature","geometry":{"type":"Point","coordinates":[8.4707,44.6755]},"properties":{"id":"set_aquae_statiellae_500","name":"Aquae Statiellae","kind":"settlement","start_year":500,"end_year":1500,"importance":"city"}},{"type":"Feature","geometry":{"type":"Point","coordinates":[-2.3597,51.381]},"properties":{"id":"set_aquae_sulis_500","name":"Aquae Sulis","kind":"settlement","start_year":500,"end_year":1500,"importance":"city"}},{"type":"Feature","geometry":{"type":"Point","coordinates":[4.8067,36.6654]},"properties":{"id":"set_aqueduct_supplying_tubusuctu_from_the_northwest_500","name":"Aqueduct supplying Tubusuctu from the northwest","kind":"settlement","start_year":500,"end_year":1500,"importance":"city"}},{"type":"Feature","geometry":{"type":"Point","coordinates":[13.3709,45.7696]},"properties":{"id":"set_aquileia_500","name":"Aquileia","kind":"settlement","start_year":500,"end_year":1500,"importance":"city"}},{"type":"Feature","geometry":{"type":"Point","coordinates":[15.4246,41.0523]},"properties":{"id":"set_aquilonia_500","name":"Aquilonia","kind":"settlement","start_year":500,"end_year":1500,"importance":"city"}},{"type":"Feature","geometry":{"type":"Point","coordinates":[19.0495,47.5641]},"properties":{"id":"set_aquincum_500","name":"Aquincum","kind":"settlement","start_year":500,"end_year":1500,"importance":"city"}},{"type":"Feature","geometry":{"type":"Point","coordinates":[36.9117,38.246]},"properties":{"id":"set_arabissos_tripotamos_500","name":"Arabissos/Tripotamos","kind":"settlement","start_year":500,"end_year":1500,"importance":"city"}},{"type":"Feature","geometry":{"type":"Point","coordinates":[-6.5624,37.8949]},"properties":{"id":"set_aracena_500","name":"Aracena","kind":"settlement","start_year":500,"end_year":1500,"importance":"city"}},{"type":"Feature","geometry":{"type":"Point","coordinates":[39.142,40.1293]},"properties":{"id":"set_arauraka_500","name":"Arauraka","kind":"settlement","start_year":500,"end_year":1500,"importance":"city"}},{"type":"Feature","geometry":{"type":"Point","coordinates":[44.0094,36.1913]},"properties":{"id":"set_arbela_arba_ilu_500","name":"Arbela/Arba-ilu","kind":"settlement","start_year":500,"end_year":1500,"importance":"city"}},{"type":"Feature","geometry":{"type":"Point","coordinates":[-5.395,41.5259]},"properties":{"id":"set_arboukale_albocela_500","name":"Arboukale/Albocela","kind":"settlement","start_year":500,"end_year":1500,"importance":"city"}},{"type":"Feature","geometry":{"type":"Point","coordinates":[11.3745,44.2718]},"properties":{"id":"set_archaeological_area_of_monte_bibele_500","name":"archaeological area of Monte Bibele","kind":"settlement","start_year":500,"end_year":1500,"importance":"city"}},{"type":"Feature","geometry":{"type":"Point","coordinates":[24.7133,40.7797]},"properties":{"id":"set_archaic_agora_of_thasos_500","name":"Archaic agora of Thasos","kind":"settlement","start_year":500,"end_year":1500,"importance":"city"}},{"type":"Feature","geometry":{"type":"Point","coordinates":[26.7605,38.6635]},"properties":{"id":"set_archaic_city_wall_and_gate_of_phocaea_500","name":"Archaic City Wall and Gate of Phocaea","kind":"settlement","start_year":500,"end_year":1500,"importance":"city"}},{"type":"Feature","geometry":{"type":"Point","coordinates":[13.0145,43.8431]},"properties":{"id":"set_arch_of_augustus_fano_500","name":"Arch of Augustus (Fano)","kind":"settlement","start_year":500,"end_year":1500,"importance":"city"}},{"type":"Feature","geometry":{"type":"Point","coordinates":[8.1231,35.4047]},"properties":{"id":"set_arch_of_caracalla_500","name":"Arch of Caracalla","kind":"settlement","start_year":500,"end_year":1500,"importance":"city"}},{"type":"Feature","geometry":{"type":"Point","coordinates":[13.7688,45.6478]},"properties":{"id":"set_arco_di_riccardo_500","name":"Arco di Riccardo","kind":"settlement","start_year":500,"end_year":1500,"importance":"city"}},{"type":"Feature","geometry":{"type":"Point","coordinates":[12.3897,43.1089]},"properties":{"id":"set_arco_di_sant_ercolano_500","name":"Arco di Sant'Ercolano","kind":"settlement","start_year":500,"end_year":1500,"importance":"city"}},{"type":"Feature","geometry":{"type":"Point","coordinates":[14.0658,40.8458]},"properties":{"id":"set_arco_felice_vecchio_500","name":"Arco Felice Vecchio","kind":"settlement","start_year":500,"end_year":1500,"importance":"city"}},{"type":"Feature","geometry":{"type":"Point","coordinates":[-7.9092,38.5729]},"properties":{"id":"set_arco_romano_de_dona_isabel_500","name":"Arco Romano de Dona Isabel","kind":"settlement","start_year":500,"end_year":1500,"importance":"city"}},{"type":"Feature","geometry":{"type":"Point","coordinates":[48.2951,38.2465]},"properties":{"id":"set_ardabil_500","name":"Ardabil","kind":"settlement","start_year":500,"end_year":1500,"importance":"city"}},{"type":"Feature","geometry":{"type":"Point","coordinates":[52.5327,28.8529]},"properties":{"id":"set_ardashir_khurra_gur_firuzabad_500","name":"Ardashir-Khurra/Gur/[Firuzabad]","kind":"settlement","start_year":500,"end_year":1500,"importance":"city"}},{"type":"Feature","geometry":{"type":"Point","coordinates":[-1.9878,53.4522]},"properties":{"id":"set_ardotalia_zerdotalia_500","name":"Ardotalia (Zerdotalia)","kind":"settlement","start_year":500,"end_year":1500,"importance":"city"}},{"type":"Feature","geometry":{"type":"Point","coordinates":[-0.4327,49.1069]},"properties":{"id":"set_aregenoua_500","name":"Aregenoua","kind":"settlement","start_year":500,"end_year":1500,"importance":"city"}},{"type":"Feature","geometry":{"type":"Point","coordinates":[19.1532,44.3648]},"properties":{"id":"set_argentariae_dalmaticae_et_pannonicae_500","name":"Argentariae Dalmaticae et Pannonicae","kind":"settlement","start_year":500,"end_year":1500,"importance":"city"}},{"type":"Feature","geometry":{"type":"Point","coordinates":[23.8124,40.782]},"properties":{"id":"set_argilos_500","name":"Argilos","kind":"settlement","start_year":500,"end_year":1500,"importance":"city"}},{"type":"Feature","geometry":{"type":"Point","coordinates":[21.19,38.93]},"properties":{"id":"set_argos_amphilochikon_500","name":"Argos Amphilochikon","kind":"settlement","start_year":500,"end_year":1500,"importance":"city"}},{"type":"Feature","geometry":{"type":"Point","coordinates":[38.8699,41.0056]},"properties":{"id":"set_argyria_500","name":"Argyria","kind":"settlement","start_year":500,"end_year":1500,"importance":"city"}},{"type":"Feature","geometry":{"type":"Point","coordinates":[36.3923,38.7235]},"properties":{"id":"set_ariaratheia_500","name":"Ariaratheia","kind":"settlement","start_year":500,"end_year":1500,"importance":"city"}},{"type":"Feature","geometry":{"type":"Point","coordinates":[8.5916,39.9059]},"properties":{"id":"set_aristanis_500","name":"Aristanis","kind":"settlement","start_year":500,"end_year":1500,"importance":"city"}},{"type":"Feature","geometry":{"type":"Point","coordinates":[-8.2767,39.3316]},"properties":{"id":"set_aritium_praetorium_500","name":"Aritium Praetorium","kind":"settlement","start_year":500,"end_year":1500,"importance":"city"}},{"type":"Feature","geometry":{"type":"Point","coordinates":[22.3303,44.2437]},"properties":{"id":"set_arkamen_500","name":"Šarkamen","kind":"settlement","start_year":500,"end_year":1500,"importance":"city"}},{"type":"Feature","geometry":{"type":"Point","coordinates":[44.0336,40.0816]},"properties":{"id":"set_armaouira_500","name":"Armaouira","kind":"settlement","start_year":500,"end_year":1500,"importance":"city"}},{"type":"Feature","geometry":{"type":"Point","coordinates":[26.1067,41.4992]},"properties":{"id":"set_armira_500","name":"Armira","kind":"settlement","start_year":500,"end_year":1500,"importance":"city"}},{"type":"Feature","geometry":{"type":"Point","coordinates":[5.9167,51.9833]},"properties":{"id":"set_arnhem_1233","name":"Arnhem","kind":"settlement","start_year":1233,"end_year":1500,"importance":"city"}},{"type":"Feature","geometry":{"type":"Point","coordinates":[-6.954,37.9436]},"properties":{"id":"set_aroche_500","name":"Aroche","kind":"settlement","start_year":500,"end_year":1500,"importance":"city"}},{"type":"Feature","geometry":{"type":"Point","coordinates":[50.949,11.8259]},"properties":{"id":"set_aromata_emporion_500","name":"Aromata Emporion","kind":"settlement","start_year":500,"end_year":1500,"importance":"city"}},{"type":"Feature","geometry":{"type":"Point","coordinates":[-3.4271,38.181]},"properties":{"id":"set_arquiellos_500","name":"Arquiellos","kind":"settlement","start_year":500,"end_year":1500,"importance":"city"}},{"type":"Feature","geometry":{"type":"Point","coordinates":[44.3956,35.4694]},"properties":{"id":"set_arrapha_karkha_de_beth_seluk_500","name":"Arrapha/Karkha de Beth Seluk","kind":"settlement","start_year":500,"end_year":1500,"importance":"city"}},{"type":"Feature","geometry":{"type":"Point","coordinates":[4.807,45.1433]},"properties":{"id":"set_arras_sur_rh_ne_roman_milestone_500","name":"Arras-sur-Rhône Roman Milestone","kind":"settlement","start_year":500,"end_year":1500,"importance":"city"}},{"type":"Feature","geometry":{"type":"Point","coordinates":[11.863,43.4713]},"properties":{"id":"set_arretium_500","name":"Arretium","kind":"settlement","start_year":500,"end_year":1500,"importance":"city"}},{"type":"Feature","geometry":{"type":"Point","coordinates":[38.6536,37.9461]},"properties":{"id":"set_arsameia_pros_nymphaio_500","name":"Arsameia pros Nymphaio","kind":"settlement","start_year":500,"end_year":1500,"importance":"city"}},{"type":"Feature","geometry":{"type":"Point","coordinates":[39.5109,38.6609]},"properties":{"id":"set_arsamosata_500","name":"Arsamosata","kind":"settlement","start_year":500,"end_year":1500,"importance":"city"}},{"type":"Feature","geometry":{"type":"Point","coordinates":[44.5752,39.8819]},"properties":{"id":"set_artaxata_500","name":"Artaxata","kind":"settlement","start_year":500,"end_year":1500,"importance":"city"}},{"type":"Feature","geometry":{"type":"Point","coordinates":[-0.9942,42.5989]},"properties":{"id":"set_arteda_civitate_500","name":"Arteda Civitate","kind":"settlement","start_year":500,"end_year":1500,"importance":"city"}},{"type":"Feature","geometry":{"type":"Point","coordinates":[24.0089,37.9798]},"properties":{"id":"set_artemis_tauropolos_temple_500","name":"Artemis Tauropolos temple","kind":"settlement","start_year":500,"end_year":1500,"importance":"city"}},{"type":"Feature","geometry":{"type":"Point","coordinates":[35.3531,38.3967]},"properties":{"id":"set_artulu_500","name":"Artulu","kind":"settlement","start_year":500,"end_year":1500,"importance":"city"}},{"type":"Feature","geometry":{"type":"Point","coordinates":[35.2926,32.7887]},"properties":{"id":"set_arum_500","name":"Arumâ","kind":"settlement","start_year":500,"end_year":1500,"importance":"city"}},{"type":"Feature","geometry":{"type":"Point","coordinates":[15.2687,44.8485]},"properties":{"id":"set_arupium_500","name":"Arupium","kind":"settlement","start_year":500,"end_year":1500,"importance":"city"}},{"type":"Feature","geometry":{"type":"Point","coordinates":[49.8764,56.0906]},"properties":{"id":"set_ar_a_1201","name":"Arça","kind":"settlement","start_year":1201,"end_year":1500,"importance":"city"}},{"type":"Feature","geometry":{"type":"Point","coordinates":[12.8666,32.0333]},"properties":{"id":"set_asabaa_500","name":"Asabaa","kind":"settlement","start_year":500,"end_year":1500,"importance":"city"}},{"type":"Feature","geometry":{"type":"Point","coordinates":[6.6645,51.4349]},"properties":{"id":"set_asciburgium_500","name":"Asciburgium","kind":"settlement","start_year":500,"end_year":1500,"importance":"city"}},{"type":"Feature","geometry":{"type":"Point","coordinates":[36.4,35.2833]},"properties":{"id":"set_asharne_500","name":"Asharne","kind":"settlement","start_year":500,"end_year":1500,"importance":"city"}},{"type":"Feature","geometry":{"type":"Point","coordinates":[0.8676,51.1465]},"properties":{"id":"set_ashford_893","name":"Ashford","kind":"settlement","start_year":893,"end_year":1500,"importance":"city"}},{"type":"Feature","geometry":{"type":"Point","coordinates":[34.5505,31.6648]},"properties":{"id":"set_ashqelon_ascalon_500","name":"Ashqelon/Ascalon","kind":"settlement","start_year":500,"end_year":1500,"importance":"city"}},{"type":"Feature","geometry":{"type":"Point","coordinates":[-0.3113,51.3286]},"properties":{"id":"set_ashtead_roman_villa_500","name":"Ashtead Roman villa","kind":"settlement","start_year":500,"end_year":1500,"importance":"city"}},{"type":"Feature","geometry":{"type":"Point","coordinates":[21.9633,36.7945]},"properties":{"id":"set_asine_500","name":"Asine","kind":"settlement","start_year":500,"end_year":1500,"importance":"city"}},{"type":"Feature","geometry":{"type":"Point","coordinates":[22.8426,36.6845]},"properties":{"id":"set_asopos_500","name":"Asopos","kind":"settlement","start_year":500,"end_year":1500,"importance":"city"}},{"type":"Feature","geometry":{"type":"Point","coordinates":[51.6788,32.6511]},"properties":{"id":"set_aspadana_i_spahan_gay_gabai_500","name":"Aspadana/(I)Spahan/Gay/Gabai?","kind":"settlement","start_year":500,"end_year":1500,"importance":"city"}},{"type":"Feature","geometry":{"type":"Point","coordinates":[31.1697,36.9404]},"properties":{"id":"set_aspendos_primoupolis_500","name":"Aspendos/Primoupolis","kind":"settlement","start_year":500,"end_year":1500,"importance":"city"}},{"type":"Feature","geometry":{"type":"Point","coordinates":[22.9927,38.541]},"properties":{"id":"set_aspledon_eudeielos_500","name":"Aspledon/Eudeielos","kind":"settlement","start_year":500,"end_year":1500,"importance":"city"}},{"type":"Feature","geometry":{"type":"Point","coordinates":[6.5606,52.9953]},"properties":{"id":"set_assen_1201","name":"Assen","kind":"settlement","start_year":1201,"end_year":1500,"importance":"city"}},{"type":"Feature","geometry":{"type":"Point","coordinates":[27.333,37.484]},"properties":{"id":"set_assesos_500","name":"Assesos","kind":"settlement","start_year":500,"end_year":1500,"importance":"city"}},{"type":"Feature","geometry":{"type":"Point","coordinates":[9.0224,35.9926]},"properties":{"id":"set_assuras_500","name":"Assuras","kind":"settlement","start_year":500,"end_year":1500,"importance":"city"}},{"type":"Feature","geometry":{"type":"Point","coordinates":[43.26,35.4592]},"properties":{"id":"set_assur_archive_17_500","name":"Assur Archive 17","kind":"settlement","start_year":500,"end_year":1500,"importance":"city"}},{"type":"Feature","geometry":{"type":"Point","coordinates":[21.0914,38.5544]},"properties":{"id":"set_astakos_acarnania_500","name":"Astakos (Acarnania)","kind":"settlement","start_year":500,"end_year":1500,"importance":"city"}},{"type":"Feature","geometry":{"type":"Point","coordinates":[12.7653,41.4089]},"properties":{"id":"set_astura_500","name":"Astura","kind":"settlement","start_year":500,"end_year":1500,"importance":"city"}},{"type":"Feature","geometry":{"type":"Point","coordinates":[-7.7361,41.9311]},"properties":{"id":"set_as_muradellas_mine_500","name":"As Muradellas Mine","kind":"settlement","start_year":500,"end_year":1500,"importance":"city"}},{"type":"Feature","geometry":{"type":"Point","coordinates":[32.8227,37.6663]},"properties":{"id":"set_atalh_y_k_west_mound_500","name":"Çatalhöyük west mound","kind":"settlement","start_year":500,"end_year":1500,"importance":"city"}},{"type":"Feature","geometry":{"type":"Point","coordinates":[26.9213,39.0915]},"properties":{"id":"set_atarneus_500","name":"Atarneus","kind":"settlement","start_year":500,"end_year":1500,"importance":"city"}},{"type":"Feature","geometry":{"type":"Point","coordinates":[44.0959,41.9039]},"properties":{"id":"set_ateni_sioni_500","name":"Ateni Sioni","kind":"settlement","start_year":500,"end_year":1500,"importance":"city"}},{"type":"Feature","geometry":{"type":"Point","coordinates":[11.6566,45.2277]},"properties":{"id":"set_ateste_500","name":"Ateste","kind":"settlement","start_year":500,"end_year":1500,"importance":"city"}},{"type":"Feature","geometry":{"type":"Point","coordinates":[40.8742,41.1723]},"properties":{"id":"set_athenai_500","name":"Athenai","kind":"settlement","start_year":500,"end_year":1500,"importance":"city"}},{"type":"Feature","geometry":{"type":"Point","coordinates":[38.1826,35.9632]},"properties":{"id":"set_athis_neocaesarea_500","name":"Athis/Neocaesarea","kind":"settlement","start_year":500,"end_year":1500,"importance":"city"}},{"type":"Feature","geometry":{"type":"Point","coordinates":[31.1842,30.4707]},"properties":{"id":"set_athribis_lower_egypt_500","name":"Athribis (Lower Egypt)","kind":"settlement","start_year":500,"end_year":1500,"importance":"city"}},{"type":"Feature","geometry":{"type":"Point","coordinates":[15.5561,40.4543]},"properties":{"id":"set_atina_500","name":"Atina","kind":"settlement","start_year":500,"end_year":1500,"importance":"city"}},{"type":"Feature","geometry":{"type":"Point","coordinates":[27.891,39.0714]},"properties":{"id":"set_attaleia_500","name":"Attaleia","kind":"settlement","start_year":500,"end_year":1500,"importance":"city"}},{"type":"Feature","geometry":{"type":"Point","coordinates":[50.0564,25.4255]},"properties":{"id":"set_attene_chattenia_500","name":"Attene/Chattenia","kind":"settlement","start_year":500,"end_year":1500,"importance":"city"}},{"type":"Feature","geometry":{"type":"Point","coordinates":[28.8069,37.839]},"properties":{"id":"set_attouda_500","name":"Attouda","kind":"settlement","start_year":500,"end_year":1500,"importance":"city"}},{"type":"Feature","geometry":{"type":"Point","coordinates":[34.4149,24.9785]},"properties":{"id":"set_attut_500","name":"Attut","kind":"settlement","start_year":500,"end_year":1500,"importance":"city"}},{"type":"Feature","geometry":{"type":"Point","coordinates":[34.7869,38.1416]},"properties":{"id":"set_atuna_500","name":"*Atuna","kind":"settlement","start_year":500,"end_year":1500,"importance":"city"}},{"type":"Feature","geometry":{"type":"Point","coordinates":[-0.2633,43.7014]},"properties":{"id":"set_atura_vicus_iulii_500","name":"*Atura/Vicus Iulii","kind":"settlement","start_year":500,"end_year":1500,"importance":"city"}},{"type":"Feature","geometry":{"type":"Point","coordinates":[35.3219,29.9579]},"properties":{"id":"set_auara_500","name":"Auara","kind":"settlement","start_year":500,"end_year":1500,"importance":"city"}},{"type":"Feature","geometry":{"type":"Point","coordinates":[10.898,48.371]},"properties":{"id":"set_augsburg","name":"Augsburg","kind":"settlement","start_year":500,"end_year":1500,"importance":"town"}},{"type":"Feature","geometry":{"type":"Point","coordinates":[5.6075,45.5872]},"properties":{"id":"set_augusta_500","name":"Augusta","kind":"settlement","start_year":500,"end_year":1500,"importance":"city"}},{"type":"Feature","geometry":{"type":"Point","coordinates":[7.8503,44.5567]},"properties":{"id":"set_augusta_bagiennorum_500","name":"Augusta Bagiennorum","kind":"settlement","start_year":500,"end_year":1500,"importance":"city"}},{"type":"Feature","geometry":{"type":"Point","coordinates":[3.3259,49.3808]},"properties":{"id":"set_augusta_suessionum_500","name":"Augusta Suessionum","kind":"settlement","start_year":500,"end_year":1500,"importance":"city"}},{"type":"Feature","geometry":{"type":"Point","coordinates":[-5.482,39.8071]},"properties":{"id":"set_augustobriga_500","name":"Augustobriga","kind":"settlement","start_year":500,"end_year":1500,"importance":"city"}},{"type":"Feature","geometry":{"type":"Point","coordinates":[1.2644,45.8285]},"properties":{"id":"set_augustoritum_500","name":"Augustoritum","kind":"settlement","start_year":500,"end_year":1500,"importance":"city"}},{"type":"Feature","geometry":{"type":"Point","coordinates":[30.277,38.0751]},"properties":{"id":"set_aulutrena_500","name":"Aulutrena","kind":"settlement","start_year":500,"end_year":1500,"importance":"city"}},{"type":"Feature","geometry":{"type":"Point","coordinates":[22.8006,46.1317]},"properties":{"id":"set_aurariae_dacicae_500","name":"Aurariae Dacicae","kind":"settlement","start_year":500,"end_year":1500,"importance":"city"}},{"type":"Feature","geometry":{"type":"Point","coordinates":[4.3487,52.0602]},"properties":{"id":"set_aurelium_cananefatium_forum_hadriani_500","name":"Aurelium Cananefatium/Forum Hadriani","kind":"settlement","start_year":500,"end_year":1500,"importance":"city"}},{"type":"Feature","geometry":{"type":"Point","coordinates":[20.5146,44.6907]},"properties":{"id":"set_avala_500","name":"Avala","kind":"settlement","start_year":500,"end_year":1500,"importance":"city"}},{"type":"Feature","geometry":{"type":"Point","coordinates":[7.0407,46.8801]},"properties":{"id":"set_aventicum_500","name":"Aventicum","kind":"settlement","start_year":500,"end_year":1500,"importance":"city"}},{"type":"Feature","geometry":{"type":"Point","coordinates":[15.7907,41.8513]},"properties":{"id":"set_avicenna_500","name":"Avicenna","kind":"settlement","start_year":500,"end_year":1500,"importance":"city"}},{"type":"Feature","geometry":{"type":"Point","coordinates":[10.7363,35.5748]},"properties":{"id":"set_avidus_vicus_500","name":"Avidus Vicus","kind":"settlement","start_year":500,"end_year":1500,"importance":"city"}},{"type":"Feature","geometry":{"type":"Point","coordinates":[2.9737,45.6606]},"properties":{"id":"set_avitacum_500","name":"Avitacum","kind":"settlement","start_year":500,"end_year":1500,"importance":"city"}},{"type":"Feature","geometry":{"type":"Point","coordinates":[31.5969,26.548]},"properties":{"id":"set_awlad_azzaz_site_500","name":"Awlad Azzaz Site","kind":"settlement","start_year":500,"end_year":1500,"importance":"city"}},{"type":"Feature","geometry":{"type":"Point","coordinates":[43.2113,38.7083]},"properties":{"id":"set_ayanis_500","name":"Ayanis","kind":"settlement","start_year":500,"end_year":1500,"importance":"city"}},{"type":"Feature","geometry":{"type":"Point","coordinates":[27.3681,37.9555]},"properties":{"id":"set_ayasuluk_hill_500","name":"Ayasuluk Hill","kind":"settlement","start_year":500,"end_year":1500,"importance":"city"}},{"type":"Feature","geometry":{"type":"Point","coordinates":[-1.6202,42.9982]},"properties":{"id":"set_ayerdi_500","name":"Ayerdi","kind":"settlement","start_year":500,"end_year":1500,"importance":"city"}},{"type":"Feature","geometry":{"type":"Point","coordinates":[-7.373,37.2882]},"properties":{"id":"set_aymont_500","name":"Aymont","kind":"settlement","start_year":500,"end_year":1500,"importance":"city"}},{"type":"Feature","geometry":{"type":"Point","coordinates":[35.1844,28.088]},"properties":{"id":"set_aynuna_500","name":"Aynuna","kind":"settlement","start_year":500,"end_year":1500,"importance":"city"}},{"type":"Feature","geometry":{"type":"Point","coordinates":[-4.6278,55.4639]},"properties":{"id":"set_ayr_1205","name":"Ayr","kind":"settlement","start_year":1205,"end_year":1500,"importance":"city"}},{"type":"Feature","geometry":{"type":"Point","coordinates":[39.4167,47.1]},"properties":{"id":"set_azov_1067","name":"Azov","kind":"settlement","start_year":1067,"end_year":1500,"importance":"city"}},{"type":"Feature","geometry":{"type":"Point","coordinates":[-2.2653,43.1819]},"properties":{"id":"set_azpeitia_1310","name":"Azpeitia","kind":"settlement","start_year":1310,"end_year":1500,"importance":"city"}},{"type":"Feature","geometry":{"type":"Point","coordinates":[37.0464,36.5865]},"properties":{"id":"set_az_zu_500","name":"Ḫazāzu","kind":"settlement","start_year":500,"end_year":1500,"importance":"city"}},{"type":"Feature","geometry":{"type":"Point","coordinates":[17.8833,48.15]},"properties":{"id":"set_a_a_1002","name":"Šaľa","kind":"settlement","start_year":1002,"end_year":1500,"importance":"city"}},{"type":"Feature","geometry":{"type":"Point","coordinates":[34.2302,38.3493]},"properties":{"id":"set_a_kl_h_y_k_500","name":"Aşıklı Höyük","kind":"settlement","start_year":500,"end_year":1500,"importance":"city"}},{"type":"Feature","geometry":{"type":"Point","coordinates":[40.8977,36.8755]},"properties":{"id":"set_a_nakkum_500","name":"Ašnakkum","kind":"settlement","start_year":500,"end_year":1500,"importance":"city"}},{"type":"Feature","geometry":{"type":"Point","coordinates":[36.6471,35.4401]},"properties":{"id":"set_a_ni_500","name":"Ašḫāni","kind":"settlement","start_year":500,"end_year":1500,"importance":"city"}},{"type":"Feature","geometry":{"type":"Point","coordinates":[36.6309,35.878]},"properties":{"id":"set_a_tamaku_500","name":"Aštamaku","kind":"settlement","start_year":500,"end_year":1500,"importance":"city"}},{"type":"Feature","geometry":{"type":"Point","coordinates":[38.7213,14.1339]},"properties":{"id":"set_a_u_xoume_500","name":"A(u)xoume","kind":"settlement","start_year":500,"end_year":1500,"importance":"city"}},{"type":"Feature","geometry":{"type":"Point","coordinates":[28.7119,44.8933]},"properties":{"id":"set_babadag_1263","name":"Babadag","kind":"settlement","start_year":1263,"end_year":1500,"importance":"city"}},{"type":"Feature","geometry":{"type":"Point","coordinates":[19.5517,40.8809]},"properties":{"id":"set_babunja_500","name":"Babunja","kind":"settlement","start_year":500,"end_year":1500,"importance":"city"}},{"type":"Feature","geometry":{"type":"Point","coordinates":[31.2301,30.0058]},"properties":{"id":"set_babylon_al_fus_old_cairo_500","name":"Babylon/al-Fusṭāṭ/Old Cairo","kind":"settlement","start_year":500,"end_year":1500,"importance":"city"}},{"type":"Feature","geometry":{"type":"Point","coordinates":[35.5354,31.2539]},"properties":{"id":"set_bab_adh_dhra_500","name":"Bab adh-Dhra'","kind":"settlement","start_year":500,"end_year":1500,"importance":"city"}},{"type":"Feature","geometry":{"type":"Point","coordinates":[24.8498,41.9419]},"properties":{"id":"set_bachkovo_monastery_500","name":"Bachkovo Monastery","kind":"settlement","start_year":500,"end_year":1500,"importance":"city"}},{"type":"Feature","geometry":{"type":"Point","coordinates":[-3.0902,37.5566]},"properties":{"id":"set_bactara_500","name":"Bactara?","kind":"settlement","start_year":500,"end_year":1500,"importance":"city"}},{"type":"Feature","geometry":{"type":"Point","coordinates":[66.9011,36.7679]},"properties":{"id":"set_bactra_zariaspa_500","name":"Bactra/Zariaspa","kind":"settlement","start_year":500,"end_year":1500,"importance":"city"}},{"type":"Feature","geometry":{"type":"Point","coordinates":[26.9167,46.5833]},"properties":{"id":"set_bac_u_1399","name":"Bacău","kind":"settlement","start_year":1399,"end_year":1500,"importance":"city"}},{"type":"Feature","geometry":{"type":"Point","coordinates":[-6.9706,38.8779]},"properties":{"id":"set_badajoz_875","name":"Badajoz","kind":"settlement","start_year":875,"end_year":1500,"importance":"city"}},{"type":"Feature","geometry":{"type":"Point","coordinates":[-6.971,38.8787]},"properties":{"id":"set_badajoz_city_1230","name":"Badajoz city","kind":"settlement","start_year":1230,"end_year":1500,"importance":"city"}},{"type":"Feature","geometry":{"type":"Point","coordinates":[-4.2883,35.1689]},"properties":{"id":"set_badis_1500","name":"Badis","kind":"settlement","start_year":1500,"end_year":1500,"importance":"city"}},{"type":"Feature","geometry":{"type":"Point","coordinates":[44.2556,33.0632]},"properties":{"id":"set_baduldua_500","name":"Baduldua","kind":"settlement","start_year":500,"end_year":1500,"importance":"city"}},{"type":"Feature","geometry":{"type":"Point","coordinates":[9.1631,49.2306]},"properties":{"id":"set_bad_wimpfen_1300","name":"Bad Wimpfen","kind":"settlement","start_year":1300,"end_year":1500,"importance":"city"}},{"type":"Feature","geometry":{"type":"Point","coordinates":[3.7924,50.2978]},"properties":{"id":"set_bagacum_500","name":"Bagacum","kind":"settlement","start_year":500,"end_year":1500,"importance":"city"}},{"type":"Feature","geometry":{"type":"Point","coordinates":[94.856,21.171]},"properties":{"id":"set_bagan","name":"Bagan (Pagan)","kind":"settlement","start_year":849,"end_year":1287,"importance":"capital"}},{"type":"Feature","geometry":{"type":"Point","coordinates":[44.401,33.34]},"properties":{"id":"set_baghdad","name":"Baghdad","kind":"settlement","start_year":762,"end_year":1258,"importance":"megacity"}},{"type":"Feature","geometry":{"type":"Point","coordinates":[-0.0945,47.2432]},"properties":{"id":"set_bagneux_megalith_500","name":"Bagneux Megalith","kind":"settlement","start_year":500,"end_year":1500,"importance":"city"}},{"type":"Feature","geometry":{"type":"Point","coordinates":[0.591,42.791]},"properties":{"id":"set_bagn_res_de_luchon_500","name":"Bagnères-de-Luchon","kind":"settlement","start_year":500,"end_year":1500,"importance":"city"}},{"type":"Feature","geometry":{"type":"Point","coordinates":[36.2249,36.4268]},"properties":{"id":"set_bagras_castle_500","name":"Bagras Castle","kind":"settlement","start_year":500,"end_year":1500,"importance":"city"}},{"type":"Feature","geometry":{"type":"Point","coordinates":[20.6333,54.3833]},"properties":{"id":"set_bagrationovsk_1336","name":"Bagrationovsk","kind":"settlement","start_year":1336,"end_year":1500,"importance":"city"}},{"type":"Feature","geometry":{"type":"Point","coordinates":[22.4979,44.7746]},"properties":{"id":"set_bahna_500","name":"Bahna","kind":"settlement","start_year":500,"end_year":1500,"importance":"city"}},{"type":"Feature","geometry":{"type":"Point","coordinates":[47.9552,29.6363]},"properties":{"id":"set_bahra_1_500","name":"Bahra 1","kind":"settlement","start_year":500,"end_year":1500,"importance":"city"}},{"type":"Feature","geometry":{"type":"Point","coordinates":[40.4476,37.892]},"properties":{"id":"set_bah_ecik_500","name":"Bahçecik","kind":"settlement","start_year":500,"end_year":1500,"importance":"city"}},{"type":"Feature","geometry":{"type":"Point","coordinates":[23.5719,47.6567]},"properties":{"id":"set_baia_mare_1327","name":"Baia Mare","kind":"settlement","start_year":1327,"end_year":1500,"importance":"city"}},{"type":"Feature","geometry":{"type":"Point","coordinates":[76.3679,9.351]},"properties":{"id":"set_bakare_500","name":"Bakare","kind":"settlement","start_year":500,"end_year":1500,"importance":"city"}},{"type":"Feature","geometry":{"type":"Point","coordinates":[44.9523,37.6197]},"properties":{"id":"set_balajuk_tepe_500","name":"Balajuk tepe","kind":"settlement","start_year":500,"end_year":1500,"importance":"city"}},{"type":"Feature","geometry":{"type":"Point","coordinates":[29.5823,36.9526]},"properties":{"id":"set_balboura_500","name":"Balboura","kind":"settlement","start_year":500,"end_year":1500,"importance":"city"}},{"type":"Feature","geometry":{"type":"Point","coordinates":[-7.6499,37.1258]},"properties":{"id":"set_balsa_500","name":"Balsa","kind":"settlement","start_year":500,"end_year":1500,"importance":"city"}},{"type":"Feature","geometry":{"type":"Point","coordinates":[58.369,29.1156]},"properties":{"id":"set_bam_500","name":"Bam","kind":"settlement","start_year":500,"end_year":1500,"importance":"city"}},{"type":"Feature","geometry":{"type":"Point","coordinates":[75.0124,14.5355]},"properties":{"id":"set_banabasi_500","name":"Banabasi","kind":"settlement","start_year":500,"end_year":1500,"importance":"city"}},{"type":"Feature","geometry":{"type":"Point","coordinates":[67.5215,24.7517]},"properties":{"id":"set_banbhore_500","name":"Banbhore","kind":"settlement","start_year":500,"end_year":1500,"importance":"city"}},{"type":"Feature","geometry":{"type":"Point","coordinates":[-0.7951,52.0554]},"properties":{"id":"set_bancroft_roman_villa_500","name":"Bancroft Roman villa","kind":"settlement","start_year":500,"end_year":1500,"importance":"city"}},{"type":"Feature","geometry":{"type":"Point","coordinates":[52.8416,29.7581]},"properties":{"id":"set_band_e_am_r_tukrash_500","name":"Band-e Amīr/Tukrash?","kind":"settlement","start_year":500,"end_year":1500,"importance":"city"}},{"type":"Feature","geometry":{"type":"Point","coordinates":[14.0147,31.7584]},"properties":{"id":"set_bani_walid_500","name":"Bani Walid","kind":"settlement","start_year":500,"end_year":1500,"importance":"city"}},{"type":"Feature","geometry":{"type":"Point","coordinates":[22.3109,41.9188]},"properties":{"id":"set_banja_500","name":"Banja","kind":"settlement","start_year":500,"end_year":1500,"importance":"city"}},{"type":"Feature","geometry":{"type":"Point","coordinates":[17.1925,44.7725]},"properties":{"id":"set_banja_luka_1494","name":"Banja Luka","kind":"settlement","start_year":1494,"end_year":1500,"importance":"city"}},{"type":"Feature","geometry":{"type":"Point","coordinates":[-1.0856,52.2764]},"properties":{"id":"set_bannaventa_500","name":"Bannaventa","kind":"settlement","start_year":500,"end_year":1500,"importance":"city"}},{"type":"Feature","geometry":{"type":"Point","coordinates":[5.6278,44.0379]},"properties":{"id":"set_banon_500","name":"Banon","kind":"settlement","start_year":500,"end_year":1500,"importance":"city"}},{"type":"Feature","geometry":{"type":"Point","coordinates":[18.8931,48.4586]},"properties":{"id":"set_bansk_tiavnica_1156","name":"Banská Štiavnica","kind":"settlement","start_year":1156,"end_year":1500,"importance":"city"}},{"type":"Feature","geometry":{"type":"Point","coordinates":[7.1093,43.734]},"properties":{"id":"set_baou_des_blancs_500","name":"Baou des Blancs","kind":"settlement","start_year":500,"end_year":1500,"importance":"city"}},{"type":"Feature","geometry":{"type":"Point","coordinates":[-2.9917,43.2972]},"properties":{"id":"set_barakaldo_1051","name":"Barakaldo","kind":"settlement","start_year":1051,"end_year":1500,"importance":"city"}},{"type":"Feature","geometry":{"type":"Point","coordinates":[21.5333,50.5]},"properties":{"id":"set_baran_w_sandomierski_1135","name":"Baranów Sandomierski","kind":"settlement","start_year":1135,"end_year":1500,"importance":"city"}},{"type":"Feature","geometry":{"type":"Point","coordinates":[41.4881,36.3734]},"properties":{"id":"set_bara_500","name":"Bara","kind":"settlement","start_year":500,"end_year":1500,"importance":"city"}},{"type":"Feature","geometry":{"type":"Point","coordinates":[69.0215,24.9241]},"properties":{"id":"set_barbarikon_500","name":"Barbarikon","kind":"settlement","start_year":500,"end_year":1500,"importance":"city"}},{"type":"Feature","geometry":{"type":"Point","coordinates":[2.159,41.388]},"properties":{"id":"set_barcelona","name":"Barcelona","kind":"settlement","start_year":500,"end_year":1500,"importance":"city"}},{"type":"Feature","geometry":{"type":"Point","coordinates":[20.6911,53.8306]},"properties":{"id":"set_barczewo_1323","name":"Barczewo","kind":"settlement","start_year":1323,"end_year":1500,"importance":"city"}},{"type":"Feature","geometry":{"type":"Point","coordinates":[21.2756,49.2927]},"properties":{"id":"set_bardejov_1241","name":"Bardejov","kind":"settlement","start_year":1241,"end_year":1500,"importance":"city"}},{"type":"Feature","geometry":{"type":"Point","coordinates":[-8.7063,38.4478]},"properties":{"id":"set_bardili_turduli_500","name":"Bardili Turduli","kind":"settlement","start_year":500,"end_year":1500,"importance":"city"}},{"type":"Feature","geometry":{"type":"Point","coordinates":[0.3717,51.0401]},"properties":{"id":"set_bardown_roman_industrial_site_500","name":"Bardown Roman industrial site","kind":"settlement","start_year":500,"end_year":1500,"importance":"city"}},{"type":"Feature","geometry":{"type":"Point","coordinates":[49.3346,32.0353]},"properties":{"id":"set_bard_i_nishande_500","name":"Bard-i Nishande","kind":"settlement","start_year":500,"end_year":1500,"importance":"city"}},{"type":"Feature","geometry":{"type":"Point","coordinates":[27.5893,37.1951]},"properties":{"id":"set_bargylia_500","name":"Bargylia","kind":"settlement","start_year":500,"end_year":1500,"importance":"city"}},{"type":"Feature","geometry":{"type":"Point","coordinates":[-1.7749,37.2454]},"properties":{"id":"set_baria_500","name":"Baria","kind":"settlement","start_year":500,"end_year":1500,"importance":"city"}},{"type":"Feature","geometry":{"type":"Point","coordinates":[16.8703,41.1292]},"properties":{"id":"set_barium_500","name":"Barium","kind":"settlement","start_year":500,"end_year":1500,"importance":"city"}},{"type":"Feature","geometry":{"type":"Point","coordinates":[4.3479,44.3091]},"properties":{"id":"set_barjac_500","name":"Barjac","kind":"settlement","start_year":500,"end_year":1500,"importance":"city"}},{"type":"Feature","geometry":{"type":"Point","coordinates":[35.9916,35.9613]},"properties":{"id":"set_barlaamus_500","name":"Barlaamus","kind":"settlement","start_year":500,"end_year":1500,"importance":"city"}},{"type":"Feature","geometry":{"type":"Point","coordinates":[6.2682,44.2634]},"properties":{"id":"set_barles_500","name":"Barles","kind":"settlement","start_year":500,"end_year":1500,"importance":"city"}},{"type":"Feature","geometry":{"type":"Point","coordinates":[20.9716,38.7093]},"properties":{"id":"set_barnako_500","name":"Barnako","kind":"settlement","start_year":500,"end_year":1500,"importance":"city"}},{"type":"Feature","geometry":{"type":"Point","coordinates":[33.793,25.0692]},"properties":{"id":"set_barramiya_500","name":"Barramiya","kind":"settlement","start_year":500,"end_year":1500,"importance":"city"}},{"type":"Feature","geometry":{"type":"Point","coordinates":[-1.3279,39.7419]},"properties":{"id":"set_barranca_de_s_filomena_500","name":"Barranca de S. Filomena","kind":"settlement","start_year":500,"end_year":1500,"importance":"city"}},{"type":"Feature","geometry":{"type":"Point","coordinates":[0.8752,44.4279]},"properties":{"id":"set_barrington_atlas_feature_labeled_103_500","name":"Barrington Atlas feature labeled 103","kind":"settlement","start_year":500,"end_year":1500,"importance":"city"}},{"type":"Feature","geometry":{"type":"Point","coordinates":[0.0514,44.2554]},"properties":{"id":"set_barrington_atlas_feature_labeled_108_500","name":"Barrington Atlas feature labeled 108","kind":"settlement","start_year":500,"end_year":1500,"importance":"city"}},{"type":"Feature","geometry":{"type":"Point","coordinates":[0.2047,45.0154]},"properties":{"id":"set_barrington_atlas_feature_labeled_113_500","name":"Barrington Atlas feature labeled 113","kind":"settlement","start_year":500,"end_year":1500,"importance":"city"}},{"type":"Feature","geometry":{"type":"Point","coordinates":[0.3831,44.8422]},"properties":{"id":"set_barrington_atlas_feature_labeled_116_500","name":"Barrington Atlas feature labeled 116","kind":"settlement","start_year":500,"end_year":1500,"importance":"city"}},{"type":"Feature","geometry":{"type":"Point","coordinates":[-0.1904,44.9972]},"properties":{"id":"set_barrington_atlas_feature_labeled_120_500","name":"Barrington Atlas feature labeled 120","kind":"settlement","start_year":500,"end_year":1500,"importance":"city"}},{"type":"Feature","geometry":{"type":"Point","coordinates":[-0.3223,44.8571]},"properties":{"id":"set_barrington_atlas_feature_labeled_127_500","name":"Barrington Atlas feature labeled 127","kind":"settlement","start_year":500,"end_year":1500,"importance":"city"}},{"type":"Feature","geometry":{"type":"Point","coordinates":[0.2581,47.1661]},"properties":{"id":"set_barrington_atlas_feature_labeled_12_500","name":"Barrington Atlas feature labeled 12","kind":"settlement","start_year":500,"end_year":1500,"importance":"city"}},{"type":"Feature","geometry":{"type":"Point","coordinates":[-0.1632,44.7375]},"properties":{"id":"set_barrington_atlas_feature_labeled_135_500","name":"Barrington Atlas feature labeled 135","kind":"settlement","start_year":500,"end_year":1500,"importance":"city"}},{"type":"Feature","geometry":{"type":"Point","coordinates":[0.001,44.5451]},"properties":{"id":"set_barrington_atlas_feature_labeled_139_500","name":"Barrington Atlas feature labeled 139","kind":"settlement","start_year":500,"end_year":1500,"importance":"city"}},{"type":"Feature","geometry":{"type":"Point","coordinates":[-0.35,44.65]},"properties":{"id":"set_barrington_atlas_feature_labeled_143_500","name":"Barrington Atlas feature labeled 143","kind":"settlement","start_year":500,"end_year":1500,"importance":"city"}},{"type":"Feature","geometry":{"type":"Point","coordinates":[0.4877,47.3788]},"properties":{"id":"set_barrington_atlas_feature_labeled_14_500","name":"Barrington Atlas feature labeled 14","kind":"settlement","start_year":500,"end_year":1500,"importance":"city"}},{"type":"Feature","geometry":{"type":"Point","coordinates":[1.084,47.3135]},"properties":{"id":"set_barrington_atlas_feature_labeled_21_500","name":"Barrington Atlas feature labeled 21","kind":"settlement","start_year":500,"end_year":1500,"importance":"city"}},{"type":"Feature","geometry":{"type":"Point","coordinates":[1.0832,47.6511]},"properties":{"id":"set_barrington_atlas_feature_labeled_24_500","name":"Barrington Atlas feature labeled 24","kind":"settlement","start_year":500,"end_year":1500,"importance":"city"}},{"type":"Feature","geometry":{"type":"Point","coordinates":[1.5648,47.7224]},"properties":{"id":"set_barrington_atlas_feature_labeled_29_500","name":"Barrington Atlas feature labeled 29","kind":"settlement","start_year":500,"end_year":1500,"importance":"city"}},{"type":"Feature","geometry":{"type":"Point","coordinates":[2.4062,46.1195]},"properties":{"id":"set_barrington_atlas_feature_labeled_36_500","name":"Barrington Atlas feature labeled 36","kind":"settlement","start_year":500,"end_year":1500,"importance":"city"}},{"type":"Feature","geometry":{"type":"Point","coordinates":[1.9718,46.1085]},"properties":{"id":"set_barrington_atlas_feature_labeled_39_500","name":"Barrington Atlas feature labeled 39","kind":"settlement","start_year":500,"end_year":1500,"importance":"city"}},{"type":"Feature","geometry":{"type":"Point","coordinates":[1.6328,46.1752]},"properties":{"id":"set_barrington_atlas_feature_labeled_40_500","name":"Barrington Atlas feature labeled 40","kind":"settlement","start_year":500,"end_year":1500,"importance":"city"}},{"type":"Feature","geometry":{"type":"Point","coordinates":[1.335,46.1256]},"properties":{"id":"set_barrington_atlas_feature_labeled_41_500","name":"Barrington Atlas feature labeled 41","kind":"settlement","start_year":500,"end_year":1500,"importance":"city"}},{"type":"Feature","geometry":{"type":"Point","coordinates":[1.1518,46.2029]},"properties":{"id":"set_barrington_atlas_feature_labeled_42_500","name":"Barrington Atlas feature labeled 42","kind":"settlement","start_year":500,"end_year":1500,"importance":"city"}},{"type":"Feature","geometry":{"type":"Point","coordinates":[-0.8291,46.0361]},"properties":{"id":"set_barrington_atlas_feature_labeled_46_500","name":"Barrington Atlas feature labeled 46","kind":"settlement","start_year":500,"end_year":1500,"importance":"city"}},{"type":"Feature","geometry":{"type":"Point","coordinates":[-0.3221,46.3411]},"properties":{"id":"set_barrington_atlas_feature_labeled_47_500","name":"Barrington Atlas feature labeled 47","kind":"settlement","start_year":500,"end_year":1500,"importance":"city"}},{"type":"Feature","geometry":{"type":"Point","coordinates":[-1.6739,46.9012]},"properties":{"id":"set_barrington_atlas_feature_labeled_48_500","name":"Barrington Atlas feature labeled 48","kind":"settlement","start_year":500,"end_year":1500,"importance":"city"}},{"type":"Feature","geometry":{"type":"Point","coordinates":[-1.1622,46.1438]},"properties":{"id":"set_barrington_atlas_feature_labeled_49_500","name":"Barrington Atlas feature labeled 49","kind":"settlement","start_year":500,"end_year":1500,"importance":"city"}},{"type":"Feature","geometry":{"type":"Point","coordinates":[-0.4845,45.024]},"properties":{"id":"set_barrington_atlas_feature_labeled_54_500","name":"Barrington Atlas feature labeled 54","kind":"settlement","start_year":500,"end_year":1500,"importance":"city"}},{"type":"Feature","geometry":{"type":"Point","coordinates":[-0.8351,45.327]},"properties":{"id":"set_barrington_atlas_feature_labeled_55_500","name":"Barrington Atlas feature labeled 55","kind":"settlement","start_year":500,"end_year":1500,"importance":"city"}},{"type":"Feature","geometry":{"type":"Point","coordinates":[-0.2739,45.3861]},"properties":{"id":"set_barrington_atlas_feature_labeled_57_500","name":"Barrington Atlas feature labeled 57","kind":"settlement","start_year":500,"end_year":1500,"importance":"city"}},{"type":"Feature","geometry":{"type":"Point","coordinates":[-0.2988,45.7128]},"properties":{"id":"set_barrington_atlas_feature_labeled_62_500","name":"Barrington Atlas feature labeled 62","kind":"settlement","start_year":500,"end_year":1500,"importance":"city"}},{"type":"Feature","geometry":{"type":"Point","coordinates":[0.331,45.6031]},"properties":{"id":"set_barrington_atlas_feature_labeled_67_500","name":"Barrington Atlas feature labeled 67","kind":"settlement","start_year":500,"end_year":1500,"importance":"city"}},{"type":"Feature","geometry":{"type":"Point","coordinates":[0.4193,45.248]},"properties":{"id":"set_barrington_atlas_feature_labeled_69_500","name":"Barrington Atlas feature labeled 69","kind":"settlement","start_year":500,"end_year":1500,"importance":"city"}},{"type":"Feature","geometry":{"type":"Point","coordinates":[0.5861,45.5063]},"properties":{"id":"set_barrington_atlas_feature_labeled_70_500","name":"Barrington Atlas feature labeled 70","kind":"settlement","start_year":500,"end_year":1500,"importance":"city"}},{"type":"Feature","geometry":{"type":"Point","coordinates":[0.475,45.6949]},"properties":{"id":"set_barrington_atlas_feature_labeled_73_500","name":"Barrington Atlas feature labeled 73","kind":"settlement","start_year":500,"end_year":1500,"importance":"city"}},{"type":"Feature","geometry":{"type":"Point","coordinates":[1.581,45.624]},"properties":{"id":"set_barrington_atlas_feature_labeled_81_500","name":"Barrington Atlas feature labeled 81","kind":"settlement","start_year":500,"end_year":1500,"importance":"city"}},{"type":"Feature","geometry":{"type":"Point","coordinates":[1.0881,45.0113]},"properties":{"id":"set_barrington_atlas_feature_labeled_83_500","name":"Barrington Atlas feature labeled 83","kind":"settlement","start_year":500,"end_year":1500,"importance":"city"}},{"type":"Feature","geometry":{"type":"Point","coordinates":[1.4226,45.0932]},"properties":{"id":"set_barrington_atlas_feature_labeled_85_500","name":"Barrington Atlas feature labeled 85","kind":"settlement","start_year":500,"end_year":1500,"importance":"city"}},{"type":"Feature","geometry":{"type":"Point","coordinates":[2.1061,45.4292]},"properties":{"id":"set_barrington_atlas_feature_labeled_88_500","name":"Barrington Atlas feature labeled 88","kind":"settlement","start_year":500,"end_year":1500,"importance":"city"}},{"type":"Feature","geometry":{"type":"Point","coordinates":[2.1424,45.1298]},"properties":{"id":"set_barrington_atlas_feature_labeled_89_500","name":"Barrington Atlas feature labeled 89","kind":"settlement","start_year":500,"end_year":1500,"importance":"city"}},{"type":"Feature","geometry":{"type":"Point","coordinates":[-1.2062,47.3391]},"properties":{"id":"set_barrington_atlas_feature_labeled_8_500","name":"Barrington Atlas feature labeled 8","kind":"settlement","start_year":500,"end_year":1500,"importance":"city"}},{"type":"Feature","geometry":{"type":"Point","coordinates":[2.1952,45.9682]},"properties":{"id":"set_barrington_atlas_feature_labeled_93_500","name":"Barrington Atlas feature labeled 93","kind":"settlement","start_year":500,"end_year":1500,"importance":"city"}},{"type":"Feature","geometry":{"type":"Point","coordinates":[2.3361,44.5384]},"properties":{"id":"set_barrington_atlas_feature_labeled_95_500","name":"Barrington Atlas feature labeled 95","kind":"settlement","start_year":500,"end_year":1500,"importance":"city"}},{"type":"Feature","geometry":{"type":"Point","coordinates":[-0.6082,47.2694]},"properties":{"id":"set_barrington_atlas_feature_labeled_9_500","name":"Barrington Atlas feature labeled 9","kind":"settlement","start_year":500,"end_year":1500,"importance":"city"}},{"type":"Feature","geometry":{"type":"Point","coordinates":[73.2105,61.2518]},"properties":{"id":"set_barsova_gora_500","name":"Barsova Gora","kind":"settlement","start_year":500,"end_year":1500,"importance":"city"}},{"type":"Feature","geometry":{"type":"Point","coordinates":[72.9831,21.7008]},"properties":{"id":"set_barygaza_500","name":"Barygaza","kind":"settlement","start_year":500,"end_year":1500,"importance":"city"}},{"type":"Feature","geometry":{"type":"Point","coordinates":[28.512,54.2243]},"properties":{"id":"set_barysaw_1102","name":"Barysaw","kind":"settlement","start_year":1102,"end_year":1500,"importance":"city"}},{"type":"Feature","geometry":{"type":"Point","coordinates":[-0.8785,45.5353]},"properties":{"id":"set_barzan_gallo_roman_site_500","name":"Barzan (Gallo-Roman Site)","kind":"settlement","start_year":500,"end_year":1500,"importance":"city"}},{"type":"Feature","geometry":{"type":"Point","coordinates":[20.8083,40.6216]},"properties":{"id":"set_bar_500","name":"Barç","kind":"settlement","start_year":500,"end_year":1500,"importance":"city"}},{"type":"Feature","geometry":{"type":"Point","coordinates":[22.4157,39.6411]},"properties":{"id":"set_basilica_of_st_achillios_500","name":"Basilica of St. Achillios","kind":"settlement","start_year":500,"end_year":1500,"importance":"city"}},{"type":"Feature","geometry":{"type":"Point","coordinates":[4.1218,46.4498]},"properties":{"id":"set_basilica_of_the_sacred_heart_paray_le_monial_500","name":"Basilica of the Sacred Heart (Paray-le-Monial)","kind":"settlement","start_year":500,"end_year":1500,"importance":"city"}},{"type":"Feature","geometry":{"type":"Point","coordinates":[47.783,30.508]},"properties":{"id":"set_basra","name":"Basra","kind":"settlement","start_year":636,"end_year":1500,"importance":"city"}},{"type":"Feature","geometry":{"type":"Point","coordinates":[47.8206,30.5032]},"properties":{"id":"set_basra_500","name":"[Basra]","kind":"settlement","start_year":500,"end_year":1500,"importance":"city"}},{"type":"Feature","geometry":{"type":"Point","coordinates":[1.6709,44.0445]},"properties":{"id":"set_bassiacum_500","name":"Bassiacum","kind":"settlement","start_year":500,"end_year":1500,"importance":"city"}},{"type":"Feature","geometry":{"type":"Point","coordinates":[44.9465,38.8862]},"properties":{"id":"set_bastam_500","name":"Bastam","kind":"settlement","start_year":500,"end_year":1500,"importance":"city"}},{"type":"Feature","geometry":{"type":"Point","coordinates":[41.6614,41.6433]},"properties":{"id":"set_bathys_limen_portus_altus_500","name":"Bathys Limen/Portus Altus","kind":"settlement","start_year":500,"end_year":1500,"importance":"city"}},{"type":"Feature","geometry":{"type":"Point","coordinates":[-2.3597,51.3814]},"properties":{"id":"set_bath_43","name":"Bath","kind":"settlement","start_year":43,"end_year":1500,"importance":"city"}},{"type":"Feature","geometry":{"type":"Point","coordinates":[-3.4485,51.1695]},"properties":{"id":"set_bat_s_castle_500","name":"Bat's Castle","kind":"settlement","start_year":500,"end_year":1500,"importance":"city"}},{"type":"Feature","geometry":{"type":"Point","coordinates":[66.6167,27.8]},"properties":{"id":"set_bauterna_500","name":"Bauterna","kind":"settlement","start_year":500,"end_year":1500,"importance":"city"}},{"type":"Feature","geometry":{"type":"Point","coordinates":[43.4198,36.7606]},"properties":{"id":"set_bavian_khinnis_500","name":"Bavian/Khinnis","kind":"settlement","start_year":500,"end_year":1500,"importance":"city"}},{"type":"Feature","geometry":{"type":"Point","coordinates":[0.7955,51.3425]},"properties":{"id":"set_bax_farm_teynham_500","name":"Bax Farm, Teynham","kind":"settlement","start_year":500,"end_year":1500,"importance":"city"}},{"type":"Feature","geometry":{"type":"Point","coordinates":[72.2128,34.6813]},"properties":{"id":"set_bazira_500","name":"Bazira","kind":"settlement","start_year":500,"end_year":1500,"importance":"city"}},{"type":"Feature","geometry":{"type":"Point","coordinates":[44.2558,39.9373]},"properties":{"id":"set_ba_bulak_500","name":"Başbulak","kind":"settlement","start_year":500,"end_year":1500,"importance":"city"}},{"type":"Feature","geometry":{"type":"Point","coordinates":[39.2812,37.355]},"properties":{"id":"set_ba_b_k_500","name":"Başbük","kind":"settlement","start_year":500,"end_year":1500,"importance":"city"}},{"type":"Feature","geometry":{"type":"Point","coordinates":[39.9001,39.0035]},"properties":{"id":"set_ba_in_500","name":"Bağin","kind":"settlement","start_year":500,"end_year":1500,"importance":"city"}},{"type":"Feature","geometry":{"type":"Point","coordinates":[44.0181,38.0445]},"properties":{"id":"set_ba_kale_500","name":"Başkale","kind":"settlement","start_year":500,"end_year":1500,"importance":"city"}},{"type":"Feature","geometry":{"type":"Point","coordinates":[0.0599,38.6468]},"properties":{"id":"set_ba_os_de_la_reina_500","name":"Baños de la Reina","kind":"settlement","start_year":500,"end_year":1500,"importance":"city"}},{"type":"Feature","geometry":{"type":"Point","coordinates":[36.5686,35.6697]},"properties":{"id":"set_ba_uda_500","name":"Ba’uda","kind":"settlement","start_year":500,"end_year":1500,"importance":"city"}},{"type":"Feature","geometry":{"type":"Point","coordinates":[-1.0283,54.2488]},"properties":{"id":"set_beadlam_500","name":"Beadlam","kind":"settlement","start_year":500,"end_year":1500,"importance":"city"}},{"type":"Feature","geometry":{"type":"Point","coordinates":[3.816,45.2795]},"properties":{"id":"set_beaune_sur_arzon_500","name":"Beaune-sur-Arzon","kind":"settlement","start_year":500,"end_year":1500,"importance":"city"}},{"type":"Feature","geometry":{"type":"Point","coordinates":[3.7379,49.3933]},"properties":{"id":"set_beaurieux_500","name":"Beaurieux","kind":"settlement","start_year":500,"end_year":1500,"importance":"city"}},{"type":"Feature","geometry":{"type":"Point","coordinates":[12.4777,47.9348]},"properties":{"id":"set_bedaium_500","name":"*Bedaium","kind":"settlement","start_year":500,"end_year":1500,"importance":"city"}},{"type":"Feature","geometry":{"type":"Point","coordinates":[6.5235,49.9744]},"properties":{"id":"set_beda_500","name":"Beda","kind":"settlement","start_year":500,"end_year":1500,"importance":"city"}},{"type":"Feature","geometry":{"type":"Point","coordinates":[0.0513,50.8518]},"properties":{"id":"set_beddingham_500","name":"Beddingham","kind":"settlement","start_year":500,"end_year":1500,"importance":"city"}},{"type":"Feature","geometry":{"type":"Point","coordinates":[10.4423,45.1295]},"properties":{"id":"set_bedriacum_500","name":"Bedriacum","kind":"settlement","start_year":500,"end_year":1500,"importance":"city"}},{"type":"Feature","geometry":{"type":"Point","coordinates":[34.8408,31.2452]},"properties":{"id":"set_beer_sheva_berosaba_500","name":"Beer Sheva/Berosaba","kind":"settlement","start_year":500,"end_year":1500,"importance":"city"}},{"type":"Feature","geometry":{"type":"Point","coordinates":[35.5112,33.8986]},"properties":{"id":"set_beirut_500","name":"Beirut","kind":"settlement","start_year":500,"end_year":1500,"importance":"city"}},{"type":"Feature","geometry":{"type":"Point","coordinates":[-9.2445,38.7932]},"properties":{"id":"set_belas_dam_500","name":"Belas dam","kind":"settlement","start_year":500,"end_year":1500,"importance":"city"}},{"type":"Feature","geometry":{"type":"Point","coordinates":[-2.7877,42.8423]},"properties":{"id":"set_bele_g_ia_veleia_500","name":"Bele(g)ia/Veleia","kind":"settlement","start_year":500,"end_year":1500,"importance":"city"}},{"type":"Feature","geometry":{"type":"Point","coordinates":[6.7874,50.6239]},"properties":{"id":"set_belgica_500","name":"Belgica","kind":"settlement","start_year":500,"end_year":1500,"importance":"city"}},{"type":"Feature","geometry":{"type":"Point","coordinates":[7.1649,49.8558]},"properties":{"id":"set_belginum_500","name":"Belginum","kind":"settlement","start_year":500,"end_year":1500,"importance":"city"}},{"type":"Feature","geometry":{"type":"Point","coordinates":[13.5397,43.0914]},"properties":{"id":"set_belmonte_piceno_500","name":"Belmonte Piceno","kind":"settlement","start_year":500,"end_year":1500,"importance":"city"}},{"type":"Feature","geometry":{"type":"Point","coordinates":[34.7667,64.5167]},"properties":{"id":"set_belomorsk_1419","name":"Belomorsk","kind":"settlement","start_year":1419,"end_year":1500,"importance":"city"}},{"type":"Feature","geometry":{"type":"Point","coordinates":[15.0331,37.1377]},"properties":{"id":"set_belverde_necropoli_della_cavetta_500","name":"Belverde Necropoli della Cavetta","kind":"settlement","start_year":500,"end_year":1500,"importance":"city"}},{"type":"Feature","geometry":{"type":"Point","coordinates":[32.9333,55.8333]},"properties":{"id":"set_bely_1350","name":"Bely","kind":"settlement","start_year":1350,"end_year":1500,"importance":"city"}},{"type":"Feature","geometry":{"type":"Point","coordinates":[-7.1128,42.1792]},"properties":{"id":"set_bembibre_500","name":"Bembibre","kind":"settlement","start_year":500,"end_year":1500,"importance":"city"}},{"type":"Feature","geometry":{"type":"Point","coordinates":[-4.5309,36.5883]},"properties":{"id":"set_benalroma_500","name":"Benalroma","kind":"settlement","start_year":500,"end_year":1500,"importance":"city"}},{"type":"Feature","geometry":{"type":"Point","coordinates":[-0.4962,38.3414]},"properties":{"id":"set_benal_a_500","name":"Benalúa","kind":"settlement","start_year":500,"end_year":1500,"importance":"city"}},{"type":"Feature","geometry":{"type":"Point","coordinates":[29.4833,46.8333]},"properties":{"id":"set_bender_1408","name":"Bender","kind":"settlement","start_year":1408,"end_year":1500,"importance":"city"}},{"type":"Feature","geometry":{"type":"Point","coordinates":[-0.1314,38.5342]},"properties":{"id":"set_benidorm_1325","name":"Benidorm","kind":"settlement","start_year":1325,"end_year":1500,"importance":"city"}},{"type":"Feature","geometry":{"type":"Point","coordinates":[35.4748,23.9106]},"properties":{"id":"set_berenice_berenike_500","name":"Berenice/Berenike","kind":"settlement","start_year":500,"end_year":1500,"importance":"city"}},{"type":"Feature","geometry":{"type":"Point","coordinates":[35.1411,21.9502]},"properties":{"id":"set_berenice_panchrysos_500","name":"Berenice Panchrysos","kind":"settlement","start_year":500,"end_year":1500,"importance":"city"}},{"type":"Feature","geometry":{"type":"Point","coordinates":[5.322,60.391]},"properties":{"id":"set_bergen","name":"Bergen","kind":"settlement","start_year":1070,"end_year":1500,"importance":"city"}},{"type":"Feature","geometry":{"type":"Point","coordinates":[9.6699,45.6949]},"properties":{"id":"set_bergomum_500","name":"Bergomum","kind":"settlement","start_year":500,"end_year":1500,"importance":"city"}},{"type":"Feature","geometry":{"type":"Point","coordinates":[-2.459,51.691]},"properties":{"id":"set_berkeley_800","name":"Berkeley","kind":"settlement","start_year":800,"end_year":1500,"importance":"city"}},{"type":"Feature","geometry":{"type":"Point","coordinates":[27.4714,48.5683]},"properties":{"id":"set_bernashivka_500","name":"Bernashivka","kind":"settlement","start_year":500,"end_year":1500,"importance":"city"}},{"type":"Feature","geometry":{"type":"Point","coordinates":[7.4474,46.948]},"properties":{"id":"set_bern_1191","name":"Bern","kind":"settlement","start_year":1191,"end_year":1500,"importance":"city"}},{"type":"Feature","geometry":{"type":"Point","coordinates":[22.2015,40.5221]},"properties":{"id":"set_ber_r_oia_500","name":"Ber(r)oia","kind":"settlement","start_year":500,"end_year":1500,"importance":"city"}},{"type":"Feature","geometry":{"type":"Point","coordinates":[45.6457,35.3768]},"properties":{"id":"set_bestansur_500","name":"Bestansur","kind":"settlement","start_year":500,"end_year":1500,"importance":"city"}},{"type":"Feature","geometry":{"type":"Point","coordinates":[34.891,31.6143]},"properties":{"id":"set_beth_govrin_eleutheropolis_500","name":"Beth Govrin/Eleutheropolis","kind":"settlement","start_year":500,"end_year":1500,"importance":"city"}},{"type":"Feature","geometry":{"type":"Point","coordinates":[34.5652,31.0299]},"properties":{"id":"set_betomolachon_500","name":"Betomolachon?","kind":"settlement","start_year":500,"end_year":1500,"importance":"city"}},{"type":"Feature","geometry":{"type":"Point","coordinates":[0.4711,50.8417]},"properties":{"id":"set_bexhill_on_sea_772","name":"Bexhill-on-Sea","kind":"settlement","start_year":772,"end_year":1500,"importance":"city"}},{"type":"Feature","geometry":{"type":"Point","coordinates":[42.0659,37.4023]},"properties":{"id":"set_bezabde_zabdaion_chorion_500","name":"Bezabde/Zabdaion Chorion","kind":"settlement","start_year":500,"end_year":1500,"importance":"city"}},{"type":"Feature","geometry":{"type":"Point","coordinates":[11.8173,43.6955]},"properties":{"id":"set_bibbiena_500","name":"Bibbiena","kind":"settlement","start_year":500,"end_year":1500,"importance":"city"}},{"type":"Feature","geometry":{"type":"Point","coordinates":[0.982,41.3774]},"properties":{"id":"set_biclaro_500","name":"Biclaro?","kind":"settlement","start_year":500,"end_year":1500,"importance":"city"}},{"type":"Feature","geometry":{"type":"Point","coordinates":[38.213,36.9863]},"properties":{"id":"set_bicum_500","name":"Bicum","kind":"settlement","start_year":500,"end_year":1500,"importance":"city"}},{"type":"Feature","geometry":{"type":"Point","coordinates":[8.5333,52.0167]},"properties":{"id":"set_bielefeld_1214","name":"Bielefeld","kind":"settlement","start_year":1214,"end_year":1500,"importance":"city"}},{"type":"Feature","geometry":{"type":"Point","coordinates":[19.8898,52.9611]},"properties":{"id":"set_bie_u_1406","name":"Bieżuń","kind":"settlement","start_year":1406,"end_year":1500,"importance":"city"}},{"type":"Feature","geometry":{"type":"Point","coordinates":[-2.9334,43.2604]},"properties":{"id":"set_bilbao_city_1300","name":"Bilbao City","kind":"settlement","start_year":1300,"end_year":1500,"importance":"city"}},{"type":"Feature","geometry":{"type":"Point","coordinates":[34.6675,50.0836]},"properties":{"id":"set_bilske_horodyshche_500","name":"Bilske Horodyshche","kind":"settlement","start_year":500,"end_year":1500,"importance":"city"}},{"type":"Feature","geometry":{"type":"Point","coordinates":[33.1674,37.4385]},"properties":{"id":"set_binbirkilise_500","name":"Binbirkilise","kind":"settlement","start_year":500,"end_year":1500,"importance":"city"}},{"type":"Feature","geometry":{"type":"Point","coordinates":[-1.9025,52.48]},"properties":{"id":"set_birmingham_601","name":"Birmingham","kind":"settlement","start_year":601,"end_year":1500,"importance":"city"}},{"type":"Feature","geometry":{"type":"Point","coordinates":[33.5429,28.2975]},"properties":{"id":"set_bir_abu_swera_500","name":"Bir Abu Swera","kind":"settlement","start_year":500,"end_year":1500,"importance":"city"}},{"type":"Feature","geometry":{"type":"Point","coordinates":[12.9795,32.4266]},"properties":{"id":"set_bir_cuca_500","name":"Bir Cuca","kind":"settlement","start_year":500,"end_year":1500,"importance":"city"}},{"type":"Feature","geometry":{"type":"Point","coordinates":[13.3203,32.0511]},"properties":{"id":"set_bir_el_uaar_500","name":"Bir el-Uaar","kind":"settlement","start_year":500,"end_year":1500,"importance":"city"}},{"type":"Feature","geometry":{"type":"Point","coordinates":[13.45,31.2833]},"properties":{"id":"set_bir_esc_scedeua_500","name":"Bir esc-Scedeua","kind":"settlement","start_year":500,"end_year":1500,"importance":"city"}},{"type":"Feature","geometry":{"type":"Point","coordinates":[16.3555,31.1614]},"properties":{"id":"set_bir_esc_sciueref_500","name":"Bir esc-Sciueref","kind":"settlement","start_year":500,"end_year":1500,"importance":"city"}},{"type":"Feature","geometry":{"type":"Point","coordinates":[9.1666,34.1501]},"properties":{"id":"set_bir_oum_ali_500","name":"Bir-Oum-Ali","kind":"settlement","start_year":500,"end_year":1500,"importance":"city"}},{"type":"Feature","geometry":{"type":"Point","coordinates":[24.0333,54.6]},"properties":{"id":"set_bir_tonas_1382","name":"Birštonas","kind":"settlement","start_year":1382,"end_year":1500,"importance":"city"}},{"type":"Feature","geometry":{"type":"Point","coordinates":[27.508,40.9784]},"properties":{"id":"set_bisanthe_rhaidestos_500","name":"Bisanthe/Rhaidestos","kind":"settlement","start_year":500,"end_year":1500,"importance":"city"}},{"type":"Feature","geometry":{"type":"Point","coordinates":[-0.6462,45.102]},"properties":{"id":"set_blacciacum_500","name":"Blacciacum","kind":"settlement","start_year":500,"end_year":1500,"importance":"city"}},{"type":"Feature","geometry":{"type":"Point","coordinates":[1.7289,43.8266]},"properties":{"id":"set_blacinaco_500","name":"Blacinaco?","kind":"settlement","start_year":500,"end_year":1500,"importance":"city"}},{"type":"Feature","geometry":{"type":"Point","coordinates":[15.7786,39.9293]},"properties":{"id":"set_blanda_500","name":"Blanda","kind":"settlement","start_year":500,"end_year":1500,"importance":"city"}},{"type":"Feature","geometry":{"type":"Point","coordinates":[16.6429,40.7438]},"properties":{"id":"set_blera_500","name":"Blera?","kind":"settlement","start_year":500,"end_year":1500,"importance":"city"}},{"type":"Feature","geometry":{"type":"Point","coordinates":[-2.7129,51.8142]},"properties":{"id":"set_blestium_500","name":"Blestium","kind":"settlement","start_year":500,"end_year":1500,"importance":"city"}},{"type":"Feature","geometry":{"type":"Point","coordinates":[32.4979,40.2177]},"properties":{"id":"set_bloukion_500","name":"Bloukion","kind":"settlement","start_year":500,"end_year":1500,"importance":"city"}},{"type":"Feature","geometry":{"type":"Point","coordinates":[9.3863,44.7693]},"properties":{"id":"set_bobium_500","name":"Bobium","kind":"settlement","start_year":500,"end_year":1500,"importance":"city"}},{"type":"Feature","geometry":{"type":"Point","coordinates":[20.9447,49.7086]},"properties":{"id":"set_bobowa_1339","name":"Bobowa","kind":"settlement","start_year":1339,"end_year":1500,"importance":"city"}},{"type":"Feature","geometry":{"type":"Point","coordinates":[3.0796,39.9112]},"properties":{"id":"set_bocchori_500","name":"*Bocchori","kind":"settlement","start_year":500,"end_year":1500,"importance":"city"}},{"type":"Feature","geometry":{"type":"Point","coordinates":[84.9879,24.6992]},"properties":{"id":"set_bodhgaya_500","name":"Bodhgaya","kind":"settlement","start_year":500,"end_year":1500,"importance":"city"}},{"type":"Feature","geometry":{"type":"Point","coordinates":[-5.4681,43.461]},"properties":{"id":"set_boides_500","name":"Boides","kind":"settlement","start_year":500,"end_year":1500,"importance":"city"}},{"type":"Feature","geometry":{"type":"Point","coordinates":[21.7435,37.798]},"properties":{"id":"set_boinoa_oinoe_500","name":"Boinoa/Oinoe","kind":"settlement","start_year":500,"end_year":1500,"importance":"city"}},{"type":"Feature","geometry":{"type":"Point","coordinates":[1.2877,45.4627]},"properties":{"id":"set_boin_villa_500","name":"Boin villa","kind":"settlement","start_year":500,"end_year":1500,"importance":"city"}},{"type":"Feature","geometry":{"type":"Point","coordinates":[13.4633,48.5723]},"properties":{"id":"set_boiodurum_boiotro_500","name":"Boiodurum/Boiotro","kind":"settlement","start_year":500,"end_year":1500,"importance":"city"}},{"type":"Feature","geometry":{"type":"Point","coordinates":[4.1389,43.8962]},"properties":{"id":"set_bois_des_lens_quarries_500","name":"Bois des Lens Quarries","kind":"settlement","start_year":500,"end_year":1500,"importance":"city"}},{"type":"Feature","geometry":{"type":"Point","coordinates":[11.0685,44.6771]},"properties":{"id":"set_boi_i_500","name":"Boi(i)","kind":"settlement","start_year":500,"end_year":1500,"importance":"city"}},{"type":"Feature","geometry":{"type":"Point","coordinates":[49.0555,54.9799]},"properties":{"id":"set_bolgar_500","name":"Bolgar","kind":"settlement","start_year":500,"end_year":1500,"importance":"city"}},{"type":"Feature","geometry":{"type":"Point","coordinates":[11.343,44.494]},"properties":{"id":"set_bologna","name":"Bologna","kind":"settlement","start_year":500,"end_year":1500,"importance":"city"}},{"type":"Feature","geometry":{"type":"Point","coordinates":[49.0333,54.9667]},"properties":{"id":"set_bol_ar_900","name":"Bolğar","kind":"settlement","start_year":900,"end_year":1500,"importance":"city"}},{"type":"Feature","geometry":{"type":"Point","coordinates":[90.7731,53.8942]},"properties":{"id":"set_bol_sho_salbykski_kurgan_500","name":"Bolʹshoĭ Salbykskiĭ kurgan","kind":"settlement","start_year":500,"end_year":1500,"importance":"city"}},{"type":"Feature","geometry":{"type":"Point","coordinates":[-3.4474,51.4617]},"properties":{"id":"set_bomio_500","name":"‘Bomio’","kind":"settlement","start_year":500,"end_year":1500,"importance":"city"}},{"type":"Feature","geometry":{"type":"Point","coordinates":[41.8325,37.5295]},"properties":{"id":"set_boncuklu_tarla_500","name":"Boncuklu Tarla","kind":"settlement","start_year":500,"end_year":1500,"importance":"city"}},{"type":"Feature","geometry":{"type":"Point","coordinates":[-0.578,44.838]},"properties":{"id":"set_bordeaux","name":"Bordeaux","kind":"settlement","start_year":500,"end_year":1500,"importance":"town"}},{"type":"Feature","geometry":{"type":"Point","coordinates":[36.4833,55.2]},"properties":{"id":"set_borovsk_1358","name":"Borovsk","kind":"settlement","start_year":1358,"end_year":1500,"importance":"city"}},{"type":"Feature","geometry":{"type":"Point","coordinates":[44.3434,32.3924]},"properties":{"id":"set_borsippa_burs_500","name":"Borsippa/Burs","kind":"settlement","start_year":500,"end_year":1500,"importance":"city"}},{"type":"Feature","geometry":{"type":"Point","coordinates":[31.9059,46.6924]},"properties":{"id":"set_borysthenes_olbia_500","name":"Borysthenes/Olbia","kind":"settlement","start_year":500,"end_year":1500,"importance":"city"}},{"type":"Feature","geometry":{"type":"Point","coordinates":[44.0592,56.3603]},"properties":{"id":"set_bor_1400","name":"Bor","kind":"settlement","start_year":1400,"end_year":1500,"importance":"city"}},{"type":"Feature","geometry":{"type":"Point","coordinates":[11.3848,45.8541]},"properties":{"id":"set_bostel_500","name":"Bostel","kind":"settlement","start_year":500,"end_year":1500,"importance":"city"}},{"type":"Feature","geometry":{"type":"Point","coordinates":[6.9938,50.7597]},"properties":{"id":"set_botzdorf_roman_villa_500","name":"Botzdorf Roman villa","kind":"settlement","start_year":500,"end_year":1500,"importance":"city"}},{"type":"Feature","geometry":{"type":"Point","coordinates":[31.5111,30.5724]},"properties":{"id":"set_boubastis_500","name":"Boubastis","kind":"settlement","start_year":500,"end_year":1500,"importance":"city"}},{"type":"Feature","geometry":{"type":"Point","coordinates":[29.4078,36.9683]},"properties":{"id":"set_boubon_500","name":"Boubon","kind":"settlement","start_year":500,"end_year":1500,"importance":"city"}},{"type":"Feature","geometry":{"type":"Point","coordinates":[-6.4,32.76]},"properties":{"id":"set_boujad_1008","name":"Boujad","kind":"settlement","start_year":1008,"end_year":1500,"importance":"city"}},{"type":"Feature","geometry":{"type":"Point","coordinates":[73.4474,32.6889]},"properties":{"id":"set_boukephala_500","name":"Boukephala","kind":"settlement","start_year":500,"end_year":1500,"importance":"city"}},{"type":"Feature","geometry":{"type":"Point","coordinates":[23.1276,37.8293]},"properties":{"id":"set_boukephalos_500","name":"Boukephalos","kind":"settlement","start_year":500,"end_year":1500,"importance":"city"}},{"type":"Feature","geometry":{"type":"Point","coordinates":[-1.758,51.8848]},"properties":{"id":"set_bourton_on_the_water_500","name":"Bourton-on-the-Water","kind":"settlement","start_year":500,"end_year":1500,"importance":"city"}},{"type":"Feature","geometry":{"type":"Point","coordinates":[20.0208,39.7458]},"properties":{"id":"set_bouthroton_500","name":"Bouthroton","kind":"settlement","start_year":500,"end_year":1500,"importance":"city"}},{"type":"Feature","geometry":{"type":"Point","coordinates":[30.7431,31.1957]},"properties":{"id":"set_bouto_500","name":"Bouto","kind":"settlement","start_year":500,"end_year":1500,"importance":"city"}},{"type":"Feature","geometry":{"type":"Point","coordinates":[35.0096,38.7623]},"properties":{"id":"set_bozca_500","name":"Bozca","kind":"settlement","start_year":500,"end_year":1500,"importance":"city"}},{"type":"Feature","geometry":{"type":"Point","coordinates":[44.1026,39.6711]},"properties":{"id":"set_bozkurt_500","name":"Bozkurt","kind":"settlement","start_year":500,"end_year":1500,"importance":"city"}},{"type":"Feature","geometry":{"type":"Point","coordinates":[25.7016,35.0374]},"properties":{"id":"set_bramiana_500","name":"Bramiana","kind":"settlement","start_year":500,"end_year":1500,"importance":"city"}},{"type":"Feature","geometry":{"type":"Point","coordinates":[-8.0602,37.5117]},"properties":{"id":"set_brancanes_500","name":"Brancanes","kind":"settlement","start_year":500,"end_year":1500,"importance":"city"}},{"type":"Feature","geometry":{"type":"Point","coordinates":[-2.8745,52.3612]},"properties":{"id":"set_branogenium_500","name":"Branogenium","kind":"settlement","start_year":500,"end_year":1500,"importance":"city"}},{"type":"Feature","geometry":{"type":"Point","coordinates":[11.3802,48.0666]},"properties":{"id":"set_bratananium_500","name":"Bratananium","kind":"settlement","start_year":500,"end_year":1500,"importance":"city"}},{"type":"Feature","geometry":{"type":"Point","coordinates":[17.1128,48.1447]},"properties":{"id":"set_bratislava_907","name":"Bratislava","kind":"settlement","start_year":907,"end_year":1500,"importance":"city"}},{"type":"Feature","geometry":{"type":"Point","coordinates":[33.8948,46.8759]},"properties":{"id":"set_bratolyubovskii_kurgan_500","name":"Bratolyubovskii Kurgan","kind":"settlement","start_year":500,"end_year":1500,"importance":"city"}},{"type":"Feature","geometry":{"type":"Point","coordinates":[0.0271,51.9064]},"properties":{"id":"set_braughing_500","name":"Braughing","kind":"settlement","start_year":500,"end_year":1500,"importance":"city"}},{"type":"Feature","geometry":{"type":"Point","coordinates":[13.0333,48.2583]},"properties":{"id":"set_braunau_am_inn_810","name":"Braunau am Inn","kind":"settlement","start_year":810,"end_year":1500,"importance":"city"}},{"type":"Feature","geometry":{"type":"Point","coordinates":[-2.5622,54.6242]},"properties":{"id":"set_brav_o_niacum_500","name":"Brav(o)niacum","kind":"settlement","start_year":500,"end_year":1500,"importance":"city"}},{"type":"Feature","geometry":{"type":"Point","coordinates":[25.6106,45.6522]},"properties":{"id":"set_bra_ov_1234","name":"Brașov","kind":"settlement","start_year":1234,"end_year":1500,"importance":"city"}},{"type":"Feature","geometry":{"type":"Point","coordinates":[-2.5323,53.812]},"properties":{"id":"set_bremetennacum_veteranorum_500","name":"Bremetennacum Veteranorum","kind":"settlement","start_year":500,"end_year":1500,"importance":"city"}},{"type":"Feature","geometry":{"type":"Point","coordinates":[23.6569,52.0847]},"properties":{"id":"set_brest_1017","name":"Brest","kind":"settlement","start_year":1017,"end_year":1500,"importance":"city"}},{"type":"Feature","geometry":{"type":"Point","coordinates":[19.6381,48.8036]},"properties":{"id":"set_brezno_1265","name":"Brezno","kind":"settlement","start_year":1265,"end_year":1500,"importance":"city"}},{"type":"Feature","geometry":{"type":"Point","coordinates":[-2.4195,52.535]},"properties":{"id":"set_bridgnorth_1101","name":"Bridgnorth","kind":"settlement","start_year":1101,"end_year":1500,"importance":"city"}},{"type":"Feature","geometry":{"type":"Point","coordinates":[18.1695,47.7352]},"properties":{"id":"set_brigetio_500","name":"Brigetio","kind":"settlement","start_year":500,"end_year":1500,"importance":"city"}},{"type":"Feature","geometry":{"type":"Point","coordinates":[-2.5975,51.4536]},"properties":{"id":"set_bristol_1155","name":"Bristol","kind":"settlement","start_year":1155,"end_year":1500,"importance":"city"}},{"type":"Feature","geometry":{"type":"Point","coordinates":[-3.6367,40.9937]},"properties":{"id":"set_brittablo_500","name":"Brittablo","kind":"settlement","start_year":500,"end_year":1500,"importance":"city"}},{"type":"Feature","geometry":{"type":"Point","coordinates":[10.5153,44.9003]},"properties":{"id":"set_brixellum_500","name":"Brixellum","kind":"settlement","start_year":500,"end_year":1500,"importance":"city"}},{"type":"Feature","geometry":{"type":"Point","coordinates":[16.6083,49.1953]},"properties":{"id":"set_brno_1243","name":"Brno","kind":"settlement","start_year":1243,"end_year":1500,"importance":"city"}},{"type":"Feature","geometry":{"type":"Point","coordinates":[16.5033,39.8645]},"properties":{"id":"set_broglio_di_trebisacce_500","name":"Broglio di Trebisacce","kind":"settlement","start_year":500,"end_year":1500,"importance":"city"}},{"type":"Feature","geometry":{"type":"Point","coordinates":[38.2631,55.422]},"properties":{"id":"set_bronnitsy_1453","name":"Bronnitsy","kind":"settlement","start_year":1453,"end_year":1500,"importance":"city"}},{"type":"Feature","geometry":{"type":"Point","coordinates":[11.9316,36.8079]},"properties":{"id":"set_bronze_age_cemetery_at_mursia_500","name":"Bronze Age Cemetery at Mursia","kind":"settlement","start_year":500,"end_year":1500,"importance":"city"}},{"type":"Feature","geometry":{"type":"Point","coordinates":[-6.684,38.3502]},"properties":{"id":"set_brovales_500","name":"Brovales","kind":"settlement","start_year":500,"end_year":1500,"importance":"city"}},{"type":"Feature","geometry":{"type":"Point","coordinates":[-6.8811,52.8375]},"properties":{"id":"set_brownshill_dolmen_500","name":"Brownshill Dolmen","kind":"settlement","start_year":500,"end_year":1500,"importance":"city"}},{"type":"Feature","geometry":{"type":"Point","coordinates":[19.6289,42.9449]},"properties":{"id":"set_brskovo_500","name":"Brskovo","kind":"settlement","start_year":500,"end_year":1500,"importance":"city"}},{"type":"Feature","geometry":{"type":"Point","coordinates":[3.224,51.209]},"properties":{"id":"set_bruges","name":"Bruges","kind":"settlement","start_year":1000,"end_year":1500,"importance":"city"}},{"type":"Feature","geometry":{"type":"Point","coordinates":[17.9429,40.6387]},"properties":{"id":"set_brundisium_brentesion_500","name":"Brundisium/Brentesion","kind":"settlement","start_year":500,"end_year":1500,"importance":"city"}},{"type":"Feature","geometry":{"type":"Point","coordinates":[10.5211,52.2692]},"properties":{"id":"set_brunswick_861","name":"Brunswick","kind":"settlement","start_year":861,"end_year":1500,"importance":"city"}},{"type":"Feature","geometry":{"type":"Point","coordinates":[-6.6175,52.9629]},"properties":{"id":"set_brusselstown_ring_500","name":"Brusselstown Ring","kind":"settlement","start_year":500,"end_year":1500,"importance":"city"}},{"type":"Feature","geometry":{"type":"Point","coordinates":[4.3525,50.8467]},"properties":{"id":"set_brussels_976","name":"Brussels","kind":"settlement","start_year":976,"end_year":1500,"importance":"city"}},{"type":"Feature","geometry":{"type":"Point","coordinates":[-5.8004,38.9741]},"properties":{"id":"set_brutobriga_500","name":"Brutobriga","kind":"settlement","start_year":500,"end_year":1500,"importance":"city"}},{"type":"Feature","geometry":{"type":"Point","coordinates":[34.3667,53.2425]},"properties":{"id":"set_bryansk_985","name":"Bryansk","kind":"settlement","start_year":985,"end_year":1500,"importance":"city"}},{"type":"Feature","geometry":{"type":"Point","coordinates":[28.8827,40.3756]},"properties":{"id":"set_brylleion_myrleia_apamea_col_iulia_concordia_500","name":"Brylleion/Myrleia/Apamea/Col. Iulia Concordia","kind":"settlement","start_year":500,"end_year":1500,"importance":"city"}},{"type":"Feature","geometry":{"type":"Point","coordinates":[20.6069,49.9678]},"properties":{"id":"set_brzesko_1385","name":"Brzesko","kind":"settlement","start_year":1385,"end_year":1500,"importance":"city"}},{"type":"Feature","geometry":{"type":"Point","coordinates":[22.0194,49.6953]},"properties":{"id":"set_brzoz_w_1359","name":"Brzozów","kind":"settlement","start_year":1359,"end_year":1500,"importance":"city"}},{"type":"Feature","geometry":{"type":"Point","coordinates":[6.9,50.8333]},"properties":{"id":"set_br_hl_1285","name":"Brühl","kind":"settlement","start_year":1285,"end_year":1500,"importance":"city"}},{"type":"Feature","geometry":{"type":"Point","coordinates":[27.9575,45.2692]},"properties":{"id":"set_br_ila_1368","name":"Brăila","kind":"settlement","start_year":1368,"end_year":1500,"importance":"city"}},{"type":"Feature","geometry":{"type":"Point","coordinates":[26.0978,44.4134]},"properties":{"id":"set_bucharest_1459","name":"Bucharest","kind":"settlement","start_year":1459,"end_year":1500,"importance":"city"}},{"type":"Feature","geometry":{"type":"Point","coordinates":[8.2985,50.2534]},"properties":{"id":"set_bucinobantes_500","name":"Bucinobantes","kind":"settlement","start_year":500,"end_year":1500,"importance":"city"}},{"type":"Feature","geometry":{"type":"Point","coordinates":[19.04,47.498]},"properties":{"id":"set_buda","name":"Buda","kind":"settlement","start_year":1265,"end_year":1500,"importance":"capital"}},{"type":"Feature","geometry":{"type":"Point","coordinates":[12.8317,37.5976]},"properties":{"id":"set_buffa_necropolis_500","name":"Buffa necropolis","kind":"settlement","start_year":500,"end_year":1500,"importance":"city"}},{"type":"Feature","geometry":{"type":"Point","coordinates":[64.421,39.768]},"properties":{"id":"set_bukhara","name":"Bukhara","kind":"settlement","start_year":500,"end_year":1220,"importance":"capital"}},{"type":"Feature","geometry":{"type":"Point","coordinates":[3.0282,47.2435]},"properties":{"id":"set_bulcy_500","name":"Bulcy","kind":"settlement","start_year":500,"end_year":1500,"importance":"city"}},{"type":"Feature","geometry":{"type":"Point","coordinates":[32.7559,38.9539]},"properties":{"id":"set_bulduk_500","name":"Bulduk","kind":"settlement","start_year":500,"end_year":1500,"importance":"city"}},{"type":"Feature","geometry":{"type":"Point","coordinates":[34.6155,37.4493]},"properties":{"id":"set_bulgar_maden_500","name":"Bulgar Maden","kind":"settlement","start_year":500,"end_year":1500,"importance":"city"}},{"type":"Feature","geometry":{"type":"Point","coordinates":[8.7545,36.5588]},"properties":{"id":"set_bulla_regia_500","name":"Bulla Regia","kind":"settlement","start_year":500,"end_year":1500,"importance":"city"}},{"type":"Feature","geometry":{"type":"Point","coordinates":[-3.697,42.3439]},"properties":{"id":"set_burgos_500","name":"Burgos","kind":"settlement","start_year":500,"end_year":1500,"importance":"city"}},{"type":"Feature","geometry":{"type":"Point","coordinates":[109.0342,48.7365]},"properties":{"id":"set_burkhan_khaldun_500","name":"Burkhan Khaldun","kind":"settlement","start_year":500,"end_year":1500,"importance":"city"}},{"type":"Feature","geometry":{"type":"Point","coordinates":[39.5387,38.9656]},"properties":{"id":"set_burmage_it_tomb_500","name":"Burmageçit tomb","kind":"settlement","start_year":500,"end_year":1500,"importance":"city"}},{"type":"Feature","geometry":{"type":"Point","coordinates":[16.0256,44.0189]},"properties":{"id":"set_burnum_500","name":"Burnum","kind":"settlement","start_year":500,"end_year":1500,"importance":"city"}},{"type":"Feature","geometry":{"type":"Point","coordinates":[11.9633,46.7539]},"properties":{"id":"set_burrus_river_500","name":"Burrus (river)","kind":"settlement","start_year":500,"end_year":1500,"importance":"city"}},{"type":"Feature","geometry":{"type":"Point","coordinates":[29.0805,40.1913]},"properties":{"id":"set_bursa_202","name":"Bursa","kind":"settlement","start_year":202,"end_year":1500,"importance":"city"}},{"type":"Feature","geometry":{"type":"Point","coordinates":[27.0334,38.6891]},"properties":{"id":"set_buruncuk_500","name":"Buruncuk","kind":"settlement","start_year":500,"end_year":1500,"importance":"city"}},{"type":"Feature","geometry":{"type":"Point","coordinates":[50.8463,28.9139]},"properties":{"id":"set_bushahr_antiocheia_in_persis_500","name":"[Bushahr]/Antiocheia in Persis","kind":"settlement","start_year":500,"end_year":1500,"importance":"city"}},{"type":"Feature","geometry":{"type":"Point","coordinates":[2.4251,43.7044]},"properties":{"id":"set_buxio_500","name":"Buxio","kind":"settlement","start_year":500,"end_year":1500,"importance":"city"}},{"type":"Feature","geometry":{"type":"Point","coordinates":[26.8167,45.1517]},"properties":{"id":"set_buz_u_1431","name":"Buzău","kind":"settlement","start_year":1431,"end_year":1500,"importance":"city"}},{"type":"Feature","geometry":{"type":"Point","coordinates":[22.1336,43.6832]},"properties":{"id":"set_bu_je_500","name":"Bučje","kind":"settlement","start_year":500,"end_year":1500,"importance":"city"}},{"type":"Feature","geometry":{"type":"Point","coordinates":[2.6994,39.6966]},"properties":{"id":"set_bu_ola_500","name":"Buñola","kind":"settlement","start_year":500,"end_year":1500,"importance":"city"}},{"type":"Feature","geometry":{"type":"Point","coordinates":[18,53.1167]},"properties":{"id":"set_bydgoszcz_1038","name":"Bydgoszcz","kind":"settlement","start_year":1038,"end_year":1500,"importance":"city"}},{"type":"Feature","geometry":{"type":"Point","coordinates":[21.9123,41.8469]},"properties":{"id":"set_bylazora_500","name":"Bylazora","kind":"settlement","start_year":500,"end_year":1500,"importance":"city"}},{"type":"Feature","geometry":{"type":"Point","coordinates":[18.5581,49.2228]},"properties":{"id":"set_byt_a_1234","name":"Bytča","kind":"settlement","start_year":1234,"end_year":1500,"importance":"city"}},{"type":"Feature","geometry":{"type":"Point","coordinates":[9.3594,36.5242]},"properties":{"id":"set_byzantine_fortress_at_thignica_500","name":"Byzantine fortress at Thignica","kind":"settlement","start_year":500,"end_year":1500,"importance":"city"}},{"type":"Feature","geometry":{"type":"Point","coordinates":[-5.7745,36.0898]},"properties":{"id":"set_b_a_elo_500","name":"B(a)elo","kind":"settlement","start_year":500,"end_year":1500,"importance":"city"}},{"type":"Feature","geometry":{"type":"Point","coordinates":[48.5,30.5]},"properties":{"id":"set_b_d_n_500","name":"Ābādān","kind":"settlement","start_year":500,"end_year":1500,"importance":"city"}},{"type":"Feature","geometry":{"type":"Point","coordinates":[33.4277,39.5838]},"properties":{"id":"set_b_kl_kale_500","name":"Büklükale","kind":"settlement","start_year":500,"end_year":1500,"importance":"city"}},{"type":"Feature","geometry":{"type":"Point","coordinates":[18.2581,48.7186]},"properties":{"id":"set_b_novce_nad_bebravou_1232","name":"Bánovce nad Bebravou","kind":"settlement","start_year":1232,"end_year":1500,"importance":"city"}},{"type":"Feature","geometry":{"type":"Point","coordinates":[35.8527,38.8456]},"properties":{"id":"set_b_nyan_500","name":"Bünyan","kind":"settlement","start_year":500,"end_year":1500,"importance":"city"}},{"type":"Feature","geometry":{"type":"Point","coordinates":[32.25,31.25]},"properties":{"id":"set_b_r_sa_d_500","name":"Būr Saʿīd","kind":"settlement","start_year":500,"end_year":1500,"importance":"city"}},{"type":"Feature","geometry":{"type":"Point","coordinates":[11.9833,53.85]},"properties":{"id":"set_b_tzow_1201","name":"Bützow","kind":"settlement","start_year":1201,"end_year":1500,"importance":"city"}},{"type":"Feature","geometry":{"type":"Point","coordinates":[42.9415,36.6891]},"properties":{"id":"set_b_t_adad_er_ba_500","name":"Bīt-Adad-erība","kind":"settlement","start_year":500,"end_year":1500,"importance":"city"}},{"type":"Feature","geometry":{"type":"Point","coordinates":[36.1409,38.9759]},"properties":{"id":"set_b_t_puruta_kingdom_500","name":"Bīt-Purutaš (kingdom)","kind":"settlement","start_year":500,"end_year":1500,"importance":"city"}},{"type":"Feature","geometry":{"type":"Point","coordinates":[45.2083,41.3898]},"properties":{"id":"set_b_y_k_k_sik_500","name":"Böyük Kəsik","kind":"settlement","start_year":500,"end_year":1500,"importance":"city"}},{"type":"Feature","geometry":{"type":"Point","coordinates":[-6.7568,41.2476]},"properties":{"id":"set_cabe_o_de_mua_500","name":"Cabeço de Mua","kind":"settlement","start_year":500,"end_year":1500,"importance":"city"}},{"type":"Feature","geometry":{"type":"Point","coordinates":[-8.4641,40.637]},"properties":{"id":"set_cabe_o_do_vouga_500","name":"Cabeço do Vouga","kind":"settlement","start_year":500,"end_year":1500,"importance":"city"}},{"type":"Feature","geometry":{"type":"Point","coordinates":[2.3381,41.5094]},"properties":{"id":"set_cadira_del_bisbe_500","name":"Cadira del Bisbe","kind":"settlement","start_year":500,"end_year":1500,"importance":"city"}},{"type":"Feature","geometry":{"type":"Point","coordinates":[-3.4313,52.5172]},"properties":{"id":"set_caersws_500","name":"Caersws","kind":"settlement","start_year":500,"end_year":1500,"importance":"city"}},{"type":"Feature","geometry":{"type":"Point","coordinates":[12.2418,44.1351]},"properties":{"id":"set_caesena_500","name":"Caesena","kind":"settlement","start_year":500,"end_year":1500,"importance":"city"}},{"type":"Feature","geometry":{"type":"Point","coordinates":[38.75,38.4166]},"properties":{"id":"set_cafer_h_y_k_500","name":"Cafer Höyük","kind":"settlement","start_year":500,"end_year":1500,"importance":"city"}},{"type":"Feature","geometry":{"type":"Point","coordinates":[31.236,30.044]},"properties":{"id":"set_cairo","name":"Cairo","kind":"settlement","start_year":969,"end_year":1500,"importance":"megacity"}},{"type":"Feature","geometry":{"type":"Point","coordinates":[1.7194,52.6501]},"properties":{"id":"set_caister_on_sea_500","name":"Caister-on-Sea","kind":"settlement","start_year":500,"end_year":1500,"importance":"city"}},{"type":"Feature","geometry":{"type":"Point","coordinates":[-0.3153,53.4971]},"properties":{"id":"set_caistor_500","name":"Caistor","kind":"settlement","start_year":500,"end_year":1500,"importance":"city"}},{"type":"Feature","geometry":{"type":"Point","coordinates":[14.4408,38.0245]},"properties":{"id":"set_calacte_500","name":"Calacte","kind":"settlement","start_year":500,"end_year":1500,"importance":"city"}},{"type":"Feature","geometry":{"type":"Point","coordinates":[-8.0334,38.7672]},"properties":{"id":"set_calanta_500","name":"*Calanta","kind":"settlement","start_year":500,"end_year":1500,"importance":"city"}},{"type":"Feature","geometry":{"type":"Point","coordinates":[-1.6447,41.3543]},"properties":{"id":"set_calatayud_1120","name":"Calatayud","kind":"settlement","start_year":1120,"end_year":1500,"importance":"city"}},{"type":"Feature","geometry":{"type":"Point","coordinates":[11.0968,42.2572]},"properties":{"id":"set_cala_maestra_500","name":"Cala Maestra","kind":"settlement","start_year":500,"end_year":1500,"importance":"city"}},{"type":"Feature","geometry":{"type":"Point","coordinates":[-8.2426,43.4598]},"properties":{"id":"set_caldoval_500","name":"Caldoval","kind":"settlement","start_year":500,"end_year":1500,"importance":"city"}},{"type":"Feature","geometry":{"type":"Point","coordinates":[-3.8929,57.0522]},"properties":{"id":"set_caledonia_region_500","name":"Caledonia (region)","kind":"settlement","start_year":500,"end_year":1500,"importance":"city"}},{"type":"Feature","geometry":{"type":"Point","coordinates":[14.1321,41.2]},"properties":{"id":"set_cales_campania_500","name":"Cales (Campania)","kind":"settlement","start_year":500,"end_year":1500,"importance":"city"}},{"type":"Feature","geometry":{"type":"Point","coordinates":[11.4693,42.6608]},"properties":{"id":"set_caletranus_ager_500","name":"Caletranus Ager","kind":"settlement","start_year":500,"end_year":1500,"importance":"city"}},{"type":"Feature","geometry":{"type":"Point","coordinates":[-8.6102,41.15]},"properties":{"id":"set_cale_500","name":"Cale","kind":"settlement","start_year":500,"end_year":1500,"importance":"city"}},{"type":"Feature","geometry":{"type":"Point","coordinates":[75.782,11.259]},"properties":{"id":"set_calicut_city","name":"Calicut","kind":"settlement","start_year":1300,"end_year":1500,"importance":"city"}},{"type":"Feature","geometry":{"type":"Point","coordinates":[-8.2395,42.1281]},"properties":{"id":"set_callaeci_bracari_500","name":"Callaeci Bracari","kind":"settlement","start_year":500,"end_year":1500,"importance":"city"}},{"type":"Feature","geometry":{"type":"Point","coordinates":[-1.0824,51.3572]},"properties":{"id":"set_calleva_500","name":"Calleva","kind":"settlement","start_year":500,"end_year":1500,"importance":"city"}},{"type":"Feature","geometry":{"type":"Point","coordinates":[14.1509,41.4003]},"properties":{"id":"set_callifae_500","name":"Callifae?","kind":"settlement","start_year":500,"end_year":1500,"importance":"city"}},{"type":"Feature","geometry":{"type":"Point","coordinates":[14.4483,36.8719]},"properties":{"id":"set_camarina_500","name":"Camarina","kind":"settlement","start_year":500,"end_year":1500,"importance":"city"}},{"type":"Feature","geometry":{"type":"Point","coordinates":[0.121,52.205]},"properties":{"id":"set_cambridge","name":"Cambridge","kind":"settlement","start_year":1209,"end_year":1500,"importance":"town"}},{"type":"Feature","geometry":{"type":"Point","coordinates":[13.0688,43.1404]},"properties":{"id":"set_camerinum_500","name":"Camerinum","kind":"settlement","start_year":500,"end_year":1500,"importance":"city"}},{"type":"Feature","geometry":{"type":"Point","coordinates":[-2.1509,38.8841]},"properties":{"id":"set_camino_viejo_de_las_sepulturas_500","name":"Camino Viejo de las Sepulturas","kind":"settlement","start_year":500,"end_year":1500,"importance":"city"}},{"type":"Feature","geometry":{"type":"Point","coordinates":[-6.8117,37.556]},"properties":{"id":"set_campanario_500","name":"Campanario","kind":"settlement","start_year":500,"end_year":1500,"importance":"city"}},{"type":"Feature","geometry":{"type":"Point","coordinates":[6.94,48.3268]},"properties":{"id":"set_camp_celtique_de_la_bure_500","name":"Camp celtique de la Bure","kind":"settlement","start_year":500,"end_year":1500,"importance":"city"}},{"type":"Feature","geometry":{"type":"Point","coordinates":[4.6538,44.1198]},"properties":{"id":"set_camp_de_c_sar_500","name":"Camp de César","kind":"settlement","start_year":500,"end_year":1500,"importance":"city"}},{"type":"Feature","geometry":{"type":"Point","coordinates":[5.7771,43.2113]},"properties":{"id":"set_camp_de_la_figui_re_500","name":"Camp de la Figuière","kind":"settlement","start_year":500,"end_year":1500,"importance":"city"}},{"type":"Feature","geometry":{"type":"Point","coordinates":[35.6548,33.2479]},"properties":{"id":"set_canaanite_gate_500","name":"Canaanite Gate","kind":"settlement","start_year":500,"end_year":1500,"importance":"city"}},{"type":"Feature","geometry":{"type":"Point","coordinates":[36.6184,32.7542]},"properties":{"id":"set_canatha_gabinia_septimia_500","name":"Canatha/*Gabinia/*Septimia","kind":"settlement","start_year":500,"end_year":1500,"importance":"city"}},{"type":"Feature","geometry":{"type":"Point","coordinates":[12.1178,42.7153]},"properties":{"id":"set_canicella_necropolis_500","name":"Canicella necropolis","kind":"settlement","start_year":500,"end_year":1500,"importance":"city"}},{"type":"Feature","geometry":{"type":"Point","coordinates":[13.8244,37.974]},"properties":{"id":"set_canne_masche_500","name":"Canne Masche","kind":"settlement","start_year":500,"end_year":1500,"importance":"city"}},{"type":"Feature","geometry":{"type":"Point","coordinates":[30.0581,31.3134]},"properties":{"id":"set_canopus_500","name":"Canopus","kind":"settlement","start_year":500,"end_year":1500,"importance":"city"}},{"type":"Feature","geometry":{"type":"Point","coordinates":[-3.8617,38.0223]},"properties":{"id":"set_cantigi_500","name":"Cantigi","kind":"settlement","start_year":500,"end_year":1500,"importance":"city"}},{"type":"Feature","geometry":{"type":"Point","coordinates":[3.0816,45.8204]},"properties":{"id":"set_cantobennum_mon_500","name":"Cantobennum, Mon.","kind":"settlement","start_year":500,"end_year":1500,"importance":"city"}},{"type":"Feature","geometry":{"type":"Point","coordinates":[16.0656,41.2214]},"properties":{"id":"set_canusium_500","name":"Canusium","kind":"settlement","start_year":500,"end_year":1500,"importance":"city"}},{"type":"Feature","geometry":{"type":"Point","coordinates":[-6.1013,40.1667]},"properties":{"id":"set_capera_500","name":"Capera","kind":"settlement","start_year":500,"end_year":1500,"importance":"city"}},{"type":"Feature","geometry":{"type":"Point","coordinates":[14.4786,37.8484]},"properties":{"id":"set_capitium_500","name":"Capitium","kind":"settlement","start_year":500,"end_year":1500,"importance":"city"}},{"type":"Feature","geometry":{"type":"Point","coordinates":[10.9963,45.4439]},"properties":{"id":"set_capitolium_of_verona_500","name":"Capitolium of Verona","kind":"settlement","start_year":500,"end_year":1500,"importance":"city"}},{"type":"Feature","geometry":{"type":"Point","coordinates":[13.1464,41.8309]},"properties":{"id":"set_capitulum_hernicum_500","name":"Capitulum Hernicum","kind":"settlement","start_year":500,"end_year":1500,"importance":"city"}},{"type":"Feature","geometry":{"type":"Point","coordinates":[14.5883,38.5569]},"properties":{"id":"set_capo_graziano_500","name":"Capo Graziano","kind":"settlement","start_year":500,"end_year":1500,"importance":"city"}},{"type":"Feature","geometry":{"type":"Point","coordinates":[3.3471,43.5683]},"properties":{"id":"set_capraria_500","name":"Capraria","kind":"settlement","start_year":500,"end_year":1500,"importance":"city"}},{"type":"Feature","geometry":{"type":"Point","coordinates":[8.7855,34.4205]},"properties":{"id":"set_capsa_iustiniana_500","name":"Capsa (Iustiniana)","kind":"settlement","start_year":500,"end_year":1500,"importance":"city"}},{"type":"Feature","geometry":{"type":"Point","coordinates":[14.2502,41.0861]},"properties":{"id":"set_capua_500","name":"Capua","kind":"settlement","start_year":500,"end_year":1500,"importance":"city"}},{"type":"Feature","geometry":{"type":"Point","coordinates":[2.8234,36.1245]},"properties":{"id":"set_caput_cilani_500","name":"Caput Cilani?","kind":"settlement","start_year":500,"end_year":1500,"importance":"city"}},{"type":"Feature","geometry":{"type":"Point","coordinates":[-2.7671,38.968]},"properties":{"id":"set_caput_fluminis_anae_500","name":"Caput fluminis Anae","kind":"settlement","start_year":500,"end_year":1500,"importance":"city"}},{"type":"Feature","geometry":{"type":"Point","coordinates":[9.1095,39.2149]},"properties":{"id":"set_caralis_500","name":"Caralis","kind":"settlement","start_year":500,"end_year":1500,"importance":"city"}},{"type":"Feature","geometry":{"type":"Point","coordinates":[8.4798,45.1829]},"properties":{"id":"set_carbantia_ad_medias_500","name":"Carbantia/Ad Medias","kind":"settlement","start_year":500,"end_year":1500,"importance":"city"}},{"type":"Feature","geometry":{"type":"Point","coordinates":[2.3641,43.2058]},"properties":{"id":"set_carcas_s_o_col_iulia_500","name":"Carcas(s)o/Col. Iulia","kind":"settlement","start_year":500,"end_year":1500,"importance":"city"}},{"type":"Feature","geometry":{"type":"Point","coordinates":[-3.1792,51.4817]},"properties":{"id":"set_cardiff_1081","name":"Cardiff","kind":"settlement","start_year":1081,"end_year":1500,"importance":"city"}},{"type":"Feature","geometry":{"type":"Point","coordinates":[-3.1813,51.4823]},"properties":{"id":"set_cardiff_castle_500","name":"Cardiff Castle","kind":"settlement","start_year":500,"end_year":1500,"importance":"city"}},{"type":"Feature","geometry":{"type":"Point","coordinates":[-1.3384,40.8435]},"properties":{"id":"set_caridad_de_caminreal_500","name":"Caridad de Caminreal","kind":"settlement","start_year":500,"end_year":1500,"importance":"city"}},{"type":"Feature","geometry":{"type":"Point","coordinates":[-5.6465,37.4703]},"properties":{"id":"set_carmo_500","name":"Carmo","kind":"settlement","start_year":500,"end_year":1500,"importance":"city"}},{"type":"Feature","geometry":{"type":"Point","coordinates":[-3.2824,56.3458]},"properties":{"id":"set_carpow_500","name":"Carpow","kind":"settlement","start_year":500,"end_year":1500,"importance":"city"}},{"type":"Feature","geometry":{"type":"Point","coordinates":[-3.9565,40.1879]},"properties":{"id":"set_carranque_500","name":"Carranque","kind":"settlement","start_year":500,"end_year":1500,"importance":"city"}},{"type":"Feature","geometry":{"type":"Point","coordinates":[-1.6265,53.0776]},"properties":{"id":"set_carsington_500","name":"Carsington","kind":"settlement","start_year":500,"end_year":1500,"importance":"city"}},{"type":"Feature","geometry":{"type":"Point","coordinates":[13.0655,42.089]},"properties":{"id":"set_carsioli_500","name":"Carsioli","kind":"settlement","start_year":500,"end_year":1500,"importance":"city"}},{"type":"Feature","geometry":{"type":"Point","coordinates":[-0.9833,37.6]},"properties":{"id":"set_cartagena_city_1245","name":"Cartagena city","kind":"settlement","start_year":1245,"end_year":1500,"importance":"city"}},{"type":"Feature","geometry":{"type":"Point","coordinates":[-5.4094,36.1852]},"properties":{"id":"set_carteia_calpe_karpessos_500","name":"Carteia/Calpe/Karpessos","kind":"settlement","start_year":500,"end_year":1500,"importance":"city"}},{"type":"Feature","geometry":{"type":"Point","coordinates":[1.3126,36.4967]},"properties":{"id":"set_cartennas_river_500","name":"Cartennas (river)","kind":"settlement","start_year":500,"end_year":1500,"importance":"city"}},{"type":"Feature","geometry":{"type":"Point","coordinates":[-0.988,37.6028]},"properties":{"id":"set_carthago_nova_col_urbs_iulia_500","name":"Carthago Nova/Col. Urbs Iulia","kind":"settlement","start_year":500,"end_year":1500,"importance":"city"}},{"type":"Feature","geometry":{"type":"Point","coordinates":[32.2042,40.4824]},"properties":{"id":"set_carus_vicus_500","name":"Carus Vicus","kind":"settlement","start_year":500,"end_year":1500,"importance":"city"}},{"type":"Feature","geometry":{"type":"Point","coordinates":[8.9077,35.432]},"properties":{"id":"set_casae_500","name":"Casae","kind":"settlement","start_year":500,"end_year":1500,"importance":"city"}},{"type":"Feature","geometry":{"type":"Point","coordinates":[14.834,37.7872]},"properties":{"id":"set_casale_di_maniace_di_bronte_500","name":"Casale di Maniace di Bronte","kind":"settlement","start_year":500,"end_year":1500,"importance":"city"}},{"type":"Feature","geometry":{"type":"Point","coordinates":[12.0806,32.9348]},"properties":{"id":"set_casas_villa_aniciorum_500","name":"Casas/Villa Aniciorum","kind":"settlement","start_year":500,"end_year":1500,"importance":"city"}},{"type":"Feature","geometry":{"type":"Point","coordinates":[12.6146,43.0696]},"properties":{"id":"set_casa_di_properzio_500","name":"Casa di Properzio","kind":"settlement","start_year":500,"end_year":1500,"importance":"city"}},{"type":"Feature","geometry":{"type":"Point","coordinates":[15.5151,40.185]},"properties":{"id":"set_caselle_in_pittari_500","name":"Caselle in Pittari","kind":"settlement","start_year":500,"end_year":1500,"importance":"city"}},{"type":"Feature","geometry":{"type":"Point","coordinates":[28.4791,44.4999]},"properties":{"id":"set_casian_500","name":"Casian","kind":"settlement","start_year":500,"end_year":1500,"importance":"city"}},{"type":"Feature","geometry":{"type":"Point","coordinates":[52.176,35.2774]},"properties":{"id":"set_caspiae_portae_500","name":"Caspiae Portae?","kind":"settlement","start_year":500,"end_year":1500,"importance":"city"}},{"type":"Feature","geometry":{"type":"Point","coordinates":[5.3508,51.7998]},"properties":{"id":"set_caspingium_500","name":"Caspingium","kind":"settlement","start_year":500,"end_year":1500,"importance":"city"}},{"type":"Feature","geometry":{"type":"Point","coordinates":[9.2448,41.5619]},"properties":{"id":"set_casteddu_di_ceccia_500","name":"Casteddu di Ceccia","kind":"settlement","start_year":500,"end_year":1500,"importance":"city"}},{"type":"Feature","geometry":{"type":"Point","coordinates":[12.8886,43.0335]},"properties":{"id":"set_castelliere_di_monte_orve_500","name":"Castelliere di Monte Orve","kind":"settlement","start_year":500,"end_year":1500,"importance":"city"}},{"type":"Feature","geometry":{"type":"Point","coordinates":[1.2849,41.9917]},"properties":{"id":"set_castellnou_de_basella_500","name":"Castellnou de Basella","kind":"settlement","start_year":500,"end_year":1500,"importance":"city"}},{"type":"Feature","geometry":{"type":"Point","coordinates":[13.3174,46.1865]},"properties":{"id":"set_castello_di_attimis_500","name":"Castello di Attimis","kind":"settlement","start_year":500,"end_year":1500,"importance":"city"}},{"type":"Feature","geometry":{"type":"Point","coordinates":[15.9528,41.7077]},"properties":{"id":"set_castello_di_monte_sant_angelo_500","name":"Castello di Monte Sant'Angelo","kind":"settlement","start_year":500,"end_year":1500,"importance":"city"}},{"type":"Feature","geometry":{"type":"Point","coordinates":[16.7984,40.9999]},"properties":{"id":"set_castello_normanno_svevo_sannicandro_di_bari_500","name":"Castello normanno-svevo (Sannicandro di Bari)","kind":"settlement","start_year":500,"end_year":1500,"importance":"city"}},{"type":"Feature","geometry":{"type":"Point","coordinates":[11.6129,44.0757]},"properties":{"id":"set_castellum_500","name":"Castellum","kind":"settlement","start_year":500,"end_year":1500,"importance":"city"}},{"type":"Feature","geometry":{"type":"Point","coordinates":[-7.7741,40.6087]},"properties":{"id":"set_castellum_araocelum_500","name":"Castellum Araocelum","kind":"settlement","start_year":500,"end_year":1500,"importance":"city"}},{"type":"Feature","geometry":{"type":"Point","coordinates":[-8.8621,43.2849]},"properties":{"id":"set_castellum_aviliobris_500","name":"Castellum Aviliobris","kind":"settlement","start_year":500,"end_year":1500,"importance":"city"}},{"type":"Feature","geometry":{"type":"Point","coordinates":[7.1712,35.9106]},"properties":{"id":"set_castellum_a_500","name":"Castellum A(...)","kind":"settlement","start_year":500,"end_year":1500,"importance":"city"}},{"type":"Feature","geometry":{"type":"Point","coordinates":[3.4984,34.1558]},"properties":{"id":"set_castellum_dimmidi_500","name":"Castellum Dimmidi","kind":"settlement","start_year":500,"end_year":1500,"importance":"city"}},{"type":"Feature","geometry":{"type":"Point","coordinates":[2.688,36.4674]},"properties":{"id":"set_castellum_elephantaria_500","name":"Castellum Elephantaria?","kind":"settlement","start_year":500,"end_year":1500,"importance":"city"}},{"type":"Feature","geometry":{"type":"Point","coordinates":[6.8326,36.2838]},"properties":{"id":"set_castellum_fabatianum_500","name":"Castellum Fabatianum?","kind":"settlement","start_year":500,"end_year":1500,"importance":"city"}},{"type":"Feature","geometry":{"type":"Point","coordinates":[13.7943,43.1837]},"properties":{"id":"set_castellum_firmanorum_500","name":"Castellum Firmanorum","kind":"settlement","start_year":500,"end_year":1500,"importance":"city"}},{"type":"Feature","geometry":{"type":"Point","coordinates":[5.2668,36.1301]},"properties":{"id":"set_castellum_gurolense_500","name":"Castellum Gurolense","kind":"settlement","start_year":500,"end_year":1500,"importance":"city"}},{"type":"Feature","geometry":{"type":"Point","coordinates":[-8.0216,42.4653]},"properties":{"id":"set_castellum_meidunium_500","name":"Castellum Meidunium","kind":"settlement","start_year":500,"end_year":1500,"importance":"city"}},{"type":"Feature","geometry":{"type":"Point","coordinates":[2.4869,50.7992]},"properties":{"id":"set_castellum_menapiorum_500","name":"Castellum Menapiorum","kind":"settlement","start_year":500,"end_year":1500,"importance":"city"}},{"type":"Feature","geometry":{"type":"Point","coordinates":[5.9459,35.4301]},"properties":{"id":"set_castellum_thib_500","name":"Castellum Thib(...)","kind":"settlement","start_year":500,"end_year":1500,"importance":"city"}},{"type":"Feature","geometry":{"type":"Point","coordinates":[-7.0656,42.6566]},"properties":{"id":"set_castellum_toletum_500","name":"Castellum Toletum","kind":"settlement","start_year":500,"end_year":1500,"importance":"city"}},{"type":"Feature","geometry":{"type":"Point","coordinates":[6.1312,36.4092]},"properties":{"id":"set_castellum_zugal_500","name":"Castellum Zugal","kind":"settlement","start_year":500,"end_year":1500,"importance":"city"}},{"type":"Feature","geometry":{"type":"Point","coordinates":[-0.0374,39.986]},"properties":{"id":"set_castell_n_de_la_plana_1251","name":"Castellón de la Plana","kind":"settlement","start_year":1251,"end_year":1500,"importance":"city"}},{"type":"Feature","geometry":{"type":"Point","coordinates":[-8.1268,37.7157]},"properties":{"id":"set_castelo_da_amendoeira_500","name":"Castelo da Amendoeira","kind":"settlement","start_year":500,"end_year":1500,"importance":"city"}},{"type":"Feature","geometry":{"type":"Point","coordinates":[-7.4019,38.3375]},"properties":{"id":"set_castelo_da_lousa_500","name":"Castelo da Lousa","kind":"settlement","start_year":500,"end_year":1500,"importance":"city"}},{"type":"Feature","geometry":{"type":"Point","coordinates":[-8.2482,37.8357]},"properties":{"id":"set_castelo_da_messejana_500","name":"Castelo da Messejana","kind":"settlement","start_year":500,"end_year":1500,"importance":"city"}},{"type":"Feature","geometry":{"type":"Point","coordinates":[16.2709,41.0848]},"properties":{"id":"set_castel_del_monte_500","name":"Castel del Monte","kind":"settlement","start_year":500,"end_year":1500,"importance":"city"}},{"type":"Feature","geometry":{"type":"Point","coordinates":[15.7331,40.8072]},"properties":{"id":"set_castel_lagopesole_500","name":"Castel Lagopesole","kind":"settlement","start_year":500,"end_year":1500,"importance":"city"}},{"type":"Feature","geometry":{"type":"Point","coordinates":[-5.0237,37.8074]},"properties":{"id":"set_castillo_de_almod_var_del_r_o_500","name":"Castillo de Almodóvar del Río","kind":"settlement","start_year":500,"end_year":1500,"importance":"city"}},{"type":"Feature","geometry":{"type":"Point","coordinates":[-4.4233,39.7528]},"properties":{"id":"set_castillo_de_montalb_n_500","name":"Castillo de Montalbán","kind":"settlement","start_year":500,"end_year":1500,"importance":"city"}},{"type":"Feature","geometry":{"type":"Point","coordinates":[-3.0456,41.7193]},"properties":{"id":"set_castillo_de_ucero_500","name":"Castillo de Ucero","kind":"settlement","start_year":500,"end_year":1500,"importance":"city"}},{"type":"Feature","geometry":{"type":"Point","coordinates":[-3.9405,55.9823]},"properties":{"id":"set_castlecary_500","name":"Castlecary","kind":"settlement","start_year":500,"end_year":1500,"importance":"city"}},{"type":"Feature","geometry":{"type":"Point","coordinates":[-4.3632,55.9246]},"properties":{"id":"set_castlehill_500","name":"Castlehill","kind":"settlement","start_year":500,"end_year":1500,"importance":"city"}},{"type":"Feature","geometry":{"type":"Point","coordinates":[0.6913,52.7033]},"properties":{"id":"set_castle_acre_castle_500","name":"Castle Acre Castle","kind":"settlement","start_year":500,"end_year":1291,"importance":"city"}},{"type":"Feature","geometry":{"type":"Point","coordinates":[-4.8938,50.4251]},"properties":{"id":"set_castle_an_dinas_500","name":"Castle an Dinas","kind":"settlement","start_year":500,"end_year":1500,"importance":"city"}},{"type":"Feature","geometry":{"type":"Point","coordinates":[-4.6678,50.3627]},"properties":{"id":"set_castle_dore_500","name":"Castle Dore","kind":"settlement","start_year":500,"end_year":1500,"importance":"city"}},{"type":"Feature","geometry":{"type":"Point","coordinates":[-3.5172,55.8172]},"properties":{"id":"set_castle_greg_500","name":"Castle Greg","kind":"settlement","start_year":500,"end_year":1500,"importance":"city"}},{"type":"Feature","geometry":{"type":"Point","coordinates":[27.1287,36.803]},"properties":{"id":"set_castle_of_antimachia_500","name":"Castle of Antimachia","kind":"settlement","start_year":500,"end_year":1500,"importance":"city"}},{"type":"Feature","geometry":{"type":"Point","coordinates":[23.3478,37.3458]},"properties":{"id":"set_castle_of_dokos_500","name":"Castle of Dokos","kind":"settlement","start_year":500,"end_year":1500,"importance":"city"}},{"type":"Feature","geometry":{"type":"Point","coordinates":[12.7747,43.9427]},"properties":{"id":"set_castle_of_gradara_500","name":"Castle of Gradara","kind":"settlement","start_year":500,"end_year":1500,"importance":"city"}},{"type":"Feature","geometry":{"type":"Point","coordinates":[-8.2904,41.4479]},"properties":{"id":"set_castle_of_guimar_es_500","name":"Castle of Guimarães","kind":"settlement","start_year":500,"end_year":1500,"importance":"city"}},{"type":"Feature","geometry":{"type":"Point","coordinates":[22.767,37.4184]},"properties":{"id":"set_castle_of_paralio_astros_500","name":"Castle of Paralio Astros","kind":"settlement","start_year":500,"end_year":1500,"importance":"city"}},{"type":"Feature","geometry":{"type":"Point","coordinates":[8.5047,40.2975]},"properties":{"id":"set_castle_of_serravalle_500","name":"Castle of Serravalle","kind":"settlement","start_year":500,"end_year":1500,"importance":"city"}},{"type":"Feature","geometry":{"type":"Point","coordinates":[-3.1997,55.9482]},"properties":{"id":"set_castle_rock_edinburgh_500","name":"Castle Rock (Edinburgh)","kind":"settlement","start_year":500,"end_year":1500,"importance":"city"}},{"type":"Feature","geometry":{"type":"Point","coordinates":[10.1185,37.0627]},"properties":{"id":"set_castra_corneli_ana_500","name":"Castra Corneli(ana)?","kind":"settlement","start_year":500,"end_year":1500,"importance":"city"}},{"type":"Feature","geometry":{"type":"Point","coordinates":[16.6104,38.8198]},"properties":{"id":"set_castra_hannibalis_500","name":"Castra Hannibalis","kind":"settlement","start_year":500,"end_year":1500,"importance":"city"}},{"type":"Feature","geometry":{"type":"Point","coordinates":[35.9812,31.3373]},"properties":{"id":"set_castra_praetorii_mobeni_500","name":"Castra Praetorii Mobeni","kind":"settlement","start_year":500,"end_year":1500,"importance":"city"}},{"type":"Feature","geometry":{"type":"Point","coordinates":[-8.3006,37.5791]},"properties":{"id":"set_castro_da_cola_500","name":"Castro da Cola","kind":"settlement","start_year":500,"end_year":1500,"importance":"city"}},{"type":"Feature","geometry":{"type":"Point","coordinates":[13.4066,41.5091]},"properties":{"id":"set_castro_dei_volsci_500","name":"Castro dei Volsci","kind":"settlement","start_year":500,"end_year":1500,"importance":"city"}},{"type":"Feature","geometry":{"type":"Point","coordinates":[-9.032,42.6947]},"properties":{"id":"set_castro_de_baro_a_500","name":"Castro de Baroña","kind":"settlement","start_year":500,"end_year":1500,"importance":"city"}},{"type":"Feature","geometry":{"type":"Point","coordinates":[-9.0589,39.1984]},"properties":{"id":"set_castro_de_pragan_a_500","name":"Castro de Pragança","kind":"settlement","start_year":500,"end_year":1500,"importance":"city"}},{"type":"Feature","geometry":{"type":"Point","coordinates":[-8.7619,41.556]},"properties":{"id":"set_castro_de_s_o_louren_o_500","name":"Castro de São Lourenço","kind":"settlement","start_year":500,"end_year":1500,"importance":"city"}},{"type":"Feature","geometry":{"type":"Point","coordinates":[-8.4902,42.2139]},"properties":{"id":"set_castro_de_tro_a_500","name":"Castro de Troña","kind":"settlement","start_year":500,"end_year":1500,"importance":"city"}},{"type":"Feature","geometry":{"type":"Point","coordinates":[-4.8838,40.5291]},"properties":{"id":"set_castro_de_ulaca_500","name":"Castro de Ulaca","kind":"settlement","start_year":500,"end_year":1500,"importance":"city"}},{"type":"Feature","geometry":{"type":"Point","coordinates":[-7.3944,43.4264]},"properties":{"id":"set_castro_de_zo_n_500","name":"Castro de Zoñán","kind":"settlement","start_year":500,"end_year":1500,"importance":"city"}},{"type":"Feature","geometry":{"type":"Point","coordinates":[-8.4494,41.3126]},"properties":{"id":"set_castro_do_monte_padr_o_500","name":"Castro do Monte Padrão","kind":"settlement","start_year":500,"end_year":1500,"importance":"city"}},{"type":"Feature","geometry":{"type":"Point","coordinates":[-9.2853,39.0745]},"properties":{"id":"set_castro_of_zambujal_500","name":"Castro of Zambujal","kind":"settlement","start_year":500,"end_year":1500,"importance":"city"}},{"type":"Feature","geometry":{"type":"Point","coordinates":[18.4282,40.0043]},"properties":{"id":"set_castrum_minervae_athenaion_limen_aphrodites_500","name":"Castrum Minervae/Athenaion/Limen Aphrodites","kind":"settlement","start_year":500,"end_year":1500,"importance":"city"}},{"type":"Feature","geometry":{"type":"Point","coordinates":[-1.6547,54.3872]},"properties":{"id":"set_cataractonium_500","name":"Cataractonium","kind":"settlement","start_year":500,"end_year":1500,"importance":"city"}},{"type":"Feature","geometry":{"type":"Point","coordinates":[105.1517,10.2547]},"properties":{"id":"set_cattigara_500","name":"Cattigara","kind":"settlement","start_year":500,"end_year":1500,"importance":"city"}},{"type":"Feature","geometry":{"type":"Point","coordinates":[28.6221,36.8253]},"properties":{"id":"set_caunus_500","name":"Caunus","kind":"settlement","start_year":500,"end_year":1500,"importance":"city"}},{"type":"Feature","geometry":{"type":"Point","coordinates":[13.0027,37.6494]},"properties":{"id":"set_cava_portella_misilbesi_500","name":"Cava Portella Misilbesi","kind":"settlement","start_year":500,"end_year":1500,"importance":"city"}},{"type":"Feature","geometry":{"type":"Point","coordinates":[-8.7294,38.1472]},"properties":{"id":"set_caveira_500","name":"Caveira","kind":"settlement","start_year":500,"end_year":1500,"importance":"city"}},{"type":"Feature","geometry":{"type":"Point","coordinates":[26.545,37.3145]},"properties":{"id":"set_cave_of_the_apocalypse_500","name":"Cave of the Apocalypse","kind":"settlement","start_year":500,"end_year":1500,"importance":"city"}},{"type":"Feature","geometry":{"type":"Point","coordinates":[-3.9875,57.5093]},"properties":{"id":"set_cawdor_500","name":"Cawdor","kind":"settlement","start_year":500,"end_year":1500,"importance":"city"}},{"type":"Feature","geometry":{"type":"Point","coordinates":[28.2646,37.0273]},"properties":{"id":"set_cedreaticum_sinus_500","name":"‘Cedreaticum’ Sinus","kind":"settlement","start_year":500,"end_year":1500,"importance":"city"}},{"type":"Feature","geometry":{"type":"Point","coordinates":[15.2641,46.2291]},"properties":{"id":"set_celje_1451","name":"Celje","kind":"settlement","start_year":1451,"end_year":1500,"importance":"city"}},{"type":"Feature","geometry":{"type":"Point","coordinates":[10.0661,34.2523]},"properties":{"id":"set_cellae_picentinae_vicus_500","name":"*Cellae Picentinae Vicus?","kind":"settlement","start_year":500,"end_year":1500,"importance":"city"}},{"type":"Feature","geometry":{"type":"Point","coordinates":[5.3195,35.6698]},"properties":{"id":"set_cellas_castellum_cellense_500","name":"Cellas/Castellum Cellense?","kind":"settlement","start_year":500,"end_year":1500,"importance":"city"}},{"type":"Feature","geometry":{"type":"Point","coordinates":[6.5887,36.8383]},"properties":{"id":"set_celtianis_500","name":"Celtianis","kind":"settlement","start_year":500,"end_year":1500,"importance":"city"}},{"type":"Feature","geometry":{"type":"Point","coordinates":[19.5938,54.0323]},"properties":{"id":"set_cemetery_cluster_krosno_po_owite_weklice_500","name":"Cemetery cluster: Krosno, Połowite, Weklice","kind":"settlement","start_year":500,"end_year":1500,"importance":"city"}},{"type":"Feature","geometry":{"type":"Point","coordinates":[11.8581,42.1953]},"properties":{"id":"set_cencelle_500","name":"Cencelle","kind":"settlement","start_year":500,"end_year":1500,"importance":"city"}},{"type":"Feature","geometry":{"type":"Point","coordinates":[5.2501,36.5666]},"properties":{"id":"set_centenarium_aqua_frigida_500","name":"Centenarium Aqua Frigida","kind":"settlement","start_year":500,"end_year":1500,"importance":"city"}},{"type":"Feature","geometry":{"type":"Point","coordinates":[16.2368,38.2081]},"properties":{"id":"set_centocamere_at_lokroi_epizephyrioi_500","name":"Centocamere at Lokroi Epizephyrioi","kind":"settlement","start_year":500,"end_year":1500,"importance":"city"}},{"type":"Feature","geometry":{"type":"Point","coordinates":[-7.3422,40.3775]},"properties":{"id":"set_centum_celas_500","name":"Centum Celas","kind":"settlement","start_year":500,"end_year":1500,"importance":"city"}},{"type":"Feature","geometry":{"type":"Point","coordinates":[21.5998,45.2735]},"properties":{"id":"set_centum_putea_500","name":"Centum Putea","kind":"settlement","start_year":500,"end_year":1500,"importance":"city"}},{"type":"Feature","geometry":{"type":"Point","coordinates":[14.74,37.6241]},"properties":{"id":"set_centuripae_500","name":"Centuripae","kind":"settlement","start_year":500,"end_year":1500,"importance":"city"}},{"type":"Feature","geometry":{"type":"Point","coordinates":[14.0256,38.0381]},"properties":{"id":"set_cephaloedium_500","name":"Cephaloedium","kind":"settlement","start_year":500,"end_year":1500,"importance":"city"}},{"type":"Feature","geometry":{"type":"Point","coordinates":[22.4503,46.0392]},"properties":{"id":"set_cerbia_1468","name":"Cerbia","kind":"settlement","start_year":1468,"end_year":1500,"importance":"city"}},{"type":"Feature","geometry":{"type":"Point","coordinates":[-4.379,41.9289]},"properties":{"id":"set_cercado_de_s_isidro_500","name":"Cercado de S. Isidro","kind":"settlement","start_year":500,"end_year":1500,"importance":"city"}},{"type":"Feature","geometry":{"type":"Point","coordinates":[13.6167,32.4667]},"properties":{"id":"set_cercar_500","name":"Cercar","kind":"settlement","start_year":500,"end_year":1500,"importance":"city"}},{"type":"Feature","geometry":{"type":"Point","coordinates":[28.0337,44.3381]},"properties":{"id":"set_cernavoda_500","name":"Cernavoda","kind":"settlement","start_year":500,"end_year":1500,"importance":"city"}},{"type":"Feature","geometry":{"type":"Point","coordinates":[-1.2629,39.9524]},"properties":{"id":"set_cerro_de_la_mina_500","name":"Cerro de la Mina","kind":"settlement","start_year":500,"end_year":1500,"importance":"city"}},{"type":"Feature","geometry":{"type":"Point","coordinates":[-4.2208,40.8146]},"properties":{"id":"set_cerro_de_los_almadenes_500","name":"Cerro de los Almadenes","kind":"settlement","start_year":500,"end_year":1500,"importance":"city"}},{"type":"Feature","geometry":{"type":"Point","coordinates":[-8.676,37.398]},"properties":{"id":"set_cerro_do_rocio_500","name":"Cerro do Rocio","kind":"settlement","start_year":500,"end_year":1500,"importance":"city"}},{"type":"Feature","geometry":{"type":"Point","coordinates":[5.8788,51.7294]},"properties":{"id":"set_ceuclum_500","name":"Ceuclum","kind":"settlement","start_year":500,"end_year":1500,"importance":"city"}},{"type":"Feature","geometry":{"type":"Point","coordinates":[13.15,31.35]},"properties":{"id":"set_chafagi_aamer_500","name":"Chafagi Aamer","kind":"settlement","start_year":500,"end_year":1500,"importance":"city"}},{"type":"Feature","geometry":{"type":"Point","coordinates":[33.2902,45.1642]},"properties":{"id":"set_chaika_500","name":"Chaika","kind":"settlement","start_year":500,"end_year":1500,"importance":"city"}},{"type":"Feature","geometry":{"type":"Point","coordinates":[22.7812,40.7042]},"properties":{"id":"set_chalastra_500","name":"Chalastra","kind":"settlement","start_year":500,"end_year":1500,"importance":"city"}},{"type":"Feature","geometry":{"type":"Point","coordinates":[29.0258,40.9834]},"properties":{"id":"set_chalcedon_500","name":"Chalcedon","kind":"settlement","start_year":500,"end_year":1500,"importance":"city"}},{"type":"Feature","geometry":{"type":"Point","coordinates":[50.9944,34.2496]},"properties":{"id":"set_chale_ghar_1_500","name":"Chale Ghar 1","kind":"settlement","start_year":500,"end_year":1500,"importance":"city"}},{"type":"Feature","geometry":{"type":"Point","coordinates":[23.5724,38.4883]},"properties":{"id":"set_chalia_500","name":"Chalia","kind":"settlement","start_year":500,"end_year":1500,"importance":"city"}},{"type":"Feature","geometry":{"type":"Point","coordinates":[27.619,36.2242]},"properties":{"id":"set_chalke_settlement_500","name":"Chalke (settlement)","kind":"settlement","start_year":500,"end_year":1500,"importance":"city"}},{"type":"Feature","geometry":{"type":"Point","coordinates":[0.2052,45.7149]},"properties":{"id":"set_champniers_500","name":"Champniers","kind":"settlement","start_year":500,"end_year":1500,"importance":"city"}},{"type":"Feature","geometry":{"type":"Point","coordinates":[79.3,19.95]},"properties":{"id":"set_chandrapur_1300","name":"Chandrapur","kind":"settlement","start_year":1300,"end_year":1500,"importance":"city"}},{"type":"Feature","geometry":{"type":"Point","coordinates":[108.94,34.341]},"properties":{"id":"set_changan","name":"Chang'an (Xi'an)","kind":"settlement","start_year":500,"end_year":907,"importance":"megacity"}},{"type":"Feature","geometry":{"type":"Point","coordinates":[-1.8489,47.7205]},"properties":{"id":"set_chapelle_sainte_agathe_500","name":"Chapelle Sainte-Agathe","kind":"settlement","start_year":500,"end_year":1500,"importance":"city"}},{"type":"Feature","geometry":{"type":"Point","coordinates":[34.1283,44.4307]},"properties":{"id":"set_charax_500","name":"Charax","kind":"settlement","start_year":500,"end_year":1500,"importance":"city"}},{"type":"Feature","geometry":{"type":"Point","coordinates":[0.7712,45.8482]},"properties":{"id":"set_chassenon_roman_baths_500","name":"Chassenon Roman baths","kind":"settlement","start_year":500,"end_year":1500,"importance":"city"}},{"type":"Feature","geometry":{"type":"Point","coordinates":[25.4588,42.362]},"properties":{"id":"set_chatalka_500","name":"Chatalka","kind":"settlement","start_year":500,"end_year":1500,"importance":"city"}},{"type":"Feature","geometry":{"type":"Point","coordinates":[36.5456,36.2977]},"properties":{"id":"set_chatal_h_y_k_amuq_500","name":"Chatal Höyük (Amuq)","kind":"settlement","start_year":500,"end_year":1500,"importance":"city"}},{"type":"Feature","geometry":{"type":"Point","coordinates":[47.25,56.1333]},"properties":{"id":"set_cheboksary_1469","name":"Cheboksary","kind":"settlement","start_year":1469,"end_year":1500,"importance":"city"}},{"type":"Feature","geometry":{"type":"Point","coordinates":[-5.2697,35.1714]},"properties":{"id":"set_chefchaouen_1471","name":"Chefchaouen","kind":"settlement","start_year":1471,"end_year":1500,"importance":"city"}},{"type":"Feature","geometry":{"type":"Point","coordinates":[50.1426,30.3249]},"properties":{"id":"set_chega_sofla_500","name":"Chega Sofla","kind":"settlement","start_year":500,"end_year":1500,"importance":"city"}},{"type":"Feature","geometry":{"type":"Point","coordinates":[37.4983,45.116]},"properties":{"id":"set_chekon_500","name":"Chekon","kind":"settlement","start_year":500,"end_year":1500,"importance":"city"}},{"type":"Feature","geometry":{"type":"Point","coordinates":[-2.0784,51.8965]},"properties":{"id":"set_cheltenham_1226","name":"Cheltenham","kind":"settlement","start_year":1226,"end_year":1500,"importance":"city"}},{"type":"Feature","geometry":{"type":"Point","coordinates":[35.1327,31.4229]},"properties":{"id":"set_chermela_500","name":"Chermela","kind":"settlement","start_year":500,"end_year":1500,"importance":"city"}},{"type":"Feature","geometry":{"type":"Point","coordinates":[21.8167,54.6333]},"properties":{"id":"set_chernyakhovsk_1336","name":"Chernyakhovsk","kind":"settlement","start_year":1336,"end_year":1500,"importance":"city"}},{"type":"Feature","geometry":{"type":"Point","coordinates":[33.4923,44.6111]},"properties":{"id":"set_chersonesos_500","name":"Chersonesos","kind":"settlement","start_year":500,"end_year":1500,"importance":"city"}},{"type":"Feature","geometry":{"type":"Point","coordinates":[4.6062,45.8888]},"properties":{"id":"set_chessy_les_mines_500","name":"Chessy-les-Mines","kind":"settlement","start_year":500,"end_year":1500,"importance":"city"}},{"type":"Feature","geometry":{"type":"Point","coordinates":[-2.893,53.193]},"properties":{"id":"set_chester","name":"Chester","kind":"settlement","start_year":500,"end_year":1500,"importance":"town"}},{"type":"Feature","geometry":{"type":"Point","coordinates":[0.5302,45.8372]},"properties":{"id":"set_chez_michaud_suaux_500","name":"Chez Michaud, Suaux","kind":"settlement","start_year":500,"end_year":1500,"importance":"city"}},{"type":"Feature","geometry":{"type":"Point","coordinates":[23.4833,51.1333]},"properties":{"id":"set_che_m_1237","name":"Chełm","kind":"settlement","start_year":1237,"end_year":1500,"importance":"city"}},{"type":"Feature","geometry":{"type":"Point","coordinates":[18.6,53.2]},"properties":{"id":"set_che_m_a_1251","name":"Chełmża","kind":"settlement","start_year":1251,"end_year":1500,"importance":"city"}},{"type":"Feature","geometry":{"type":"Point","coordinates":[98.9833,18.7889]},"properties":{"id":"set_chiang_mai_1201","name":"Chiang Mai","kind":"settlement","start_year":1201,"end_year":1500,"importance":"city"}},{"type":"Feature","geometry":{"type":"Point","coordinates":[78.5921,54.7131]},"properties":{"id":"set_chicha_500","name":"Chicha","kind":"settlement","start_year":500,"end_year":1500,"importance":"city"}},{"type":"Feature","geometry":{"type":"Point","coordinates":[104.2466,47.8749]},"properties":{"id":"set_chintolgoi_balgas_500","name":"Chintolgoi-Balgas","kind":"settlement","start_year":500,"end_year":1500,"importance":"city"}},{"type":"Feature","geometry":{"type":"Point","coordinates":[26.133,38.3722]},"properties":{"id":"set_chios_settlement_500","name":"Chios (settlement)","kind":"settlement","start_year":500,"end_year":1500,"importance":"city"}},{"type":"Feature","geometry":{"type":"Point","coordinates":[1.0159,43.191]},"properties":{"id":"set_chiragan_roman_villa_500","name":"Chiragan Roman villa","kind":"settlement","start_year":500,"end_year":1500,"importance":"city"}},{"type":"Feature","geometry":{"type":"Point","coordinates":[62.9142,44.0862]},"properties":{"id":"set_chirik_rabat_500","name":"Chirik-Rabat","kind":"settlement","start_year":500,"end_year":1500,"importance":"city"}},{"type":"Feature","geometry":{"type":"Point","coordinates":[28.8353,47.0228]},"properties":{"id":"set_chi_in_u_1436","name":"Chișinău","kind":"settlement","start_year":1436,"end_year":1500,"importance":"city"}},{"type":"Feature","geometry":{"type":"Point","coordinates":[43.25,56.7667]},"properties":{"id":"set_chkalovsk_1101","name":"Chkalovsk","kind":"settlement","start_year":1101,"end_year":1500,"importance":"city"}},{"type":"Feature","geometry":{"type":"Point","coordinates":[45.45,33.8833]},"properties":{"id":"set_choga_mami_500","name":"Choga Mami","kind":"settlement","start_year":500,"end_year":1500,"importance":"city"}},{"type":"Feature","geometry":{"type":"Point","coordinates":[-1.78,50.73]},"properties":{"id":"set_christchurch_700","name":"Christchurch","kind":"settlement","start_year":700,"end_year":1500,"importance":"city"}},{"type":"Feature","geometry":{"type":"Point","coordinates":[25.6917,34.8802]},"properties":{"id":"set_chryssi_gaidouronisi_500","name":"Chryssi-Gaidouronisi","kind":"settlement","start_year":500,"end_year":1500,"importance":"city"}},{"type":"Feature","geometry":{"type":"Point","coordinates":[19.4,50.1333]},"properties":{"id":"set_chrzan_w_1393","name":"Chrzanów","kind":"settlement","start_year":1393,"end_year":1500,"importance":"city"}},{"type":"Feature","geometry":{"type":"Point","coordinates":[42.7,58.75]},"properties":{"id":"set_chukhloma_1381","name":"Chukhloma","kind":"settlement","start_year":1381,"end_year":1500,"importance":"city"}},{"type":"Feature","geometry":{"type":"Point","coordinates":[6.5621,37.0079]},"properties":{"id":"set_chullu_500","name":"Chullu","kind":"settlement","start_year":500,"end_year":1500,"importance":"city"}},{"type":"Feature","geometry":{"type":"Point","coordinates":[30.6011,24.6961]},"properties":{"id":"set_church_at_shams_el_din_500","name":"Church at Shams el-Din","kind":"settlement","start_year":500,"end_year":1500,"importance":"city"}},{"type":"Feature","geometry":{"type":"Point","coordinates":[28.8721,25.6681]},"properties":{"id":"set_church_at_trimithis_500","name":"Church at Trimithis","kind":"settlement","start_year":500,"end_year":1500,"importance":"city"}},{"type":"Feature","geometry":{"type":"Point","coordinates":[43.663,40.2422]},"properties":{"id":"set_church_of_mren_500","name":"Church of Mren","kind":"settlement","start_year":500,"end_year":1500,"importance":"city"}},{"type":"Feature","geometry":{"type":"Point","coordinates":[12.3049,41.7569]},"properties":{"id":"set_church_of_saint_herculanus_500","name":"Church of Saint Herculanus","kind":"settlement","start_year":500,"end_year":1500,"importance":"city"}},{"type":"Feature","geometry":{"type":"Point","coordinates":[44.2524,38.2629]},"properties":{"id":"set_church_of_st_etchmiadzin_at_soradir_500","name":"Church of St. Etchmiadzin at Soradir","kind":"settlement","start_year":500,"end_year":1500,"importance":"city"}},{"type":"Feature","geometry":{"type":"Point","coordinates":[39.0411,12.0316]},"properties":{"id":"set_church_of_st_george_500","name":"Church of St. George","kind":"settlement","start_year":500,"end_year":1500,"importance":"city"}},{"type":"Feature","geometry":{"type":"Point","coordinates":[-9.0895,39.563]},"properties":{"id":"set_church_of_st_gi_o_500","name":"Church of St. Gião","kind":"settlement","start_year":500,"end_year":1500,"importance":"city"}},{"type":"Feature","geometry":{"type":"Point","coordinates":[20.4623,50.8002]},"properties":{"id":"set_ch_ciny_1275","name":"Chęciny","kind":"settlement","start_year":1275,"end_year":1500,"importance":"city"}},{"type":"Feature","geometry":{"type":"Point","coordinates":[3.7587,49.1]},"properties":{"id":"set_ch_tillon_sur_marne_500","name":"Châtillon-sur-Marne","kind":"settlement","start_year":500,"end_year":1500,"importance":"city"}},{"type":"Feature","geometry":{"type":"Point","coordinates":[-1.6597,48.0426]},"properties":{"id":"set_ch_tillon_sur_seiche_500","name":"Châtillon-sur-Seiche","kind":"settlement","start_year":500,"end_year":1500,"importance":"city"}},{"type":"Feature","geometry":{"type":"Point","coordinates":[-3.4517,51.9565]},"properties":{"id":"set_cicutio_500","name":"‘Cicutio’","kind":"settlement","start_year":500,"end_year":1500,"importance":"city"}},{"type":"Feature","geometry":{"type":"Point","coordinates":[-23.6042,14.9167]},"properties":{"id":"set_cidade_velha_1462","name":"Cidade Velha","kind":"settlement","start_year":1462,"end_year":1500,"importance":"city"}},{"type":"Feature","geometry":{"type":"Point","coordinates":[18.6333,49.75]},"properties":{"id":"set_cieszyn_1155","name":"Cieszyn","kind":"settlement","start_year":1155,"end_year":1500,"importance":"city"}},{"type":"Feature","geometry":{"type":"Point","coordinates":[13.7362,37.205]},"properties":{"id":"set_cignana_500","name":"Cignana","kind":"settlement","start_year":500,"end_year":1500,"importance":"city"}},{"type":"Feature","geometry":{"type":"Point","coordinates":[16.426,51.4165]},"properties":{"id":"set_cinawa_1202","name":"Ścinawa","kind":"settlement","start_year":1202,"end_year":1500,"importance":"city"}},{"type":"Feature","geometry":{"type":"Point","coordinates":[13.2034,43.3742]},"properties":{"id":"set_cingulum_500","name":"Cingulum","kind":"settlement","start_year":500,"end_year":1500,"importance":"city"}},{"type":"Feature","geometry":{"type":"Point","coordinates":[8.3109,45.7109]},"properties":{"id":"set_ciota_ciara_500","name":"Ciota Ciara","kind":"settlement","start_year":500,"end_year":1500,"importance":"city"}},{"type":"Feature","geometry":{"type":"Point","coordinates":[13.0349,41.2521]},"properties":{"id":"set_circeii_2_500","name":"Circeii 2","kind":"settlement","start_year":500,"end_year":1500,"importance":"city"}},{"type":"Feature","geometry":{"type":"Point","coordinates":[40.43,35.1566]},"properties":{"id":"set_circesium_qarquza_habora_phaliga_500","name":"Circesium/Qarquza/Habora/Phaliga?","kind":"settlement","start_year":500,"end_year":1500,"importance":"city"}},{"type":"Feature","geometry":{"type":"Point","coordinates":[-1.9632,42.3047]},"properties":{"id":"set_circus_at_calagurris_500","name":"Circus at Calagurris","kind":"settlement","start_year":500,"end_year":1500,"importance":"city"}},{"type":"Feature","geometry":{"type":"Point","coordinates":[14.3105,32.6331]},"properties":{"id":"set_circus_at_lepcis_magna_500","name":"Circus at Lepcis Magna","kind":"settlement","start_year":500,"end_year":1500,"importance":"city"}},{"type":"Feature","geometry":{"type":"Point","coordinates":[-8.6644,42.839]},"properties":{"id":"set_cirro_500","name":"Cirro","kind":"settlement","start_year":500,"end_year":1500,"importance":"city"}},{"type":"Feature","geometry":{"type":"Point","coordinates":[6.6133,36.3681]},"properties":{"id":"set_cirta_constantina_500","name":"Cirta/Constantina","kind":"settlement","start_year":500,"end_year":1500,"importance":"city"}},{"type":"Feature","geometry":{"type":"Point","coordinates":[3.7334,36.8775]},"properties":{"id":"set_cissi_500","name":"Cissi","kind":"settlement","start_year":500,"end_year":1500,"importance":"city"}},{"type":"Feature","geometry":{"type":"Point","coordinates":[-8.8356,41.7053]},"properties":{"id":"set_citania_de_santa_luzia_500","name":"Citania de Santa Luzia","kind":"settlement","start_year":500,"end_year":1500,"importance":"city"}},{"type":"Feature","geometry":{"type":"Point","coordinates":[29.3181,36.2658]},"properties":{"id":"set_city_gate_at_patara_arsinoe_500","name":"City gate at Patara/Arsinoe","kind":"settlement","start_year":500,"end_year":1500,"importance":"city"}},{"type":"Feature","geometry":{"type":"Point","coordinates":[14.1213,37.5027]},"properties":{"id":"set_city_walls_of_sabucina_500","name":"City walls of Sabucina","kind":"settlement","start_year":500,"end_year":1500,"importance":"city"}},{"type":"Feature","geometry":{"type":"Point","coordinates":[12.4174,42.5539]},"properties":{"id":"set_city_wall_of_ameria_500","name":"City wall of Ameria","kind":"settlement","start_year":500,"end_year":1500,"importance":"city"}},{"type":"Feature","geometry":{"type":"Point","coordinates":[11.2866,42.4124]},"properties":{"id":"set_city_wall_of_cosa_500","name":"City wall of Cosa","kind":"settlement","start_year":500,"end_year":1500,"importance":"city"}},{"type":"Feature","geometry":{"type":"Point","coordinates":[18.1556,39.9262]},"properties":{"id":"set_city_wall_of_ugento_mura_messapiche_500","name":"City wall of Ugento - Mura Messapiche","kind":"settlement","start_year":500,"end_year":1500,"importance":"city"}},{"type":"Feature","geometry":{"type":"Point","coordinates":[12.8922,41.8394]},"properties":{"id":"set_civic_forum_of_praeneste_500","name":"Civic forum of Praeneste","kind":"settlement","start_year":500,"end_year":1500,"importance":"city"}},{"type":"Feature","geometry":{"type":"Point","coordinates":[-8.6556,41.3835]},"properties":{"id":"set_cividade_de_bagunte_500","name":"Cividade de Bagunte","kind":"settlement","start_year":500,"end_year":1500,"importance":"city"}},{"type":"Feature","geometry":{"type":"Point","coordinates":[12.7619,41.6415]},"properties":{"id":"set_civitana_500","name":"Civitana","kind":"settlement","start_year":500,"end_year":1500,"importance":"city"}},{"type":"Feature","geometry":{"type":"Point","coordinates":[-1.5538,47.2174]},"properties":{"id":"set_civitas_namnetum_kondeouinkon_500","name":"Civitas Namnetum/Kondeouinkon?","kind":"settlement","start_year":500,"end_year":1500,"importance":"city"}},{"type":"Feature","geometry":{"type":"Point","coordinates":[7.2605,36.2394]},"properties":{"id":"set_civitas_nattabutum_castellum_ro_500","name":"Civitas Nattabutum/Castellum Ro(...)","kind":"settlement","start_year":500,"end_year":1500,"importance":"city"}},{"type":"Feature","geometry":{"type":"Point","coordinates":[-6.8055,41.7987]},"properties":{"id":"set_civitas_zoelarum_500","name":"*Civitas Zoelarum","kind":"settlement","start_year":500,"end_year":1500,"importance":"city"}},{"type":"Feature","geometry":{"type":"Point","coordinates":[13.617,41.6488]},"properties":{"id":"set_civitavecchia_di_arpino_500","name":"Civitavecchia di Arpino","kind":"settlement","start_year":500,"end_year":1500,"importance":"city"}},{"type":"Feature","geometry":{"type":"Point","coordinates":[13.4402,42.3112]},"properties":{"id":"set_civita_di_bagno_500","name":"Civita di Bagno","kind":"settlement","start_year":500,"end_year":1500,"importance":"city"}},{"type":"Feature","geometry":{"type":"Point","coordinates":[12.0089,42.6024]},"properties":{"id":"set_civita_d_arlena_500","name":"Civita d'Arlena","kind":"settlement","start_year":500,"end_year":1500,"importance":"city"}},{"type":"Feature","geometry":{"type":"Point","coordinates":[9.5695,48.5099]},"properties":{"id":"set_clarenna_500","name":"Clarenna","kind":"settlement","start_year":500,"end_year":1500,"importance":"city"}},{"type":"Feature","geometry":{"type":"Point","coordinates":[9.1235,45.0111]},"properties":{"id":"set_clastidium_500","name":"Clastidium","kind":"settlement","start_year":500,"end_year":1500,"importance":"city"}},{"type":"Feature","geometry":{"type":"Point","coordinates":[15.0347,41.9571]},"properties":{"id":"set_cliternia_500","name":"Cliternia","kind":"settlement","start_year":500,"end_year":1500,"importance":"city"}},{"type":"Feature","geometry":{"type":"Point","coordinates":[3.244,39.4194]},"properties":{"id":"set_closos_de_ca_n_gai_500","name":"Closos de Ca'n Gaià","kind":"settlement","start_year":500,"end_year":1500,"importance":"city"}},{"type":"Feature","geometry":{"type":"Point","coordinates":[2.937,43.2735]},"properties":{"id":"set_clots_de_raynaud_500","name":"Clots de Raynaud","kind":"settlement","start_year":500,"end_year":1500,"importance":"city"}},{"type":"Feature","geometry":{"type":"Point","coordinates":[23.5907,46.7689]},"properties":{"id":"set_cluj_napoca_1213","name":"Cluj-Napoca","kind":"settlement","start_year":1213,"end_year":1500,"importance":"city"}},{"type":"Feature","geometry":{"type":"Point","coordinates":[11.9477,43.0165]},"properties":{"id":"set_clusium_500","name":"Clusium","kind":"settlement","start_year":500,"end_year":1500,"importance":"city"}},{"type":"Feature","geometry":{"type":"Point","coordinates":[14.2614,42.1327]},"properties":{"id":"set_cluviae_500","name":"Cluviae","kind":"settlement","start_year":500,"end_year":1500,"importance":"city"}},{"type":"Feature","geometry":{"type":"Point","coordinates":[-3.1278,52.0841]},"properties":{"id":"set_clyro_500","name":"Clyro","kind":"settlement","start_year":500,"end_year":1500,"importance":"city"}},{"type":"Feature","geometry":{"type":"Point","coordinates":[32.5601,29.9701]},"properties":{"id":"set_clysma_500","name":"Clysma","kind":"settlement","start_year":500,"end_year":1500,"importance":"city"}},{"type":"Feature","geometry":{"type":"Point","coordinates":[27.6994,36.7356]},"properties":{"id":"set_cnidus_burgaz_500","name":"Cnidus (Burgaz)","kind":"settlement","start_year":500,"end_year":1500,"importance":"city"}},{"type":"Feature","geometry":{"type":"Point","coordinates":[-2.6265,53.5457]},"properties":{"id":"set_coccium_500","name":"Coccium?","kind":"settlement","start_year":500,"end_year":1500,"importance":"city"}},{"type":"Feature","geometry":{"type":"Point","coordinates":[6.8607,49.1532]},"properties":{"id":"set_cocheren_le_h_rapel_500","name":"Cocheren-Le Hérapel","kind":"settlement","start_year":500,"end_year":1500,"importance":"city"}},{"type":"Feature","geometry":{"type":"Point","coordinates":[-1.3275,38.4353]},"properties":{"id":"set_coimbra_del_barranco_ancho_500","name":"Coimbra del Barranco Ancho","kind":"settlement","start_year":500,"end_year":1500,"importance":"city"}},{"type":"Feature","geometry":{"type":"Point","coordinates":[23.8351,46.7533]},"properties":{"id":"set_cojocna_500","name":"Cojocna","kind":"settlement","start_year":500,"end_year":1500,"importance":"city"}},{"type":"Feature","geometry":{"type":"Point","coordinates":[0.4523,49.7492]},"properties":{"id":"set_colleville_500","name":"Colleville","kind":"settlement","start_year":500,"end_year":1500,"importance":"city"}},{"type":"Feature","geometry":{"type":"Point","coordinates":[-8.7986,39.6737]},"properties":{"id":"set_collippo_500","name":"Collippo","kind":"settlement","start_year":500,"end_year":1500,"importance":"city"}},{"type":"Feature","geometry":{"type":"Point","coordinates":[6.3091,43.2381]},"properties":{"id":"set_collobri_res_500","name":"Collobrières","kind":"settlement","start_year":500,"end_year":1500,"importance":"city"}},{"type":"Feature","geometry":{"type":"Point","coordinates":[4.9246,47.7734]},"properties":{"id":"set_colmier_le_bas_500","name":"Colmier-le-Bas","kind":"settlement","start_year":500,"end_year":1500,"importance":"city"}},{"type":"Feature","geometry":{"type":"Point","coordinates":[6.96,50.938]},"properties":{"id":"set_cologne","name":"Cologne","kind":"settlement","start_year":500,"end_year":1500,"importance":"city"}},{"type":"Feature","geometry":{"type":"Point","coordinates":[27.1483,38.1083]},"properties":{"id":"set_colophon_500","name":"Colophon","kind":"settlement","start_year":500,"end_year":1500,"importance":"city"}},{"type":"Feature","geometry":{"type":"Point","coordinates":[-3.3065,52.1769]},"properties":{"id":"set_colwyn_500","name":"Colwyn","kind":"settlement","start_year":500,"end_year":1500,"importance":"city"}},{"type":"Feature","geometry":{"type":"Point","coordinates":[7.7221,47.5332]},"properties":{"id":"set_col_augusta_raurica_500","name":"Col. Augusta Raurica","kind":"settlement","start_year":500,"end_year":1500,"importance":"city"}},{"type":"Feature","geometry":{"type":"Point","coordinates":[0.9011,51.8901]},"properties":{"id":"set_col_camulodunum_500","name":"Col. Camulodunum","kind":"settlement","start_year":500,"end_year":1500,"importance":"city"}},{"type":"Feature","geometry":{"type":"Point","coordinates":[-3.371,41.781]},"properties":{"id":"set_col_clunia_sulpicia_500","name":"Col. Clunia (Sulpicia)","kind":"settlement","start_year":500,"end_year":1500,"importance":"city"}},{"type":"Feature","geometry":{"type":"Point","coordinates":[12.5091,43.2135]},"properties":{"id":"set_col_di_marzo_perugia_500","name":"Col di Marzo, Perugia","kind":"settlement","start_year":500,"end_year":1500,"importance":"city"}},{"type":"Feature","geometry":{"type":"Point","coordinates":[-2.2463,51.865]},"properties":{"id":"set_col_glevum_500","name":"Col. Glevum","kind":"settlement","start_year":500,"end_year":1500,"importance":"city"}},{"type":"Feature","geometry":{"type":"Point","coordinates":[2.9452,42.7086]},"properties":{"id":"set_col_ruscino_500","name":"Col. Ruscino","kind":"settlement","start_year":500,"end_year":1500,"importance":"city"}},{"type":"Feature","geometry":{"type":"Point","coordinates":[36.324,38.3313]},"properties":{"id":"set_comana_hierapolis_chryse_500","name":"Comana/Hierapolis/Chryse","kind":"settlement","start_year":500,"end_year":1500,"importance":"city"}},{"type":"Feature","geometry":{"type":"Point","coordinates":[36.6387,40.3576]},"properties":{"id":"set_comana_pontica_hierocaesarea_500","name":"Comana Pontica/Hierocaesarea","kind":"settlement","start_year":500,"end_year":1500,"importance":"city"}},{"type":"Feature","geometry":{"type":"Point","coordinates":[4.6141,45.5284]},"properties":{"id":"set_combeplaine_500","name":"Combeplaine","kind":"settlement","start_year":500,"end_year":1500,"importance":"city"}},{"type":"Feature","geometry":{"type":"Point","coordinates":[-1.2409,50.6881]},"properties":{"id":"set_combley_roman_villa_500","name":"Combley Roman villa","kind":"settlement","start_year":500,"end_year":1500,"importance":"city"}},{"type":"Feature","geometry":{"type":"Point","coordinates":[8.1966,40.6226]},"properties":{"id":"set_complesso_di_sant_imbenia_500","name":"Complesso di Sant'Imbenia","kind":"settlement","start_year":500,"end_year":1500,"importance":"city"}},{"type":"Feature","geometry":{"type":"Point","coordinates":[15.3305,40.8705]},"properties":{"id":"set_compsa_500","name":"Compsa","kind":"settlement","start_year":500,"end_year":1500,"importance":"city"}},{"type":"Feature","geometry":{"type":"Point","coordinates":[9.0858,45.8119]},"properties":{"id":"set_comum_500","name":"Comum","kind":"settlement","start_year":500,"end_year":1500,"importance":"city"}},{"type":"Feature","geometry":{"type":"Point","coordinates":[-3.9303,47.9052]},"properties":{"id":"set_concarneau_500","name":"Concarneau","kind":"settlement","start_year":500,"end_year":1500,"importance":"city"}},{"type":"Feature","geometry":{"type":"Point","coordinates":[-2.5174,53.2594]},"properties":{"id":"set_condate_500","name":"Condate","kind":"settlement","start_year":500,"end_year":1500,"importance":"city"}},{"type":"Feature","geometry":{"type":"Point","coordinates":[-1.6642,54.9771]},"properties":{"id":"set_condercum_500","name":"Condercum","kind":"settlement","start_year":500,"end_year":1500,"importance":"city"}},{"type":"Feature","geometry":{"type":"Point","coordinates":[72.2322,33.9167]},"properties":{"id":"set_condigramma_500","name":"Condigramma","kind":"settlement","start_year":500,"end_year":1500,"importance":"city"}},{"type":"Feature","geometry":{"type":"Point","coordinates":[-5.6219,37.8776]},"properties":{"id":"set_constantina_500","name":"Constantina","kind":"settlement","start_year":500,"end_year":1500,"importance":"city"}},{"type":"Feature","geometry":{"type":"Point","coordinates":[28.98,41.008]},"properties":{"id":"set_constantinople","name":"Constantinople","kind":"settlement","start_year":330,"end_year":1453,"importance":"megacity"}},{"type":"Feature","geometry":{"type":"Point","coordinates":[14.9537,38.4671]},"properties":{"id":"set_contrada_diana_500","name":"Contrada Diana","kind":"settlement","start_year":500,"end_year":1500,"importance":"city"}},{"type":"Feature","geometry":{"type":"Point","coordinates":[12.5689,55.6761]},"properties":{"id":"set_copenhagen_1167","name":"Copenhagen","kind":"settlement","start_year":1167,"end_year":1500,"importance":"city"}},{"type":"Feature","geometry":{"type":"Point","coordinates":[-0.5415,42.16]},"properties":{"id":"set_corbio_500","name":"Corbio","kind":"settlement","start_year":500,"end_year":1500,"importance":"city"}},{"type":"Feature","geometry":{"type":"Point","coordinates":[19.9067,39.6081]},"properties":{"id":"set_corcyra_settlement_500","name":"Corcyra (settlement)","kind":"settlement","start_year":500,"end_year":1500,"importance":"city"}},{"type":"Feature","geometry":{"type":"Point","coordinates":[-3.7055,55.6799]},"properties":{"id":"set_corda_500","name":"Corda?","kind":"settlement","start_year":500,"end_year":1500,"importance":"city"}},{"type":"Feature","geometry":{"type":"Point","coordinates":[-4.779,37.884]},"properties":{"id":"set_cordoba","name":"Córdoba","kind":"settlement","start_year":929,"end_year":1031,"importance":"megacity"}},{"type":"Feature","geometry":{"type":"Point","coordinates":[-1.9784,40.8427]},"properties":{"id":"set_corduente_roman_villa_500","name":"Corduente Roman Villa","kind":"settlement","start_year":500,"end_year":1500,"importance":"city"}},{"type":"Feature","geometry":{"type":"Point","coordinates":[13.839,42.122]},"properties":{"id":"set_corfinium_500","name":"Corfinium","kind":"settlement","start_year":500,"end_year":1500,"importance":"city"}},{"type":"Feature","geometry":{"type":"Point","coordinates":[-2.0293,54.9782]},"properties":{"id":"set_coriosopitum_coria_500","name":"*Coriosopitum/Coria","kind":"settlement","start_year":500,"end_year":1500,"importance":"city"}},{"type":"Feature","geometry":{"type":"Point","coordinates":[5.9809,50.883]},"properties":{"id":"set_coriovallum_500","name":"Coriovallum","kind":"settlement","start_year":500,"end_year":1500,"importance":"city"}},{"type":"Feature","geometry":{"type":"Point","coordinates":[0.995,47.1569]},"properties":{"id":"set_cornill_cm_chambourg_sur_indre_500","name":"Cornillé, Cm. Chambourg-sur-Indre","kind":"settlement","start_year":500,"end_year":1500,"importance":"city"}},{"type":"Feature","geometry":{"type":"Point","coordinates":[22.9571,38.3912]},"properties":{"id":"set_coronea_500","name":"Coronea","kind":"settlement","start_year":500,"end_year":1500,"importance":"city"}},{"type":"Feature","geometry":{"type":"Point","coordinates":[6.8509,46.9385]},"properties":{"id":"set_cortaillod_est_500","name":"Cortaillod-Est","kind":"settlement","start_year":500,"end_year":1500,"importance":"city"}},{"type":"Feature","geometry":{"type":"Point","coordinates":[-5.0718,37.4405]},"properties":{"id":"set_cortijo_de_fuentidue_as_500","name":"Cortijo de Fuentidueñas","kind":"settlement","start_year":500,"end_year":1500,"importance":"city"}},{"type":"Feature","geometry":{"type":"Point","coordinates":[11.9878,43.2741]},"properties":{"id":"set_cortona_500","name":"Cortona","kind":"settlement","start_year":500,"end_year":1500,"importance":"city"}},{"type":"Feature","geometry":{"type":"Point","coordinates":[3.2649,50.8278]},"properties":{"id":"set_cortoriacum_500","name":"Cortoriacum","kind":"settlement","start_year":500,"end_year":1500,"importance":"city"}},{"type":"Feature","geometry":{"type":"Point","coordinates":[23.1628,45.6676]},"properties":{"id":"set_coste_ti_blidaru_500","name":"Costești-Blidaru","kind":"settlement","start_year":500,"end_year":1500,"importance":"city"}},{"type":"Feature","geometry":{"type":"Point","coordinates":[-6.2204,36.3789]},"properties":{"id":"set_cotinussa_island_500","name":"Cotinussa (island)","kind":"settlement","start_year":500,"end_year":1500,"importance":"city"}},{"type":"Feature","geometry":{"type":"Point","coordinates":[-8.1831,42.3455]},"properties":{"id":"set_coto_dos_mouros_500","name":"Coto dos Mouros","kind":"settlement","start_year":500,"end_year":1500,"importance":"city"}},{"type":"Feature","geometry":{"type":"Point","coordinates":[-0.0282,45.3311]},"properties":{"id":"set_coue_d_auzenat_500","name":"Coue d'Auzenat","kind":"settlement","start_year":500,"end_year":1500,"importance":"city"}},{"type":"Feature","geometry":{"type":"Point","coordinates":[1.2234,47.5428]},"properties":{"id":"set_coulanges_500","name":"Coulanges","kind":"settlement","start_year":500,"end_year":1500,"importance":"city"}},{"type":"Feature","geometry":{"type":"Point","coordinates":[-8.6348,41.8712]},"properties":{"id":"set_couto_de_ouro_500","name":"Couto de Ouro","kind":"settlement","start_year":500,"end_year":1500,"importance":"city"}},{"type":"Feature","geometry":{"type":"Point","coordinates":[-0.7687,39.1767]},"properties":{"id":"set_cova_de_les_dones_500","name":"Cova de les Dones","kind":"settlement","start_year":500,"end_year":1500,"importance":"city"}},{"type":"Feature","geometry":{"type":"Point","coordinates":[-1.5167,52.4167]},"properties":{"id":"set_coventry_1043","name":"Coventry","kind":"settlement","start_year":1043,"end_year":1500,"importance":"city"}},{"type":"Feature","geometry":{"type":"Point","coordinates":[14.4058,37.0168]},"properties":{"id":"set_cozzo_cicirello_500","name":"Cozzo Cicirello","kind":"settlement","start_year":500,"end_year":1500,"importance":"city"}},{"type":"Feature","geometry":{"type":"Point","coordinates":[24.031,49.842]},"properties":{"id":"set_cracow_old","name":"Lwów (Lviv)","kind":"settlement","start_year":1256,"end_year":1500,"importance":"town"}},{"type":"Feature","geometry":{"type":"Point","coordinates":[36.2947,34.7569]},"properties":{"id":"set_crac_des_chevaliers_500","name":"Crac des Chevaliers","kind":"settlement","start_year":500,"end_year":1500,"importance":"city"}},{"type":"Feature","geometry":{"type":"Point","coordinates":[23.8167,44.3333]},"properties":{"id":"set_craiova_1475","name":"Craiova","kind":"settlement","start_year":1475,"end_year":1500,"importance":"city"}},{"type":"Feature","geometry":{"type":"Point","coordinates":[-3.6568,55.4757]},"properties":{"id":"set_crawford_500","name":"Crawford","kind":"settlement","start_year":500,"end_year":1500,"importance":"city"}},{"type":"Feature","geometry":{"type":"Point","coordinates":[10.0261,45.1336]},"properties":{"id":"set_cremona_500","name":"Cremona","kind":"settlement","start_year":500,"end_year":1500,"importance":"city"}},{"type":"Feature","geometry":{"type":"Point","coordinates":[14.3975,44.8568]},"properties":{"id":"set_crexa_500","name":"Crexa","kind":"settlement","start_year":500,"end_year":1500,"importance":"city"}},{"type":"Feature","geometry":{"type":"Point","coordinates":[21.3255,41.1281]},"properties":{"id":"set_crnobuki_500","name":"Crnobuki","kind":"settlement","start_year":500,"end_year":1500,"importance":"city"}},{"type":"Feature","geometry":{"type":"Point","coordinates":[16.1846,40.5353]},"properties":{"id":"set_croccia_cognato_fortified_settlement_500","name":"Croccia Cognato Fortified Settlement","kind":"settlement","start_year":500,"end_year":1500,"importance":"city"}},{"type":"Feature","geometry":{"type":"Point","coordinates":[-0.7473,53.1187]},"properties":{"id":"set_crococalana_500","name":"Crococalana","kind":"settlement","start_year":500,"end_year":1500,"importance":"city"}},{"type":"Feature","geometry":{"type":"Point","coordinates":[17.128,39.0812]},"properties":{"id":"set_croto_n_500","name":"Croto(n)","kind":"settlement","start_year":500,"end_year":1500,"importance":"city"}},{"type":"Feature","geometry":{"type":"Point","coordinates":[8.7981,39.9897]},"properties":{"id":"set_crypt_and_church_of_san_lussorio_500","name":"Crypt and church of San Lussorio","kind":"settlement","start_year":500,"end_year":1500,"importance":"city"}},{"type":"Feature","geometry":{"type":"Point","coordinates":[-6.3897,39.4344]},"properties":{"id":"set_cuarto_roble_500","name":"Cuarto Roble","kind":"settlement","start_year":500,"end_year":1500,"importance":"city"}},{"type":"Feature","geometry":{"type":"Point","coordinates":[3.7565,44.4842]},"properties":{"id":"set_cubi_res_500","name":"Cubières","kind":"settlement","start_year":500,"end_year":1500,"importance":"city"}},{"type":"Feature","geometry":{"type":"Point","coordinates":[9.4909,39.136]},"properties":{"id":"set_cuccureddus_500","name":"Cuccureddus","kind":"settlement","start_year":500,"end_year":1500,"importance":"city"}},{"type":"Feature","geometry":{"type":"Point","coordinates":[13.1453,47.6269]},"properties":{"id":"set_cucullae_500","name":"Cucullae","kind":"settlement","start_year":500,"end_year":1500,"importance":"city"}},{"type":"Feature","geometry":{"type":"Point","coordinates":[-2.6209,41.6692]},"properties":{"id":"set_cuevas_de_soria_500","name":"Cuevas de Soria","kind":"settlement","start_year":500,"end_year":1500,"importance":"city"}},{"type":"Feature","geometry":{"type":"Point","coordinates":[-6.981,38.0882]},"properties":{"id":"set_cueva_de_la_lapa_500","name":"Cueva de la Lapa","kind":"settlement","start_year":500,"end_year":1500,"importance":"city"}},{"type":"Feature","geometry":{"type":"Point","coordinates":[5.7354,36.321]},"properties":{"id":"set_cuicul_500","name":"Cuicul","kind":"settlement","start_year":500,"end_year":1500,"importance":"city"}},{"type":"Feature","geometry":{"type":"Point","coordinates":[5.7317,45.1925]},"properties":{"id":"set_cularo_gratianopolis_500","name":"Cularo/Gratianopolis","kind":"settlement","start_year":500,"end_year":1500,"importance":"city"}},{"type":"Feature","geometry":{"type":"Point","coordinates":[-1.6898,51.4236]},"properties":{"id":"set_cunetio_500","name":"Cunetio","kind":"settlement","start_year":500,"end_year":1500,"importance":"city"}},{"type":"Feature","geometry":{"type":"Point","coordinates":[-7.8896,36.9604]},"properties":{"id":"set_cuneus_promontory_500","name":"Cuneus (promontory)","kind":"settlement","start_year":500,"end_year":1500,"importance":"city"}},{"type":"Feature","geometry":{"type":"Point","coordinates":[37.8321,34.267]},"properties":{"id":"set_cunna_500","name":"Cunna?","kind":"settlement","start_year":500,"end_year":1500,"importance":"city"}},{"type":"Feature","geometry":{"type":"Point","coordinates":[13.8571,43.0225]},"properties":{"id":"set_cupra_maritima_500","name":"Cupra Maritima","kind":"settlement","start_year":500,"end_year":1500,"importance":"city"}},{"type":"Feature","geometry":{"type":"Point","coordinates":[12.6854,42.1803]},"properties":{"id":"set_cures_500","name":"Cures","kind":"settlement","start_year":500,"end_year":1500,"importance":"city"}},{"type":"Feature","geometry":{"type":"Point","coordinates":[42.1077,38.4015]},"properties":{"id":"set_cymiza_balaleisa_balouos_500","name":"Cymiza/*Balaleisa/‘Balouos’","kind":"settlement","start_year":500,"end_year":1500,"importance":"city"}},{"type":"Feature","geometry":{"type":"Point","coordinates":[20.8717,32.4997]},"properties":{"id":"set_cyrenaica_region_500","name":"Cyrenaica (region)","kind":"settlement","start_year":500,"end_year":1500,"importance":"city"}},{"type":"Feature","geometry":{"type":"Point","coordinates":[27.8832,40.3856]},"properties":{"id":"set_cyzicus_500","name":"Cyzicus","kind":"settlement","start_year":500,"end_year":1500,"importance":"city"}},{"type":"Feature","geometry":{"type":"Point","coordinates":[16.2333,53.5575]},"properties":{"id":"set_czaplinek_1286","name":"Czaplinek","kind":"settlement","start_year":1286,"end_year":1500,"importance":"city"}},{"type":"Feature","geometry":{"type":"Point","coordinates":[19.0047,49.9133]},"properties":{"id":"set_czechowice_dziedzice_1307","name":"Czechowice-Dziedzice","kind":"settlement","start_year":1307,"end_year":1500,"importance":"city"}},{"type":"Feature","geometry":{"type":"Point","coordinates":[22.8399,44.8589]},"properties":{"id":"set_c_r_u_500","name":"Cîrşu","kind":"settlement","start_year":500,"end_year":1500,"importance":"city"}},{"type":"Feature","geometry":{"type":"Point","coordinates":[25.2747,57.3131]},"properties":{"id":"set_c_sis_1206","name":"Cēsis","kind":"settlement","start_year":1206,"end_year":1500,"importance":"city"}},{"type":"Feature","geometry":{"type":"Point","coordinates":[40.2109,38.3625]},"properties":{"id":"set_dabanas_500","name":"Dabanas","kind":"settlement","start_year":500,"end_year":1500,"importance":"city"}},{"type":"Feature","geometry":{"type":"Point","coordinates":[37.2687,36.5401]},"properties":{"id":"set_dabigu_500","name":"Dabigu","kind":"settlement","start_year":500,"end_year":1500,"importance":"city"}},{"type":"Feature","geometry":{"type":"Point","coordinates":[80.6921,5.9796]},"properties":{"id":"set_dagana_500","name":"Dagana","kind":"settlement","start_year":500,"end_year":1500,"importance":"city"}},{"type":"Feature","geometry":{"type":"Point","coordinates":[48.5684,32.0664]},"properties":{"id":"set_dah_i_n_500","name":"Dah-i Nū","kind":"settlement","start_year":500,"end_year":1500,"importance":"city"}},{"type":"Feature","geometry":{"type":"Point","coordinates":[67.8607,38.0995]},"properties":{"id":"set_dal_verzin_tepe_500","name":"Dal'verzin tepe","kind":"settlement","start_year":500,"end_year":1500,"importance":"city"}},{"type":"Feature","geometry":{"type":"Point","coordinates":[36.292,33.51]},"properties":{"id":"set_damascus","name":"Damascus","kind":"settlement","start_year":500,"end_year":1500,"importance":"capital"}},{"type":"Feature","geometry":{"type":"Point","coordinates":[19.8578,41.2913]},"properties":{"id":"set_damastion_500","name":"Damastion","kind":"settlement","start_year":500,"end_year":1500,"importance":"city"}},{"type":"Feature","geometry":{"type":"Point","coordinates":[-0.1143,48.9151]},"properties":{"id":"set_damblainville_500","name":"Damblainville","kind":"settlement","start_year":500,"end_year":1500,"importance":"city"}},{"type":"Feature","geometry":{"type":"Point","coordinates":[61.8596,30.5801]},"properties":{"id":"set_dam_i_malik_khan_500","name":"Dam-i Malik Khan","kind":"settlement","start_year":500,"end_year":1500,"importance":"city"}},{"type":"Feature","geometry":{"type":"Point","coordinates":[83.9177,18.3592]},"properties":{"id":"set_dandagula_dantapura_paloura_500","name":"Dandagula/Dantapura/Paloura","kind":"settlement","start_year":500,"end_year":1500,"importance":"city"}},{"type":"Feature","geometry":{"type":"Point","coordinates":[32.1735,30.86]},"properties":{"id":"set_daphnai_500","name":"Daphnai","kind":"settlement","start_year":500,"end_year":1500,"importance":"city"}},{"type":"Feature","geometry":{"type":"Point","coordinates":[40.9482,37.1799]},"properties":{"id":"set_dara_anastasioupolis_500","name":"Dara/Anastasioupolis","kind":"settlement","start_year":500,"end_year":1500,"importance":"city"}},{"type":"Feature","geometry":{"type":"Point","coordinates":[0.2578,51.4211]},"properties":{"id":"set_darenth_500","name":"Darenth","kind":"settlement","start_year":500,"end_year":1500,"importance":"city"}},{"type":"Feature","geometry":{"type":"Point","coordinates":[-2.7596,47.6548]},"properties":{"id":"set_darioritum_500","name":"Darioritum","kind":"settlement","start_year":500,"end_year":1500,"importance":"city"}},{"type":"Feature","geometry":{"type":"Point","coordinates":[8.65,49.8667]},"properties":{"id":"set_darmstadt_1330","name":"Darmstadt","kind":"settlement","start_year":1330,"end_year":1500,"importance":"city"}},{"type":"Feature","geometry":{"type":"Point","coordinates":[67.6356,33.8643]},"properties":{"id":"set_daroakana_500","name":"Daroakana","kind":"settlement","start_year":500,"end_year":1500,"importance":"city"}},{"type":"Feature","geometry":{"type":"Point","coordinates":[14.5583,32.4983]},"properties":{"id":"set_dar_buk_ammarah_500","name":"Dar Buk-Ammarah","kind":"settlement","start_year":500,"end_year":1500,"importance":"city"}},{"type":"Feature","geometry":{"type":"Point","coordinates":[38.7333,38.9379]},"properties":{"id":"set_dascusa_500","name":"Dascusa","kind":"settlement","start_year":500,"end_year":1500,"importance":"city"}},{"type":"Feature","geometry":{"type":"Point","coordinates":[130.5151,33.5145]},"properties":{"id":"set_dazaifu_700","name":"Dazaifu","kind":"settlement","start_year":700,"end_year":1500,"importance":"city"}},{"type":"Feature","geometry":{"type":"Point","coordinates":[15.7857,37.9207]},"properties":{"id":"set_decastadium_500","name":"Decastadium?","kind":"settlement","start_year":500,"end_year":1500,"importance":"city"}},{"type":"Feature","geometry":{"type":"Point","coordinates":[22.1862,43.8993]},"properties":{"id":"set_defensive_wall_felix_romuliana_500","name":"Defensive wall, Felix Romuliana","kind":"settlement","start_year":500,"end_year":1500,"importance":"city"}},{"type":"Feature","geometry":{"type":"Point","coordinates":[54.6245,38.2704]},"properties":{"id":"set_dehistan_mishrian_500","name":"Dehistan/Mishrian","kind":"settlement","start_year":500,"end_year":1500,"importance":"city"}},{"type":"Feature","geometry":{"type":"Point","coordinates":[30.4758,30.2919]},"properties":{"id":"set_deir_abou_makar_500","name":"Deir Abou Makar","kind":"settlement","start_year":500,"end_year":1500,"importance":"city"}},{"type":"Feature","geometry":{"type":"Point","coordinates":[29.667,30.8416]},"properties":{"id":"set_deir_abou_menas_500","name":"Deir Abou Menas","kind":"settlement","start_year":500,"end_year":1500,"importance":"city"}},{"type":"Feature","geometry":{"type":"Point","coordinates":[30.2707,30.3571]},"properties":{"id":"set_deir_amba_baramos_500","name":"Deir Amba Baramos","kind":"settlement","start_year":500,"end_year":1500,"importance":"city"}},{"type":"Feature","geometry":{"type":"Point","coordinates":[31.7397,26.6247]},"properties":{"id":"set_deir_anba_bakhum_500","name":"Deir Anba Bakhum","kind":"settlement","start_year":500,"end_year":1500,"importance":"city"}},{"type":"Feature","geometry":{"type":"Point","coordinates":[31.9334,26.6225]},"properties":{"id":"set_deir_madoud_500","name":"Deir Madoud","kind":"settlement","start_year":500,"end_year":1500,"importance":"city"}},{"type":"Feature","geometry":{"type":"Point","coordinates":[31.0603,27.3511]},"properties":{"id":"set_deir_magara_500","name":"Deir Magara","kind":"settlement","start_year":500,"end_year":1500,"importance":"city"}},{"type":"Feature","geometry":{"type":"Point","coordinates":[77.23,28.659]},"properties":{"id":"set_delhi","name":"Delhi (Sultanate)","kind":"settlement","start_year":1206,"end_year":1500,"importance":"megacity"}},{"type":"Feature","geometry":{"type":"Point","coordinates":[17.3139,43.6446]},"properties":{"id":"set_delminium_500","name":"Delminium","kind":"settlement","start_year":500,"end_year":1500,"importance":"city"}},{"type":"Feature","geometry":{"type":"Point","coordinates":[22.5012,38.4823]},"properties":{"id":"set_delphi_500","name":"Delphi","kind":"settlement","start_year":500,"end_year":1500,"importance":"city"}},{"type":"Feature","geometry":{"type":"Point","coordinates":[22.924,39.3435]},"properties":{"id":"set_demetrias_magnesian_500","name":"Demetrias (Magnesian)","kind":"settlement","start_year":500,"end_year":1500,"importance":"city"}},{"type":"Feature","geometry":{"type":"Point","coordinates":[30.2705,39.8503]},"properties":{"id":"set_demircih_y_k_500","name":"Demircihöyük","kind":"settlement","start_year":500,"end_year":1500,"importance":"city"}},{"type":"Feature","geometry":{"type":"Point","coordinates":[13.0439,53.905]},"properties":{"id":"set_demmin_1201","name":"Demmin","kind":"settlement","start_year":1201,"end_year":1500,"importance":"city"}},{"type":"Feature","geometry":{"type":"Point","coordinates":[-0.7144,52.8845]},"properties":{"id":"set_denton_500","name":"Denton","kind":"settlement","start_year":500,"end_year":1500,"importance":"city"}},{"type":"Feature","geometry":{"type":"Point","coordinates":[70.6333,30.05]},"properties":{"id":"set_dera_ghazi_khan_1474","name":"Dera Ghazi Khan","kind":"settlement","start_year":1474,"end_year":1500,"importance":"city"}},{"type":"Feature","geometry":{"type":"Point","coordinates":[48.2889,42.0578]},"properties":{"id":"set_derbent_438","name":"Derbent","kind":"settlement","start_year":438,"end_year":1500,"importance":"city"}},{"type":"Feature","geometry":{"type":"Point","coordinates":[-1.4767,52.9217]},"properties":{"id":"set_derby_600","name":"Derby","kind":"settlement","start_year":600,"end_year":1500,"importance":"city"}},{"type":"Feature","geometry":{"type":"Point","coordinates":[8.8655,44.8972]},"properties":{"id":"set_dertona_500","name":"Dertona","kind":"settlement","start_year":500,"end_year":1500,"importance":"city"}},{"type":"Feature","geometry":{"type":"Point","coordinates":[-0.7892,54.1345]},"properties":{"id":"set_derventio_500","name":"Derventio","kind":"settlement","start_year":500,"end_year":1500,"importance":"city"}},{"type":"Feature","geometry":{"type":"Point","coordinates":[2.5239,46.6927]},"properties":{"id":"set_derventum_500","name":"Derventum","kind":"settlement","start_year":500,"end_year":1500,"importance":"city"}},{"type":"Feature","geometry":{"type":"Point","coordinates":[78.8956,9.4776]},"properties":{"id":"set_devipattinam_500","name":"Devipattinam","kind":"settlement","start_year":500,"end_year":1500,"importance":"city"}},{"type":"Feature","geometry":{"type":"Point","coordinates":[80.3484,16.5777]},"properties":{"id":"set_dharanikota_pitoura_500","name":"Dharanikota/Pitoura","kind":"settlement","start_year":500,"end_year":1500,"importance":"city"}},{"type":"Feature","geometry":{"type":"Point","coordinates":[25.6042,36.8881]},"properties":{"id":"set_dhaskalio_settlement_500","name":"Dhaskalio (settlement)","kind":"settlement","start_year":500,"end_year":1500,"importance":"city"}},{"type":"Feature","geometry":{"type":"Point","coordinates":[70.2135,23.8887]},"properties":{"id":"set_dholavira_500","name":"Dholavira","kind":"settlement","start_year":500,"end_year":1500,"importance":"city"}},{"type":"Feature","geometry":{"type":"Point","coordinates":[45.1481,19.7819]},"properties":{"id":"set_dh_t_k_hl_500","name":"Dhāt Kāhl","kind":"settlement","start_year":500,"end_year":1500,"importance":"city"}},{"type":"Feature","geometry":{"type":"Point","coordinates":[14.6058,36.9472]},"properties":{"id":"set_dianae_fons_500","name":"Dianae Fons?","kind":"settlement","start_year":500,"end_year":1500,"importance":"city"}},{"type":"Feature","geometry":{"type":"Point","coordinates":[6.0775,35.7798]},"properties":{"id":"set_diana_veteranorum_500","name":"Diana Veteranorum","kind":"settlement","start_year":500,"end_year":1500,"importance":"city"}},{"type":"Feature","geometry":{"type":"Point","coordinates":[23.7671,35.6637]},"properties":{"id":"set_diktynnaion_500","name":"Diktynnaion","kind":"settlement","start_year":500,"end_year":1500,"importance":"city"}},{"type":"Feature","geometry":{"type":"Point","coordinates":[66.5264,37.0228]},"properties":{"id":"set_dilbarjin_500","name":"Dilbarjin","kind":"settlement","start_year":500,"end_year":1500,"importance":"city"}},{"type":"Feature","geometry":{"type":"Point","coordinates":[44.4669,32.2958]},"properties":{"id":"set_dilbat_500","name":"Dilbat","kind":"settlement","start_year":500,"end_year":1500,"importance":"city"}},{"type":"Feature","geometry":{"type":"Point","coordinates":[43.1414,38.3598]},"properties":{"id":"set_dilkaya_h_y_500","name":"Dilkaya Höyüğü","kind":"settlement","start_year":500,"end_year":1500,"importance":"city"}},{"type":"Feature","geometry":{"type":"Point","coordinates":[25.1294,43.6508]},"properties":{"id":"set_dimum_500","name":"Dimum","kind":"settlement","start_year":500,"end_year":1500,"importance":"city"}},{"type":"Feature","geometry":{"type":"Point","coordinates":[-4.2596,53.3507]},"properties":{"id":"set_din_lligwy_500","name":"Din Lligwy","kind":"settlement","start_year":500,"end_year":1500,"importance":"city"}},{"type":"Feature","geometry":{"type":"Point","coordinates":[33.0924,36.0923]},"properties":{"id":"set_dionysophanes_500","name":"Dionysophanes","kind":"settlement","start_year":500,"end_year":1500,"importance":"city"}},{"type":"Feature","geometry":{"type":"Point","coordinates":[29.3792,38.1521]},"properties":{"id":"set_dionysopolis_500","name":"Dionysopolis","kind":"settlement","start_year":500,"end_year":1500,"importance":"city"}},{"type":"Feature","geometry":{"type":"Point","coordinates":[22.4914,40.1764]},"properties":{"id":"set_dion_500","name":"Dion","kind":"settlement","start_year":500,"end_year":1500,"importance":"city"}},{"type":"Feature","geometry":{"type":"Point","coordinates":[22.25,39.25]},"properties":{"id":"set_dion_orchomenos_500","name":"Dion/Orchomenos","kind":"settlement","start_year":500,"end_year":1500,"importance":"city"}},{"type":"Feature","geometry":{"type":"Point","coordinates":[41.0112,42.9983]},"properties":{"id":"set_dioscurias_sebastopolis_500","name":"Dioscurias/Sebastopolis","kind":"settlement","start_year":500,"end_year":1500,"importance":"city"}},{"type":"Feature","geometry":{"type":"Point","coordinates":[27.7862,39.8478]},"properties":{"id":"set_dios_hieron_500","name":"Dios Hieron?","kind":"settlement","start_year":500,"end_year":1500,"importance":"city"}},{"type":"Feature","geometry":{"type":"Point","coordinates":[21.2902,40.4856]},"properties":{"id":"set_dispilio_500","name":"Dispilio","kind":"settlement","start_year":500,"end_year":1500,"importance":"city"}},{"type":"Feature","geometry":{"type":"Point","coordinates":[19.5332,48.4481]},"properties":{"id":"set_divin_castle_500","name":"Divin Castle","kind":"settlement","start_year":500,"end_year":1500,"importance":"city"}},{"type":"Feature","geometry":{"type":"Point","coordinates":[7.1426,36.8984]},"properties":{"id":"set_djebel_felfela_500","name":"Djebel Felfela","kind":"settlement","start_year":500,"end_year":1500,"importance":"city"}},{"type":"Feature","geometry":{"type":"Point","coordinates":[37.5333,56.35]},"properties":{"id":"set_dmitrov_1154","name":"Dmitrov","kind":"settlement","start_year":1154,"end_year":1500,"importance":"city"}},{"type":"Feature","geometry":{"type":"Point","coordinates":[22.7532,41.388]},"properties":{"id":"set_doberos_500","name":"Doberos","kind":"settlement","start_year":500,"end_year":1500,"importance":"city"}},{"type":"Feature","geometry":{"type":"Point","coordinates":[18.1333,44.7333]},"properties":{"id":"set_doboj_1415","name":"Doboj","kind":"settlement","start_year":1415,"end_year":1500,"importance":"city"}},{"type":"Feature","geometry":{"type":"Point","coordinates":[20.3958,53.9875]},"properties":{"id":"set_dobre_miasto_1326","name":"Dobre Miasto","kind":"settlement","start_year":1326,"end_year":1500,"importance":"city"}},{"type":"Feature","geometry":{"type":"Point","coordinates":[18.4444,50.7278]},"properties":{"id":"set_dobrodzie_1279","name":"Dobrodzień","kind":"settlement","start_year":1279,"end_year":1500,"importance":"city"}},{"type":"Feature","geometry":{"type":"Point","coordinates":[20.3675,48.8206]},"properties":{"id":"set_dob_in_1326","name":"Dobšiná","kind":"settlement","start_year":1326,"end_year":1500,"importance":"city"}},{"type":"Feature","geometry":{"type":"Point","coordinates":[19.2658,42.4677]},"properties":{"id":"set_doclea_500","name":"Doclea","kind":"settlement","start_year":500,"end_year":1500,"importance":"city"}},{"type":"Feature","geometry":{"type":"Point","coordinates":[28.5358,43.8155]},"properties":{"id":"set_documaci_tumulus_500","name":"Documaci tumulus","kind":"settlement","start_year":500,"end_year":1500,"importance":"city"}},{"type":"Feature","geometry":{"type":"Point","coordinates":[20.7877,39.5464]},"properties":{"id":"set_dodona_epirus_500","name":"Dodona (Epirus)","kind":"settlement","start_year":500,"end_year":1500,"importance":"city"}},{"type":"Feature","geometry":{"type":"Point","coordinates":[11.2704,42.5486]},"properties":{"id":"set_doganella_500","name":"Doganella","kind":"settlement","start_year":500,"end_year":1500,"importance":"city"}},{"type":"Feature","geometry":{"type":"Point","coordinates":[42.92,36.8624]},"properties":{"id":"set_dohuk_500","name":"Dohuk","kind":"settlement","start_year":500,"end_year":1500,"importance":"city"}},{"type":"Feature","geometry":{"type":"Point","coordinates":[5.4878,47.0892]},"properties":{"id":"set_dole_500","name":"Dole","kind":"settlement","start_year":500,"end_year":1500,"importance":"city"}},{"type":"Feature","geometry":{"type":"Point","coordinates":[37.3452,37.1278]},"properties":{"id":"set_doliche_500","name":"Doliche","kind":"settlement","start_year":500,"end_year":1500,"importance":"city"}},{"type":"Feature","geometry":{"type":"Point","coordinates":[21.1802,42.5472]},"properties":{"id":"set_donja_gu_terica_500","name":"Donja Gušterica","kind":"settlement","start_year":500,"end_year":1500,"importance":"city"}},{"type":"Feature","geometry":{"type":"Point","coordinates":[7.1644,48.5125]},"properties":{"id":"set_donon_500","name":"Donon","kind":"settlement","start_year":500,"end_year":1500,"importance":"city"}},{"type":"Feature","geometry":{"type":"Point","coordinates":[4.7093,44.4444]},"properties":{"id":"set_donz_re_500","name":"Donzère","kind":"settlement","start_year":500,"end_year":1500,"importance":"city"}},{"type":"Feature","geometry":{"type":"Point","coordinates":[-1.1661,51.6446]},"properties":{"id":"set_dorchester_on_thames_500","name":"Dorchester-on-Thames","kind":"settlement","start_year":500,"end_year":1500,"importance":"city"}},{"type":"Feature","geometry":{"type":"Point","coordinates":[7.4653,51.5139]},"properties":{"id":"set_dortmund_882","name":"Dortmund","kind":"settlement","start_year":882,"end_year":1500,"importance":"city"}},{"type":"Feature","geometry":{"type":"Point","coordinates":[30.5168,39.7749]},"properties":{"id":"set_dorylaion_500","name":"Dorylaion","kind":"settlement","start_year":500,"end_year":1500,"importance":"city"}},{"type":"Feature","geometry":{"type":"Point","coordinates":[35.2399,32.4135]},"properties":{"id":"set_dothan_500","name":"Dothan","kind":"settlement","start_year":500,"end_year":1500,"importance":"city"}},{"type":"Feature","geometry":{"type":"Point","coordinates":[26.0105,38.1788]},"properties":{"id":"set_dotion_500","name":"Dotion","kind":"settlement","start_year":500,"end_year":1500,"importance":"city"}},{"type":"Feature","geometry":{"type":"Point","coordinates":[30.4125,19.6088]},"properties":{"id":"set_doukki_gel_500","name":"Doukki Gel","kind":"settlement","start_year":500,"end_year":1500,"importance":"city"}},{"type":"Feature","geometry":{"type":"Point","coordinates":[41.1575,42.8719]},"properties":{"id":"set_dranda_500","name":"Dranda","kind":"settlement","start_year":500,"end_year":1500,"importance":"city"}},{"type":"Feature","geometry":{"type":"Point","coordinates":[26.9479,36.7182]},"properties":{"id":"set_drekanon_promontory_500","name":"Drekanon promontory","kind":"settlement","start_year":500,"end_year":1500,"importance":"city"}},{"type":"Feature","geometry":{"type":"Point","coordinates":[12.5178,38.0171]},"properties":{"id":"set_drepanum_500","name":"Drepanum","kind":"settlement","start_year":500,"end_year":1500,"importance":"city"}},{"type":"Feature","geometry":{"type":"Point","coordinates":[13.7381,51.0493]},"properties":{"id":"set_dresden_1206","name":"Dresden","kind":"settlement","start_year":1206,"end_year":1500,"importance":"city"}},{"type":"Feature","geometry":{"type":"Point","coordinates":[-6.3525,53.715]},"properties":{"id":"set_drogheda_1194","name":"Drogheda","kind":"settlement","start_year":1194,"end_year":1500,"importance":"city"}},{"type":"Feature","geometry":{"type":"Point","coordinates":[22.65,52.4]},"properties":{"id":"set_drohiczyn_1498","name":"Drohiczyn","kind":"settlement","start_year":1498,"end_year":1500,"importance":"city"}},{"type":"Feature","geometry":{"type":"Point","coordinates":[8.9077,36.2495]},"properties":{"id":"set_drusiliana_500","name":"Drusiliana?","kind":"settlement","start_year":500,"end_year":1500,"importance":"city"}},{"type":"Feature","geometry":{"type":"Point","coordinates":[22.3912,49.8261]},"properties":{"id":"set_dubiecko_1407","name":"Dubiecko","kind":"settlement","start_year":1407,"end_year":1500,"importance":"city"}},{"type":"Feature","geometry":{"type":"Point","coordinates":[-6.268,53.344]},"properties":{"id":"set_dublin","name":"Dublin","kind":"settlement","start_year":841,"end_year":1500,"importance":"city"}},{"type":"Feature","geometry":{"type":"Point","coordinates":[18.1658,48.9575]},"properties":{"id":"set_dubnica_nad_v_hom_1193","name":"Dubnica nad Váhom","kind":"settlement","start_year":1193,"end_year":1500,"importance":"city"}},{"type":"Feature","geometry":{"type":"Point","coordinates":[21.6833,49.5583]},"properties":{"id":"set_dukla_1380","name":"Dukla","kind":"settlement","start_year":1380,"end_year":1500,"importance":"city"}},{"type":"Feature","geometry":{"type":"Point","coordinates":[17.6147,47.9961]},"properties":{"id":"set_dunajsk_streda_1254","name":"Dunajská Streda","kind":"settlement","start_year":1254,"end_year":1500,"importance":"city"}},{"type":"Feature","geometry":{"type":"Point","coordinates":[6.8421,51.0931]},"properties":{"id":"set_durnomagus_500","name":"Durnomagus","kind":"settlement","start_year":500,"end_year":1500,"importance":"city"}},{"type":"Feature","geometry":{"type":"Point","coordinates":[0.5026,51.3896]},"properties":{"id":"set_durobrivae_500","name":"Durobrivae","kind":"settlement","start_year":500,"end_year":1500,"importance":"city"}},{"type":"Feature","geometry":{"type":"Point","coordinates":[-0.3479,52.5586]},"properties":{"id":"set_durobrivae_water_newton_500","name":"Durobrivae (Water Newton)","kind":"settlement","start_year":500,"end_year":1500,"importance":"city"}},{"type":"Feature","geometry":{"type":"Point","coordinates":[0.1142,52.2125]},"properties":{"id":"set_duroliponte_500","name":"Duroliponte","kind":"settlement","start_year":500,"end_year":1500,"importance":"city"}},{"type":"Feature","geometry":{"type":"Point","coordinates":[14.459,41.6538]},"properties":{"id":"set_duronia_500","name":"Duronia","kind":"settlement","start_year":500,"end_year":1500,"importance":"city"}},{"type":"Feature","geometry":{"type":"Point","coordinates":[1.0839,51.2799]},"properties":{"id":"set_durovernum_500","name":"*Durovernum","kind":"settlement","start_year":500,"end_year":1500,"importance":"city"}},{"type":"Feature","geometry":{"type":"Point","coordinates":[40.8137,36.3875]},"properties":{"id":"set_dur_a_ur_ketti_le_ir_500","name":"Dur-Aššur-ketti-lešir","kind":"settlement","start_year":500,"end_year":1500,"importance":"city"}},{"type":"Feature","geometry":{"type":"Point","coordinates":[42.1622,36.2145]},"properties":{"id":"set_dur_bel_harran_belu_u_ur_500","name":"Dur-Bel-Harran-belu-uṣur","kind":"settlement","start_year":500,"end_year":1500,"importance":"city"}},{"type":"Feature","geometry":{"type":"Point","coordinates":[40.7425,35.6449]},"properties":{"id":"set_dur_katlimmu_magdalu_500","name":"[Dur-Katlimmu]/Magdalu","kind":"settlement","start_year":500,"end_year":1500,"importance":"city"}},{"type":"Feature","geometry":{"type":"Point","coordinates":[68.7632,38.5648]},"properties":{"id":"set_dushanbe_500","name":"Dushanbe","kind":"settlement","start_year":500,"end_year":1500,"importance":"city"}},{"type":"Feature","geometry":{"type":"Point","coordinates":[111.0783,48.5384]},"properties":{"id":"set_duurlig_nars_500","name":"Duurlig Nars","kind":"settlement","start_year":500,"end_year":1500,"importance":"city"}},{"type":"Feature","geometry":{"type":"Point","coordinates":[44.5783,40.0044]},"properties":{"id":"set_dvin_335","name":"Dvin","kind":"settlement","start_year":335,"end_year":1500,"importance":"city"}},{"type":"Feature","geometry":{"type":"Point","coordinates":[21.5514,38.1446]},"properties":{"id":"set_dyme_500","name":"Dyme","kind":"settlement","start_year":500,"end_year":1500,"importance":"city"}},{"type":"Feature","geometry":{"type":"Point","coordinates":[19.4474,41.3163]},"properties":{"id":"set_dyrr_h_achium_epidamnos_500","name":"Dyrr(h)achium/Epidamnos","kind":"settlement","start_year":500,"end_year":1500,"importance":"city"}},{"type":"Feature","geometry":{"type":"Point","coordinates":[24.1448,38.3552]},"properties":{"id":"set_dystos_500","name":"Dystos","kind":"settlement","start_year":500,"end_year":1500,"importance":"city"}},{"type":"Feature","geometry":{"type":"Point","coordinates":[37.85,55.6333]},"properties":{"id":"set_dzerzhinsky_1380","name":"Dzerzhinsky","kind":"settlement","start_year":1380,"end_year":1500,"importance":"city"}},{"type":"Feature","geometry":{"type":"Point","coordinates":[45.9802,41.913]},"properties":{"id":"set_dzveli_gavazi_church_500","name":"Dzveli Gavazi Church","kind":"settlement","start_year":500,"end_year":1500,"importance":"city"}},{"type":"Feature","geometry":{"type":"Point","coordinates":[20.9833,50.175]},"properties":{"id":"set_d_browa_tarnowska_1442","name":"Dąbrowa Tarnowska","kind":"settlement","start_year":1442,"end_year":1500,"importance":"city"}},{"type":"Feature","geometry":{"type":"Point","coordinates":[14.2083,50.1845]},"properties":{"id":"set_d_etovice_500","name":"Dřetovice","kind":"settlement","start_year":500,"end_year":1500,"importance":"city"}},{"type":"Feature","geometry":{"type":"Point","coordinates":[36.7704,36.2136]},"properties":{"id":"set_d_na_500","name":"Dāna","kind":"settlement","start_year":500,"end_year":1500,"importance":"city"}},{"type":"Feature","geometry":{"type":"Point","coordinates":[8.5803,50.6503]},"properties":{"id":"set_d_nsberg_500","name":"Dünsberg","kind":"settlement","start_year":500,"end_year":1500,"importance":"city"}},{"type":"Feature","geometry":{"type":"Point","coordinates":[39.0276,37.1404]},"properties":{"id":"set_d_ru_500","name":"Dūru","kind":"settlement","start_year":500,"end_year":1500,"importance":"city"}},{"type":"Feature","geometry":{"type":"Point","coordinates":[18.2238,46.0773]},"properties":{"id":"set_early_christian_necropolis_of_p_cs_sopianae_500","name":"Early Christian Necropolis of Pécs (Sopianae)","kind":"settlement","start_year":500,"end_year":1500,"importance":"city"}},{"type":"Feature","geometry":{"type":"Point","coordinates":[0.2847,50.7668]},"properties":{"id":"set_eastbourne_500","name":"Eastbourne","kind":"settlement","start_year":500,"end_year":1500,"importance":"city"}},{"type":"Feature","geometry":{"type":"Point","coordinates":[-2.0937,50.6446]},"properties":{"id":"set_east_creech_villa_500","name":"East Creech villa","kind":"settlement","start_year":500,"end_year":1500,"importance":"city"}},{"type":"Feature","geometry":{"type":"Point","coordinates":[36.7983,35.799]},"properties":{"id":"set_ebla_500","name":"Ebla","kind":"settlement","start_year":500,"end_year":1500,"importance":"city"}},{"type":"Feature","geometry":{"type":"Point","coordinates":[34.7737,30.7942]},"properties":{"id":"set_eboda_500","name":"Eboda","kind":"settlement","start_year":500,"end_year":1500,"importance":"city"}},{"type":"Feature","geometry":{"type":"Point","coordinates":[-9.1408,39.3641]},"properties":{"id":"set_eburobrittium_500","name":"Eburobrittium","kind":"settlement","start_year":500,"end_year":1500,"importance":"city"}},{"type":"Feature","geometry":{"type":"Point","coordinates":[6.6415,46.7828]},"properties":{"id":"set_eburodunum_500","name":"Eburodunum","kind":"settlement","start_year":500,"end_year":1500,"importance":"city"}},{"type":"Feature","geometry":{"type":"Point","coordinates":[48.5164,34.8056]},"properties":{"id":"set_ecbatana_hagmatana_achmeta_epiphaneia_ahmadan_500","name":"Ecbatana/Hagmatana/Achmeta/Epiphaneia/Ahmadan","kind":"settlement","start_year":500,"end_year":1500,"importance":"city"}},{"type":"Feature","geometry":{"type":"Point","coordinates":[22.7239,38.8934]},"properties":{"id":"set_echinos_500","name":"Echinos","kind":"settlement","start_year":500,"end_year":1500,"importance":"city"}},{"type":"Feature","geometry":{"type":"Point","coordinates":[2.9117,50.1818]},"properties":{"id":"set_ecoust_st_mein_500","name":"Ecoust-St-Mein","kind":"settlement","start_year":500,"end_year":1500,"importance":"city"}},{"type":"Feature","geometry":{"type":"Point","coordinates":[-3.1892,55.9533]},"properties":{"id":"set_edinburgh_601","name":"Edinburgh","kind":"settlement","start_year":601,"end_year":1500,"importance":"city"}},{"type":"Feature","geometry":{"type":"Point","coordinates":[26.556,41.677]},"properties":{"id":"set_edirne","name":"Edirne (Adrianople)","kind":"settlement","start_year":1369,"end_year":1453,"importance":"capital"}},{"type":"Feature","geometry":{"type":"Point","coordinates":[26.5736,41.673]},"properties":{"id":"set_edirne_125","name":"Edirne","kind":"settlement","start_year":125,"end_year":1500,"importance":"city"}},{"type":"Feature","geometry":{"type":"Point","coordinates":[33.75,28.25]},"properties":{"id":"set_ed_deir_500","name":"ed-Deir","kind":"settlement","start_year":500,"end_year":1500,"importance":"city"}},{"type":"Feature","geometry":{"type":"Point","coordinates":[-0.5479,51.4289]},"properties":{"id":"set_egham_666","name":"Egham","kind":"settlement","start_year":666,"end_year":1500,"importance":"city"}},{"type":"Feature","geometry":{"type":"Point","coordinates":[17.3898,40.887]},"properties":{"id":"set_egnatia_gnathia_500","name":"Egnatia/Gnathia","kind":"settlement","start_year":500,"end_year":1500,"importance":"city"}},{"type":"Feature","geometry":{"type":"Point","coordinates":[-2.4733,43.1843]},"properties":{"id":"set_eibar_1346","name":"Eibar","kind":"settlement","start_year":1346,"end_year":1500,"importance":"city"}},{"type":"Feature","geometry":{"type":"Point","coordinates":[22.1662,44.5435]},"properties":{"id":"set_eibenthal_500","name":"Eibenthal","kind":"settlement","start_year":500,"end_year":1500,"importance":"city"}},{"type":"Feature","geometry":{"type":"Point","coordinates":[32.7983,25.1196]},"properties":{"id":"set_eileithyiaspolis_500","name":"Eileithyiaspolis","kind":"settlement","start_year":500,"end_year":1500,"importance":"city"}},{"type":"Feature","geometry":{"type":"Point","coordinates":[23.5079,38.3078]},"properties":{"id":"set_eilesion_500","name":"Eilesion","kind":"settlement","start_year":500,"end_year":1500,"importance":"city"}},{"type":"Feature","geometry":{"type":"Point","coordinates":[11.2236,52.1487]},"properties":{"id":"set_eilsleben_500","name":"Eilsleben","kind":"settlement","start_year":500,"end_year":1500,"importance":"city"}},{"type":"Feature","geometry":{"type":"Point","coordinates":[23.9674,38.2031]},"properties":{"id":"set_eitea_antiochis_500","name":"Eitea (Antiochis)","kind":"settlement","start_year":500,"end_year":1500,"importance":"city"}},{"type":"Feature","geometry":{"type":"Point","coordinates":[16.8261,40.3833]},"properties":{"id":"set_ekklesiasterion_theater_at_metapontum_500","name":"Ekklesiasterion/Theater at Metapontum","kind":"settlement","start_year":500,"end_year":1500,"importance":"city"}},{"type":"Feature","geometry":{"type":"Point","coordinates":[34.1744,36.4822]},"properties":{"id":"set_elaioussa_sebaste_500","name":"Elaioussa/Sebaste","kind":"settlement","start_year":500,"end_year":1500,"importance":"city"}},{"type":"Feature","geometry":{"type":"Point","coordinates":[22.78,38.6456]},"properties":{"id":"set_elateia_500","name":"Elateia","kind":"settlement","start_year":500,"end_year":1500,"importance":"city"}},{"type":"Feature","geometry":{"type":"Point","coordinates":[19.4089,54.1522]},"properties":{"id":"set_elbl_g_1237","name":"Elbląg","kind":"settlement","start_year":1237,"end_year":1500,"importance":"city"}},{"type":"Feature","geometry":{"type":"Point","coordinates":[-7.8933,40.3608]},"properties":{"id":"set_elbocoris_500","name":"Elbocoris","kind":"settlement","start_year":500,"end_year":1500,"importance":"city"}},{"type":"Feature","geometry":{"type":"Point","coordinates":[-2.0484,38.4474]},"properties":{"id":"set_elche_de_la_sierra_500","name":"Elche de la Sierra","kind":"settlement","start_year":500,"end_year":1500,"importance":"city"}},{"type":"Feature","geometry":{"type":"Point","coordinates":[43.312,38.9846]},"properties":{"id":"set_elebiba_500","name":"Çelebibağı","kind":"settlement","start_year":500,"end_year":1500,"importance":"city"}},{"type":"Feature","geometry":{"type":"Point","coordinates":[21.9,51.8]},"properties":{"id":"set_elech_w_1282","name":"Żelechów","kind":"settlement","start_year":1282,"end_year":1500,"importance":"city"}},{"type":"Feature","geometry":{"type":"Point","coordinates":[72.9317,18.9628]},"properties":{"id":"set_elephanta_caves_500","name":"Elephanta Caves","kind":"settlement","start_year":500,"end_year":1500,"importance":"city"}},{"type":"Feature","geometry":{"type":"Point","coordinates":[20.9995,41.7022]},"properties":{"id":"set_elezna_reka_500","name":"Železna Reka","kind":"settlement","start_year":500,"end_year":1500,"importance":"city"}},{"type":"Feature","geometry":{"type":"Point","coordinates":[21.8522,44.4508]},"properties":{"id":"set_eleznik_potok_500","name":"Železnik potok","kind":"settlement","start_year":500,"end_year":1500,"importance":"city"}},{"type":"Feature","geometry":{"type":"Point","coordinates":[21.3744,37.8913]},"properties":{"id":"set_elis_city_500","name":"Elis (city)","kind":"settlement","start_year":500,"end_year":1500,"importance":"city"}},{"type":"Feature","geometry":{"type":"Point","coordinates":[-2.1152,53.9409]},"properties":{"id":"set_elslack_roman_fort_500","name":"Elslack Roman Fort","kind":"settlement","start_year":500,"end_year":1500,"importance":"city"}},{"type":"Feature","geometry":{"type":"Point","coordinates":[48.503,32.3275]},"properties":{"id":"set_elymais_susiana_500","name":"Elymais/Susiana","kind":"settlement","start_year":500,"end_year":1500,"importance":"city"}},{"type":"Feature","geometry":{"type":"Point","coordinates":[23.7946,35.2875]},"properties":{"id":"set_elyros_500","name":"Elyros","kind":"settlement","start_year":500,"end_year":1500,"importance":"city"}},{"type":"Feature","geometry":{"type":"Point","coordinates":[-8.2449,37.2507]},"properties":{"id":"set_el_algarve_500","name":"El Algarve","kind":"settlement","start_year":500,"end_year":1500,"importance":"city"}},{"type":"Feature","geometry":{"type":"Point","coordinates":[-3.9663,37.7228]},"properties":{"id":"set_el_apero_500","name":"El Apero","kind":"settlement","start_year":500,"end_year":1500,"importance":"city"}},{"type":"Feature","geometry":{"type":"Point","coordinates":[3.3628,36.4636]},"properties":{"id":"set_el_azari_500","name":"el Azari","kind":"settlement","start_year":500,"end_year":1500,"importance":"city"}},{"type":"Feature","geometry":{"type":"Point","coordinates":[20.7247,32.6063]},"properties":{"id":"set_el_bent_500","name":"el-Bent","kind":"settlement","start_year":500,"end_year":1500,"importance":"city"}},{"type":"Feature","geometry":{"type":"Point","coordinates":[0.4269,41.4551]},"properties":{"id":"set_el_bovalar_500","name":"El Bovalar","kind":"settlement","start_year":500,"end_year":1500,"importance":"city"}},{"type":"Feature","geometry":{"type":"Point","coordinates":[-1.4665,40.9785]},"properties":{"id":"set_el_castellar_de_berrueco_500","name":"El Castellar de Berrueco","kind":"settlement","start_year":500,"end_year":1500,"importance":"city"}},{"type":"Feature","geometry":{"type":"Point","coordinates":[-2.4522,36.9131]},"properties":{"id":"set_el_chuche_settlement_500","name":"El Chuche (settlement)","kind":"settlement","start_year":500,"end_year":1500,"importance":"city"}},{"type":"Feature","geometry":{"type":"Point","coordinates":[35.6343,31.0914]},"properties":{"id":"set_el_iraq_500","name":"El-‘Iraq","kind":"settlement","start_year":500,"end_year":1500,"importance":"city"}},{"type":"Feature","geometry":{"type":"Point","coordinates":[1.5825,36.1062]},"properties":{"id":"set_el_karimia_500","name":"el Karimia","kind":"settlement","start_year":500,"end_year":1500,"importance":"city"}},{"type":"Feature","geometry":{"type":"Point","coordinates":[1.5875,36.4929]},"properties":{"id":"set_el_kessour_500","name":"el Kessour","kind":"settlement","start_year":500,"end_year":1500,"importance":"city"}},{"type":"Feature","geometry":{"type":"Point","coordinates":[30.9833,29.236]},"properties":{"id":"set_el_lahun_500","name":"el-Lahun","kind":"settlement","start_year":500,"end_year":1500,"importance":"city"}},{"type":"Feature","geometry":{"type":"Point","coordinates":[16.669,31.0164]},"properties":{"id":"set_el_magedubia_500","name":"el-Magedubia","kind":"settlement","start_year":500,"end_year":1500,"importance":"city"}},{"type":"Feature","geometry":{"type":"Point","coordinates":[-3.2101,39.3899]},"properties":{"id":"set_el_palacio_500","name":"El Palacio","kind":"settlement","start_year":500,"end_year":1500,"importance":"city"}},{"type":"Feature","geometry":{"type":"Point","coordinates":[-5.9693,43.4142]},"properties":{"id":"set_el_pedregal_500","name":"El Pedregal","kind":"settlement","start_year":500,"end_year":1500,"importance":"city"}},{"type":"Feature","geometry":{"type":"Point","coordinates":[-5.3578,40.1832]},"properties":{"id":"set_el_raso_500","name":"El Raso","kind":"settlement","start_year":500,"end_year":1500,"importance":"city"}},{"type":"Feature","geometry":{"type":"Point","coordinates":[-4.0896,37.4431]},"properties":{"id":"set_el_ruedo_500","name":"El Ruedo","kind":"settlement","start_year":500,"end_year":1500,"importance":"city"}},{"type":"Feature","geometry":{"type":"Point","coordinates":[-5.6677,37.6286]},"properties":{"id":"set_el_torre_n_500","name":"El Torreón","kind":"settlement","start_year":500,"end_year":1500,"importance":"city"}},{"type":"Feature","geometry":{"type":"Point","coordinates":[31.1802,40.7776]},"properties":{"id":"set_embolos_500","name":"Embolos","kind":"settlement","start_year":500,"end_year":1500,"importance":"city"}},{"type":"Feature","geometry":{"type":"Point","coordinates":[24.3918,36.71]},"properties":{"id":"set_emborio_500","name":"Emborio","kind":"settlement","start_year":500,"end_year":1500,"importance":"city"}},{"type":"Feature","geometry":{"type":"Point","coordinates":[14.506,46.0514]},"properties":{"id":"set_emona_500","name":"Emona","kind":"settlement","start_year":500,"end_year":1500,"importance":"city"}},{"type":"Feature","geometry":{"type":"Point","coordinates":[3.1145,42.1334]},"properties":{"id":"set_emporiae_500","name":"Emporiae","kind":"settlement","start_year":500,"end_year":1500,"importance":"city"}},{"type":"Feature","geometry":{"type":"Point","coordinates":[12.8867,38.02]},"properties":{"id":"set_emporion_segestanon_500","name":"Emporion Segestanon","kind":"settlement","start_year":500,"end_year":1500,"importance":"city"}},{"type":"Feature","geometry":{"type":"Point","coordinates":[13.125,37.774]},"properties":{"id":"set_entella_500","name":"Entella","kind":"settlement","start_year":500,"end_year":1500,"importance":"city"}},{"type":"Feature","geometry":{"type":"Point","coordinates":[16.5258,43.5073]},"properties":{"id":"set_epetium_500","name":"Epetium","kind":"settlement","start_year":500,"end_year":1500,"importance":"city"}},{"type":"Feature","geometry":{"type":"Point","coordinates":[20.5307,39.2435]},"properties":{"id":"set_ephyra_kichyros_500","name":"Ephyra/Kichyros","kind":"settlement","start_year":500,"end_year":1500,"importance":"city"}},{"type":"Feature","geometry":{"type":"Point","coordinates":[-2.4764,54.8321]},"properties":{"id":"set_epiakon_epiacum_500","name":"Epiakon (Epiacum)","kind":"settlement","start_year":500,"end_year":1500,"importance":"city"}},{"type":"Feature","geometry":{"type":"Point","coordinates":[23.0264,36.7313]},"properties":{"id":"set_epidauros_limera_500","name":"Epidauros Limera","kind":"settlement","start_year":500,"end_year":1500,"importance":"city"}},{"type":"Feature","geometry":{"type":"Point","coordinates":[36.3333,36.75]},"properties":{"id":"set_erana_500","name":"Erana","kind":"settlement","start_year":500,"end_year":1500,"importance":"city"}},{"type":"Feature","geometry":{"type":"Point","coordinates":[44.538,40.1406]},"properties":{"id":"set_erebuni_500","name":"Erebuni","kind":"settlement","start_year":500,"end_year":1500,"importance":"city"}},{"type":"Feature","geometry":{"type":"Point","coordinates":[29.9508,45.8369]},"properties":{"id":"set_eremia_geton_500","name":"Eremia Geton","kind":"settlement","start_year":500,"end_year":1500,"importance":"city"}},{"type":"Feature","geometry":{"type":"Point","coordinates":[25.9354,39.1331]},"properties":{"id":"set_eresos_500","name":"Eresos","kind":"settlement","start_year":500,"end_year":1500,"importance":"city"}},{"type":"Feature","geometry":{"type":"Point","coordinates":[11.0289,50.9781]},"properties":{"id":"set_erfurt_742","name":"Erfurt","kind":"settlement","start_year":742,"end_year":1500,"importance":"city"}},{"type":"Feature","geometry":{"type":"Point","coordinates":[27.5965,39.7276]},"properties":{"id":"set_ergasteria_500","name":"Ergasteria","kind":"settlement","start_year":500,"end_year":1500,"importance":"city"}},{"type":"Feature","geometry":{"type":"Point","coordinates":[33.5129,26.3379]},"properties":{"id":"set_eridiya_500","name":"Eridiya","kind":"settlement","start_year":500,"end_year":1500,"importance":"city"}},{"type":"Feature","geometry":{"type":"Point","coordinates":[45.9956,30.82]},"properties":{"id":"set_eridu_500","name":"Eridu","kind":"settlement","start_year":500,"end_year":1500,"importance":"city"}},{"type":"Feature","geometry":{"type":"Point","coordinates":[32.9235,34.7121]},"properties":{"id":"set_erimi_laonin_tou_porakou_500","name":"Erimi Laonin tou Porakou","kind":"settlement","start_year":500,"end_year":1500,"importance":"city"}},{"type":"Feature","geometry":{"type":"Point","coordinates":[39.5,39.75]},"properties":{"id":"set_eriza_500","name":"Eriza","kind":"settlement","start_year":500,"end_year":1500,"importance":"city"}},{"type":"Feature","geometry":{"type":"Point","coordinates":[11.005,49.5925]},"properties":{"id":"set_erlangen_1002","name":"Erlangen","kind":"settlement","start_year":1002,"end_year":1500,"importance":"city"}},{"type":"Feature","geometry":{"type":"Point","coordinates":[0.1651,42.137]},"properties":{"id":"set_ermita_de_nuestra_se_ora_del_socorro_montecillas_coscojuela_de_fantosa_500","name":"Ermita de Nuestra Señora del Socorro Montecillas (Coscojuela de Fantosa)","kind":"settlement","start_year":500,"end_year":1500,"importance":"city"}},{"type":"Feature","geometry":{"type":"Point","coordinates":[-1.8986,43.3125]},"properties":{"id":"set_errenteria_1320","name":"Errenteria","kind":"settlement","start_year":1320,"end_year":1500,"importance":"city"}},{"type":"Feature","geometry":{"type":"Point","coordinates":[26.4808,38.3828]},"properties":{"id":"set_erythrai_500","name":"Erythrai","kind":"settlement","start_year":500,"end_year":1500,"importance":"city"}},{"type":"Feature","geometry":{"type":"Point","coordinates":[22.2776,32.8732]},"properties":{"id":"set_erythron_500","name":"Erythron","kind":"settlement","start_year":500,"end_year":1500,"importance":"city"}},{"type":"Feature","geometry":{"type":"Point","coordinates":[41.276,39.908]},"properties":{"id":"set_erzurum_500","name":"Erzurum","kind":"settlement","start_year":500,"end_year":1500,"importance":"city"}},{"type":"Feature","geometry":{"type":"Point","coordinates":[-8.2563,39.9696]},"properties":{"id":"set_esc_dia_grande_500","name":"Escádia Grande","kind":"settlement","start_year":500,"end_year":1500,"importance":"city"}},{"type":"Feature","geometry":{"type":"Point","coordinates":[44.7281,33.4845]},"properties":{"id":"set_eshnunna_500","name":"Eshnunna","kind":"settlement","start_year":500,"end_year":1500,"importance":"city"}},{"type":"Feature","geometry":{"type":"Point","coordinates":[34.7731,40.1581]},"properties":{"id":"set_eskiyapar_500","name":"Eskiyapar","kind":"settlement","start_year":500,"end_year":1500,"importance":"city"}},{"type":"Feature","geometry":{"type":"Point","coordinates":[3.8655,45.0476]},"properties":{"id":"set_espaly_st_marcel_500","name":"Espaly-St-Marcel","kind":"settlement","start_year":500,"end_year":1500,"importance":"city"}},{"type":"Feature","geometry":{"type":"Point","coordinates":[1.5995,41.5989]},"properties":{"id":"set_espelt_roman_villa_500","name":"Espelt Roman villa","kind":"settlement","start_year":500,"end_year":1500,"importance":"city"}},{"type":"Feature","geometry":{"type":"Point","coordinates":[24.6556,60.2056]},"properties":{"id":"set_espoo_1458","name":"Espoo","kind":"settlement","start_year":1458,"end_year":1500,"importance":"city"}},{"type":"Feature","geometry":{"type":"Point","coordinates":[10.0275,48.8087]},"properties":{"id":"set_essingen_500","name":"Essingen","kind":"settlement","start_year":500,"end_year":1500,"importance":"city"}},{"type":"Feature","geometry":{"type":"Point","coordinates":[-7.5869,38.8433]},"properties":{"id":"set_estremoz_500","name":"Estremoz","kind":"settlement","start_year":500,"end_year":1500,"importance":"city"}},{"type":"Feature","geometry":{"type":"Point","coordinates":[16.5437,31.1776]},"properties":{"id":"set_es_semat_500","name":"es-Semat","kind":"settlement","start_year":500,"end_year":1500,"importance":"city"}},{"type":"Feature","geometry":{"type":"Point","coordinates":[-2.065,42.9073]},"properties":{"id":"set_etxarri_aranatz_1312","name":"Etxarri Aranatz","kind":"settlement","start_year":1312,"end_year":1500,"importance":"city"}},{"type":"Feature","geometry":{"type":"Point","coordinates":[35.2669,40.5704]},"properties":{"id":"set_euchaita_500","name":"Euchaita","kind":"settlement","start_year":500,"end_year":1500,"importance":"city"}},{"type":"Feature","geometry":{"type":"Point","coordinates":[20.096,32.1457]},"properties":{"id":"set_euesperides_500","name":"Euesperides","kind":"settlement","start_year":500,"end_year":1500,"importance":"city"}},{"type":"Feature","geometry":{"type":"Point","coordinates":[36.5,40.5]},"properties":{"id":"set_eupatoria_magnopolis_500","name":"Eupatoria/Magnopolis","kind":"settlement","start_year":500,"end_year":1500,"importance":"city"}},{"type":"Feature","geometry":{"type":"Point","coordinates":[22.5552,40.8866]},"properties":{"id":"set_europos_500","name":"Europos","kind":"settlement","start_year":500,"end_year":1500,"importance":"city"}},{"type":"Feature","geometry":{"type":"Point","coordinates":[-0.4415,51.1539]},"properties":{"id":"set_ewhurst_500","name":"Ewhurst","kind":"settlement","start_year":500,"end_year":1500,"importance":"city"}},{"type":"Feature","geometry":{"type":"Point","coordinates":[-3.534,50.718]},"properties":{"id":"set_exeter","name":"Exeter","kind":"settlement","start_year":500,"end_year":1500,"importance":"town"}},{"type":"Feature","geometry":{"type":"Point","coordinates":[27.2686,38.5996]},"properties":{"id":"set_e_a_river_land_500","name":"Šeḫa River Land","kind":"settlement","start_year":500,"end_year":1500,"importance":"city"}},{"type":"Feature","geometry":{"type":"Point","coordinates":[35.1088,41.3215]},"properties":{"id":"set_e_rikale_500","name":"Eğrikale","kind":"settlement","start_year":500,"end_year":1500,"importance":"city"}},{"type":"Feature","geometry":{"type":"Point","coordinates":[11.3525,45.1585]},"properties":{"id":"set_fabbrica_dei_soci_500","name":"Fabbrica dei Soci","kind":"settlement","start_year":500,"end_year":1500,"importance":"city"}},{"type":"Feature","geometry":{"type":"Point","coordinates":[11.2938,43.8082]},"properties":{"id":"set_faesulae_500","name":"Faesulae","kind":"settlement","start_year":500,"end_year":1500,"importance":"city"}},{"type":"Feature","geometry":{"type":"Point","coordinates":[12.835,55.3939]},"properties":{"id":"set_falsterbo_1300","name":"Falsterbo","kind":"settlement","start_year":1300,"end_year":1500,"importance":"city"}},{"type":"Feature","geometry":{"type":"Point","coordinates":[2.041,49.7593]},"properties":{"id":"set_famechon_500","name":"Famechon","kind":"settlement","start_year":500,"end_year":1500,"importance":"city"}},{"type":"Feature","geometry":{"type":"Point","coordinates":[-2.168,48.4813]},"properties":{"id":"set_fanum_martis_civitas_coriosolitum_500","name":"Fanum Martis/Civitas Coriosolitum","kind":"settlement","start_year":500,"end_year":1500,"importance":"city"}},{"type":"Feature","geometry":{"type":"Point","coordinates":[62.1117,32.3821]},"properties":{"id":"set_farah_bala_hisar_500","name":"Farah Bala Hisar","kind":"settlement","start_year":500,"end_year":1500,"importance":"city"}},{"type":"Feature","geometry":{"type":"Point","coordinates":[-6.8983,61.963]},"properties":{"id":"set_faroe_islands_500","name":"Faroe Islands","kind":"settlement","start_year":500,"end_year":1500,"importance":"city"}},{"type":"Feature","geometry":{"type":"Point","coordinates":[52.0762,28.7888]},"properties":{"id":"set_farrashband_4_500","name":"Farrashband 4","kind":"settlement","start_year":500,"end_year":1500,"importance":"city"}},{"type":"Feature","geometry":{"type":"Point","coordinates":[33.877,28.3267]},"properties":{"id":"set_farsh_habash_500","name":"Farsh Habash","kind":"settlement","start_year":500,"end_year":1500,"importance":"city"}},{"type":"Feature","geometry":{"type":"Point","coordinates":[11.8835,44.2862]},"properties":{"id":"set_faventia_500","name":"Faventia","kind":"settlement","start_year":500,"end_year":1500,"importance":"city"}},{"type":"Feature","geometry":{"type":"Point","coordinates":[9.3976,41.7701]},"properties":{"id":"set_favoni_portus_500","name":"Favoni Portus","kind":"settlement","start_year":500,"end_year":1500,"importance":"city"}},{"type":"Feature","geometry":{"type":"Point","coordinates":[8.6994,49.7284]},"properties":{"id":"set_felsberg_500","name":"Felsberg","kind":"settlement","start_year":500,"end_year":1500,"importance":"city"}},{"type":"Feature","geometry":{"type":"Point","coordinates":[12.1313,42.4887]},"properties":{"id":"set_ferentium_500","name":"Ferentium","kind":"settlement","start_year":500,"end_year":1500,"importance":"city"}},{"type":"Feature","geometry":{"type":"Point","coordinates":[-5.662,34.4478]},"properties":{"id":"set_ferme_biarnay_500","name":"Ferme Biarnay","kind":"settlement","start_year":500,"end_year":1500,"importance":"city"}},{"type":"Feature","geometry":{"type":"Point","coordinates":[1.8859,48.7913]},"properties":{"id":"set_ferme_d_ithe_500","name":"Ferme d'Ithe","kind":"settlement","start_year":500,"end_year":1500,"importance":"city"}},{"type":"Feature","geometry":{"type":"Point","coordinates":[2.46,35.3145]},"properties":{"id":"set_ferme_romanette_500","name":"Ferme Romanette","kind":"settlement","start_year":500,"end_year":1500,"importance":"city"}},{"type":"Feature","geometry":{"type":"Point","coordinates":[6.0885,45.9678]},"properties":{"id":"set_ferri_res_500","name":"Ferrières","kind":"settlement","start_year":500,"end_year":1500,"importance":"city"}},{"type":"Feature","geometry":{"type":"Point","coordinates":[-4.996,34.037]},"properties":{"id":"set_fez","name":"Fez","kind":"settlement","start_year":789,"end_year":1500,"importance":"capital"}},{"type":"Feature","geometry":{"type":"Point","coordinates":[-3.0707,53.0906]},"properties":{"id":"set_ffrith_500","name":"Ffrith","kind":"settlement","start_year":500,"end_year":1500,"importance":"city"}},{"type":"Feature","geometry":{"type":"Point","coordinates":[9.0289,55.8127]},"properties":{"id":"set_filskov_1101","name":"Filskov","kind":"settlement","start_year":1101,"end_year":1500,"importance":"city"}},{"type":"Feature","geometry":{"type":"Point","coordinates":[-7.2994,37.9468]},"properties":{"id":"set_fines_500","name":"Fines","kind":"settlement","start_year":500,"end_year":1500,"importance":"city"}},{"type":"Feature","geometry":{"type":"Point","coordinates":[19.8286,48.2719]},"properties":{"id":"set_fi_akovo_1246","name":"Fiľakovo","kind":"settlement","start_year":1246,"end_year":1500,"importance":"city"}},{"type":"Feature","geometry":{"type":"Point","coordinates":[14.1764,45.1378]},"properties":{"id":"set_flanaticus_sinus_500","name":"Flanaticus Sinus","kind":"settlement","start_year":500,"end_year":1500,"importance":"city"}},{"type":"Feature","geometry":{"type":"Point","coordinates":[4.6737,44.747]},"properties":{"id":"set_flaviac_500","name":"Flaviac","kind":"settlement","start_year":500,"end_year":1500,"importance":"city"}},{"type":"Feature","geometry":{"type":"Point","coordinates":[-3.2196,43.3828]},"properties":{"id":"set_flaviobriga_500","name":"Flaviobriga","kind":"settlement","start_year":500,"end_year":1500,"importance":"city"}},{"type":"Feature","geometry":{"type":"Point","coordinates":[3.1873,43.1994]},"properties":{"id":"set_fleury_500","name":"Fleury","kind":"settlement","start_year":500,"end_year":1500,"importance":"city"}},{"type":"Feature","geometry":{"type":"Point","coordinates":[11.255,43.769]},"properties":{"id":"set_florence","name":"Florence","kind":"settlement","start_year":1000,"end_year":1500,"importance":"city"}},{"type":"Feature","geometry":{"type":"Point","coordinates":[36.9341,45.3644]},"properties":{"id":"set_fontalovskaya_500","name":"Fontalovskaya","kind":"settlement","start_year":500,"end_year":1500,"importance":"city"}},{"type":"Feature","geometry":{"type":"Point","coordinates":[-8.6904,37.1103]},"properties":{"id":"set_fonte_coberta_500","name":"Fonte Coberta","kind":"settlement","start_year":500,"end_year":1500,"importance":"city"}},{"type":"Feature","geometry":{"type":"Point","coordinates":[18.1678,53.1475]},"properties":{"id":"set_fordon_1382","name":"Fordon","kind":"settlement","start_year":1382,"end_year":1500,"importance":"city"}},{"type":"Feature","geometry":{"type":"Point","coordinates":[-4.1324,57.5815]},"properties":{"id":"set_fortrose_1444","name":"Fortrose","kind":"settlement","start_year":1444,"end_year":1500,"importance":"city"}},{"type":"Feature","geometry":{"type":"Point","coordinates":[-16.9097,32.6511]},"properties":{"id":"set_fortunatae_insulae_madeira_islands_500","name":"Fortunatae Insulae? (Madeira Islands)","kind":"settlement","start_year":500,"end_year":1500,"importance":"city"}},{"type":"Feature","geometry":{"type":"Point","coordinates":[11.7075,44.354]},"properties":{"id":"set_forum_cornelii_500","name":"Forum Cornelii","kind":"settlement","start_year":500,"end_year":1500,"importance":"city"}},{"type":"Feature","geometry":{"type":"Point","coordinates":[3.6923,43.5157]},"properties":{"id":"set_forum_domitii_500","name":"Forum Domitii","kind":"settlement","start_year":500,"end_year":1500,"importance":"city"}},{"type":"Feature","geometry":{"type":"Point","coordinates":[8.6442,45.0123]},"properties":{"id":"set_forum_fulvii_valentinum_500","name":"Forum Fulvii Valentinum","kind":"settlement","start_year":500,"end_year":1500,"importance":"city"}},{"type":"Feature","geometry":{"type":"Point","coordinates":[12.6137,42.3288]},"properties":{"id":"set_forum_novum_vescovio_500","name":"Forum Novum (Vescovio)","kind":"settlement","start_year":500,"end_year":1500,"importance":"city"}},{"type":"Feature","geometry":{"type":"Point","coordinates":[14.7737,41.1314]},"properties":{"id":"set_forum_of_beneventum_500","name":"Forum of Beneventum","kind":"settlement","start_year":500,"end_year":1500,"importance":"city"}},{"type":"Feature","geometry":{"type":"Point","coordinates":[-8.4949,40.0993]},"properties":{"id":"set_forum_of_conimbriga_500","name":"Forum of Conimbriga","kind":"settlement","start_year":500,"end_year":1500,"importance":"city"}},{"type":"Feature","geometry":{"type":"Point","coordinates":[4.222,45.7438]},"properties":{"id":"set_forum_segusiavorum_500","name":"Forum Segusiavorum","kind":"settlement","start_year":500,"end_year":1500,"importance":"city"}},{"type":"Feature","geometry":{"type":"Point","coordinates":[7.375,44.7857]},"properties":{"id":"set_forum_vibii_500","name":"Forum Vibii","kind":"settlement","start_year":500,"end_year":1500,"importance":"city"}},{"type":"Feature","geometry":{"type":"Point","coordinates":[6.0028,44.4581]},"properties":{"id":"set_fouillouse_500","name":"Fouillouse","kind":"settlement","start_year":500,"end_year":1500,"importance":"city"}},{"type":"Feature","geometry":{"type":"Point","coordinates":[6.1016,43.5861]},"properties":{"id":"set_fox_amphoux_500","name":"Fox-Amphoux","kind":"settlement","start_year":500,"end_year":1500,"importance":"city"}},{"type":"Feature","geometry":{"type":"Point","coordinates":[5.8294,46.0425]},"properties":{"id":"set_franclens_500","name":"Franclens","kind":"settlement","start_year":500,"end_year":1500,"importance":"city"}},{"type":"Feature","geometry":{"type":"Point","coordinates":[8.6822,50.1106]},"properties":{"id":"set_frankfurt_100","name":"Frankfurt","kind":"settlement","start_year":100,"end_year":1500,"importance":"city"}},{"type":"Feature","geometry":{"type":"Point","coordinates":[14.5517,52.3421]},"properties":{"id":"set_frankfurt_oder_1201","name":"Frankfurt (Oder)","kind":"settlement","start_year":1201,"end_year":1500,"importance":"city"}},{"type":"Feature","geometry":{"type":"Point","coordinates":[-6.6039,41.9592]},"properties":{"id":"set_fran_a_500","name":"França","kind":"settlement","start_year":500,"end_year":1500,"importance":"city"}},{"type":"Feature","geometry":{"type":"Point","coordinates":[11.5218,43.8927]},"properties":{"id":"set_frascole_s_martino_a_poggio_500","name":"Frascole, S. Martino a Poggio","kind":"settlement","start_year":500,"end_year":1500,"importance":"city"}},{"type":"Feature","geometry":{"type":"Point","coordinates":[13.8641,41.9407]},"properties":{"id":"set_frattura_vecchia_500","name":"Frattura Vecchia","kind":"settlement","start_year":500,"end_year":1500,"importance":"city"}},{"type":"Feature","geometry":{"type":"Point","coordinates":[1.5271,51.0149]},"properties":{"id":"set_fretum_oceani_gallicum_500","name":"Fretum Oceani/Gallicum","kind":"settlement","start_year":500,"end_year":1500,"importance":"city"}},{"type":"Feature","geometry":{"type":"Point","coordinates":[-6.15,34.96]},"properties":{"id":"set_frigidae_500","name":"Frigidae","kind":"settlement","start_year":500,"end_year":1500,"importance":"city"}},{"type":"Feature","geometry":{"type":"Point","coordinates":[-3.8816,37.6006]},"properties":{"id":"set_fuente_del_alamo_500","name":"Fuente del Alamo","kind":"settlement","start_year":500,"end_year":1500,"importance":"city"}},{"type":"Feature","geometry":{"type":"Point","coordinates":[-5.477,38.2104]},"properties":{"id":"set_fuente_de_apio_500","name":"Fuente de Apio","kind":"settlement","start_year":500,"end_year":1500,"importance":"city"}},{"type":"Feature","geometry":{"type":"Point","coordinates":[-2.3393,40.4486]},"properties":{"id":"set_fuente_de_ba_os_500","name":"Fuente de Baños","kind":"settlement","start_year":500,"end_year":1500,"importance":"city"}},{"type":"Feature","geometry":{"type":"Point","coordinates":[-3.6047,38.2813]},"properties":{"id":"set_fuente_spitz_500","name":"Fuente Spitz","kind":"settlement","start_year":500,"end_year":1500,"importance":"city"}},{"type":"Feature","geometry":{"type":"Point","coordinates":[14.5543,45.2117]},"properties":{"id":"set_fulfinium_fertinium_500","name":"Fulfinium/Fertinium","kind":"settlement","start_year":500,"end_year":1500,"importance":"city"}},{"type":"Feature","geometry":{"type":"Point","coordinates":[9.6146,44.9239]},"properties":{"id":"set_fundus_ancharianus_500","name":"Fundus Ancharianus","kind":"settlement","start_year":500,"end_year":1500,"importance":"city"}},{"type":"Feature","geometry":{"type":"Point","coordinates":[9.6669,37.0334]},"properties":{"id":"set_fundus_aufidianus_500","name":"Fundus Aufidianus","kind":"settlement","start_year":500,"end_year":1500,"importance":"city"}},{"type":"Feature","geometry":{"type":"Point","coordinates":[10.1476,35.9385]},"properties":{"id":"set_fundus_dic_itanus_500","name":"Fundus (Dic)itanus","kind":"settlement","start_year":500,"end_year":1500,"importance":"city"}},{"type":"Feature","geometry":{"type":"Point","coordinates":[7.8887,35.8643]},"properties":{"id":"set_fundus_thavagalensis_500","name":"Fundus Thavagalensis","kind":"settlement","start_year":500,"end_year":1500,"importance":"city"}},{"type":"Feature","geometry":{"type":"Point","coordinates":[8.6217,35.7378]},"properties":{"id":"set_fundus_ver_500","name":"Fundus Ver(...)","kind":"settlement","start_year":500,"end_year":1500,"importance":"city"}},{"type":"Feature","geometry":{"type":"Point","coordinates":[9.352,39.581]},"properties":{"id":"set_funtana_coberta_500","name":"Funtana Coberta","kind":"settlement","start_year":500,"end_year":1500,"importance":"city"}},{"type":"Feature","geometry":{"type":"Point","coordinates":[-4.127,39.9822]},"properties":{"id":"set_f_brica_de_armas_500","name":"Fábrica de Armas","kind":"settlement","start_year":500,"end_year":1500,"importance":"city"}},{"type":"Feature","geometry":{"type":"Point","coordinates":[34.8001,31.8889]},"properties":{"id":"set_gabbut_nu_500","name":"Gabbutūnu","kind":"settlement","start_year":500,"end_year":1500,"importance":"city"}},{"type":"Feature","geometry":{"type":"Point","coordinates":[17.5788,47.8921]},"properties":{"id":"set_gab_kovo_1102","name":"Gabčíkovo","kind":"settlement","start_year":1102,"end_year":1500,"importance":"city"}},{"type":"Feature","geometry":{"type":"Point","coordinates":[-6.1331,34.4995]},"properties":{"id":"set_gadadra_500","name":"Gadadra","kind":"settlement","start_year":500,"end_year":1500,"importance":"city"}},{"type":"Feature","geometry":{"type":"Point","coordinates":[-6.2931,36.5293]},"properties":{"id":"set_gadeira_gades_col_augusta_gaditana_500","name":"Gadeira/Gades/Col. Augusta Gaditana","kind":"settlement","start_year":500,"end_year":1500,"importance":"city"}},{"type":"Feature","geometry":{"type":"Point","coordinates":[35.894,41.5713]},"properties":{"id":"set_gadilon_helega_500","name":"Gadilon/Helega?","kind":"settlement","start_year":500,"end_year":1500,"importance":"city"}},{"type":"Feature","geometry":{"type":"Point","coordinates":[9.7667,49]},"properties":{"id":"set_gaildorf_1300","name":"Gaildorf","kind":"settlement","start_year":1300,"end_year":1500,"importance":"city"}},{"type":"Feature","geometry":{"type":"Point","coordinates":[34.8638,47.3474]},"properties":{"id":"set_gaimanova_mogila_500","name":"Gaimanova Mogila","kind":"settlement","start_year":500,"end_year":1500,"importance":"city"}},{"type":"Feature","geometry":{"type":"Point","coordinates":[17.7308,48.1914]},"properties":{"id":"set_galanta_1237","name":"Galanta","kind":"settlement","start_year":1237,"end_year":1500,"importance":"city"}},{"type":"Feature","geometry":{"type":"Point","coordinates":[24.875,37.42]},"properties":{"id":"set_galessos_500","name":"Galessos","kind":"settlement","start_year":500,"end_year":1500,"importance":"city"}},{"type":"Feature","geometry":{"type":"Point","coordinates":[42.35,58.3833]},"properties":{"id":"set_galich_1159","name":"Galich","kind":"settlement","start_year":1159,"end_year":1500,"importance":"city"}},{"type":"Feature","geometry":{"type":"Point","coordinates":[45.0199,43.7684]},"properties":{"id":"set_gali_uga_500","name":"Gali͡ugaĭ","kind":"settlement","start_year":500,"end_year":1500,"importance":"city"}},{"type":"Feature","geometry":{"type":"Point","coordinates":[-10.3494,52.1727]},"properties":{"id":"set_gallarus_oratory_500","name":"Gallarus Oratory","kind":"settlement","start_year":500,"end_year":1500,"importance":"city"}},{"type":"Feature","geometry":{"type":"Point","coordinates":[7.1787,48.9237]},"properties":{"id":"set_gallo_roman_bath_complex_at_mackwiller_500","name":"Gallo-Roman bath complex at Mackwiller","kind":"settlement","start_year":500,"end_year":1500,"importance":"city"}},{"type":"Feature","geometry":{"type":"Point","coordinates":[-0.354,47.8317]},"properties":{"id":"set_gallo_roman_remains_at_la_tour_sabl_sur_sarthe_500","name":"Gallo-Roman remains at La Tour, Sablé-sur-Sarthe","kind":"settlement","start_year":500,"end_year":1500,"importance":"city"}},{"type":"Feature","geometry":{"type":"Point","coordinates":[1.6429,48.5999]},"properties":{"id":"set_gallo_roman_sanctuary_at_hanches_500","name":"Gallo-Roman Sanctuary at Hanches","kind":"settlement","start_year":500,"end_year":1500,"importance":"city"}},{"type":"Feature","geometry":{"type":"Point","coordinates":[3.1112,43.8038]},"properties":{"id":"set_gallo_roman_settlement_at_ceilhes_et_rocozels_500","name":"Gallo-Roman settlement at Ceilhes-et-Rocozels","kind":"settlement","start_year":500,"end_year":1500,"importance":"city"}},{"type":"Feature","geometry":{"type":"Point","coordinates":[5.3568,45.152]},"properties":{"id":"set_gallo_roman_structures_at_perron_500","name":"Gallo-Roman structures at Perron","kind":"settlement","start_year":500,"end_year":1500,"importance":"city"}},{"type":"Feature","geometry":{"type":"Point","coordinates":[6.2559,49.5382]},"properties":{"id":"set_gallo_roman_vicus_at_dalheim_500","name":"Gallo-Roman vicus at Dalheim","kind":"settlement","start_year":500,"end_year":1500,"importance":"city"}},{"type":"Feature","geometry":{"type":"Point","coordinates":[2.99,49.3605]},"properties":{"id":"set_gallo_roman_vicus_at_pierrefonds_500","name":"Gallo-Roman vicus at Pierrefonds","kind":"settlement","start_year":500,"end_year":1500,"importance":"city"}},{"type":"Feature","geometry":{"type":"Point","coordinates":[5.1324,45.0672]},"properties":{"id":"set_gallo_roman_villa_at_saint_paul_l_s_romans_500","name":"Gallo-Roman Villa at Saint-Paul-lès-Romans","kind":"settlement","start_year":500,"end_year":1500,"importance":"city"}},{"type":"Feature","geometry":{"type":"Point","coordinates":[0.0025,44.9114]},"properties":{"id":"set_gallo_roman_villa_les_salles_de_castillon_500","name":"Gallo-Roman villa, Les Salles-de-Castillon","kind":"settlement","start_year":500,"end_year":1500,"importance":"city"}},{"type":"Feature","geometry":{"type":"Point","coordinates":[0.37,44.0347]},"properties":{"id":"set_gallo_roman_villa_of_bapteste_at_montcrabeau_500","name":"Gallo-Roman villa of Bapteste at Montcrabeau","kind":"settlement","start_year":500,"end_year":1500,"importance":"city"}},{"type":"Feature","geometry":{"type":"Point","coordinates":[-9.0488,53.2719]},"properties":{"id":"set_galway_1124","name":"Galway","kind":"settlement","start_year":1124,"end_year":1500,"importance":"city"}},{"type":"Feature","geometry":{"type":"Point","coordinates":[35.7909,32.0955]},"properties":{"id":"set_gal_adi_500","name":"Gal'adi","kind":"settlement","start_year":500,"end_year":1500,"importance":"city"}},{"type":"Feature","geometry":{"type":"Point","coordinates":[46.5307,40.0574]},"properties":{"id":"set_gandzasar_500","name":"Gandzasar","kind":"settlement","start_year":500,"end_year":1500,"importance":"city"}},{"type":"Feature","geometry":{"type":"Point","coordinates":[75.8154,27.6734]},"properties":{"id":"set_ganeshwar_500","name":"Ganeshwar","kind":"settlement","start_year":500,"end_year":1500,"importance":"city"}},{"type":"Feature","geometry":{"type":"Point","coordinates":[49.8822,40.3953]},"properties":{"id":"set_gangara_500","name":"Gangara","kind":"settlement","start_year":500,"end_year":1500,"importance":"city"}},{"type":"Feature","geometry":{"type":"Point","coordinates":[46.3606,40.6828]},"properties":{"id":"set_ganja_660","name":"Ganja","kind":"settlement","start_year":660,"end_year":1500,"importance":"city"}},{"type":"Feature","geometry":{"type":"Point","coordinates":[40.082,43.3814]},"properties":{"id":"set_gantiadi_500","name":"Gantiadi","kind":"settlement","start_year":500,"end_year":1500,"importance":"city"}},{"type":"Feature","geometry":{"type":"Point","coordinates":[3.8462,51.599]},"properties":{"id":"set_ganuenta_500","name":"*Ganuenta?","kind":"settlement","start_year":500,"end_year":1500,"importance":"city"}},{"type":"Feature","geometry":{"type":"Point","coordinates":[89.5286,42.855]},"properties":{"id":"set_gaochang_500","name":"Gaochang","kind":"settlement","start_year":500,"end_year":1500,"importance":"city"}},{"type":"Feature","geometry":{"type":"Point","coordinates":[44.6493,35.2555]},"properties":{"id":"set_garmakan_beth_garmai_500","name":"Garmakan/Beth Garmai","kind":"settlement","start_year":500,"end_year":1500,"importance":"city"}},{"type":"Feature","geometry":{"type":"Point","coordinates":[-4.5575,52.8877]},"properties":{"id":"set_garn_fadryn_500","name":"Garn Fadryn","kind":"settlement","start_year":500,"end_year":1500,"importance":"city"}},{"type":"Feature","geometry":{"type":"Point","coordinates":[14.7046,31.4618]},"properties":{"id":"set_gasr_banat_500","name":"Gasr Banat","kind":"settlement","start_year":500,"end_year":1500,"importance":"city"}},{"type":"Feature","geometry":{"type":"Point","coordinates":[21.7677,32.5264]},"properties":{"id":"set_gasr_el_ariga_el_arigia_500","name":"Gasr el-Ariga/el-Arigia","kind":"settlement","start_year":500,"end_year":1500,"importance":"city"}},{"type":"Feature","geometry":{"type":"Point","coordinates":[21.4782,32.8117]},"properties":{"id":"set_gasr_el_hammam_500","name":"Gasr el-Hammam","kind":"settlement","start_year":500,"end_year":1500,"importance":"city"}},{"type":"Feature","geometry":{"type":"Point","coordinates":[20.204,31.0034]},"properties":{"id":"set_gasr_en_nfeil_500","name":"Gasr en-Nfeil","kind":"settlement","start_year":500,"end_year":1500,"importance":"city"}},{"type":"Feature","geometry":{"type":"Point","coordinates":[20.3,32.2167]},"properties":{"id":"set_gasr_et_tuil_500","name":"Gasr et-Tuil","kind":"settlement","start_year":500,"end_year":1500,"importance":"city"}},{"type":"Feature","geometry":{"type":"Point","coordinates":[20.1179,31.9872]},"properties":{"id":"set_gasr_galida_500","name":"Gasr Galida","kind":"settlement","start_year":500,"end_year":1500,"importance":"city"}},{"type":"Feature","geometry":{"type":"Point","coordinates":[20.7333,32.3498]},"properties":{"id":"set_gasr_silina_500","name":"Gasr Silina","kind":"settlement","start_year":500,"end_year":1500,"importance":"city"}},{"type":"Feature","geometry":{"type":"Point","coordinates":[21.7981,32.659]},"properties":{"id":"set_gasr_tectana_500","name":"Gasr Tectana","kind":"settlement","start_year":500,"end_year":1500,"importance":"city"}},{"type":"Feature","geometry":{"type":"Point","coordinates":[15.8959,41.1024]},"properties":{"id":"set_gaudiano_500","name":"Gaudiano","kind":"settlement","start_year":500,"end_year":1500,"importance":"city"}},{"type":"Feature","geometry":{"type":"Point","coordinates":[45.1334,40.3557]},"properties":{"id":"set_gavar_500","name":"Gavar","kind":"settlement","start_year":500,"end_year":1500,"importance":"city"}},{"type":"Feature","geometry":{"type":"Point","coordinates":[40.1167,56.5667]},"properties":{"id":"set_gavrilov_posad_1434","name":"Gavrilov Posad","kind":"settlement","start_year":1434,"end_year":1500,"importance":"city"}},{"type":"Feature","geometry":{"type":"Point","coordinates":[69.3631,40.1525]},"properties":{"id":"set_gaza_500","name":"Gaza","kind":"settlement","start_year":500,"end_year":1500,"importance":"city"}},{"type":"Feature","geometry":{"type":"Point","coordinates":[23.7925,41.0392]},"properties":{"id":"set_gazoros_500","name":"Gazoros","kind":"settlement","start_year":500,"end_year":1500,"importance":"city"}},{"type":"Feature","geometry":{"type":"Point","coordinates":[44.5741,38.0499]},"properties":{"id":"set_gazrik_500","name":"Gazrik","kind":"settlement","start_year":500,"end_year":1500,"importance":"city"}},{"type":"Feature","geometry":{"type":"Point","coordinates":[37.4661,44.8577]},"properties":{"id":"set_ga_kodzor_500","name":"Gaĭ-Kodzor","kind":"settlement","start_year":500,"end_year":1500,"importance":"city"}},{"type":"Feature","geometry":{"type":"Point","coordinates":[17.115,48.7175]},"properties":{"id":"set_gbely_1392","name":"Gbely","kind":"settlement","start_year":1392,"end_year":1500,"importance":"city"}},{"type":"Feature","geometry":{"type":"Point","coordinates":[18.654,54.3483]},"properties":{"id":"set_gda_sk_997","name":"Gdańsk","kind":"settlement","start_year":997,"end_year":1500,"importance":"city"}},{"type":"Feature","geometry":{"type":"Point","coordinates":[27.8167,58.75]},"properties":{"id":"set_gdov_1400","name":"Gdov","kind":"settlement","start_year":1400,"end_year":1500,"importance":"city"}},{"type":"Feature","geometry":{"type":"Point","coordinates":[18.54,54.5175]},"properties":{"id":"set_gdynia_1253","name":"Gdynia","kind":"settlement","start_year":1253,"end_year":1500,"importance":"city"}},{"type":"Feature","geometry":{"type":"Point","coordinates":[33.4853,18.9086]},"properties":{"id":"set_gebel_absol_500","name":"Gebel Absol","kind":"settlement","start_year":500,"end_year":1500,"importance":"city"}},{"type":"Feature","geometry":{"type":"Point","coordinates":[31.6341,22.28]},"properties":{"id":"set_gebel_adda_500","name":"Gebel Adda","kind":"settlement","start_year":500,"end_year":1500,"importance":"city"}},{"type":"Feature","geometry":{"type":"Point","coordinates":[31.5667,26.7667]},"properties":{"id":"set_gebel_el_haridi_500","name":"Gebel el-Haridi","kind":"settlement","start_year":500,"end_year":1500,"importance":"city"}},{"type":"Feature","geometry":{"type":"Point","coordinates":[35.3657,19.0002]},"properties":{"id":"set_gebel_gurad_500","name":"Gebel Gurad","kind":"settlement","start_year":500,"end_year":1500,"importance":"city"}},{"type":"Feature","geometry":{"type":"Point","coordinates":[34.8437,19.1509]},"properties":{"id":"set_gebel_raihob_500","name":"Gebel Raihob","kind":"settlement","start_year":500,"end_year":1500,"importance":"city"}},{"type":"Feature","geometry":{"type":"Point","coordinates":[33.9913,25.2369]},"properties":{"id":"set_gebel_rokham_500","name":"Gebel Rokham","kind":"settlement","start_year":500,"end_year":1500,"importance":"city"}},{"type":"Feature","geometry":{"type":"Point","coordinates":[30.5604,25.5387]},"properties":{"id":"set_gebel_teir_500","name":"Gebel Teir","kind":"settlement","start_year":500,"end_year":1500,"importance":"city"}},{"type":"Feature","geometry":{"type":"Point","coordinates":[33.5593,27.8425]},"properties":{"id":"set_gebel_zeit_500","name":"Gebel Zeit","kind":"settlement","start_year":500,"end_year":1500,"importance":"city"}},{"type":"Feature","geometry":{"type":"Point","coordinates":[42.7681,42.2946]},"properties":{"id":"set_gelati_monastery_500","name":"Gelati Monastery","kind":"settlement","start_year":500,"end_year":1500,"importance":"city"}},{"type":"Feature","geometry":{"type":"Point","coordinates":[0.2772,43.8844]},"properties":{"id":"set_gelleneuve_gallo_roman_villa_500","name":"Gelleneuve Gallo-Roman villa","kind":"settlement","start_year":500,"end_year":1500,"importance":"city"}},{"type":"Feature","geometry":{"type":"Point","coordinates":[34.7509,24.4828]},"properties":{"id":"set_gelli_500","name":"Gelli","kind":"settlement","start_year":500,"end_year":1500,"importance":"city"}},{"type":"Feature","geometry":{"type":"Point","coordinates":[9.1905,50.2027]},"properties":{"id":"set_gelnhausen_1170","name":"Gelnhausen","kind":"settlement","start_year":1170,"end_year":1500,"importance":"city"}},{"type":"Feature","geometry":{"type":"Point","coordinates":[8.934,44.407]},"properties":{"id":"set_genoa","name":"Genoa","kind":"settlement","start_year":900,"end_year":1500,"importance":"city"}},{"type":"Feature","geometry":{"type":"Point","coordinates":[16.7571,40.5813]},"properties":{"id":"set_genusia_500","name":"Genusia","kind":"settlement","start_year":500,"end_year":1500,"importance":"city"}},{"type":"Feature","geometry":{"type":"Point","coordinates":[35.8911,32.2801]},"properties":{"id":"set_gerasa_antiochia_ad_chrysorhoam_500","name":"Gerasa/Antiochia ad Chrysorhoam","kind":"settlement","start_year":500,"end_year":1500,"importance":"city"}},{"type":"Feature","geometry":{"type":"Point","coordinates":[26.6093,39.8985]},"properties":{"id":"set_gergis_500","name":"Gergis","kind":"settlement","start_year":500,"end_year":1500,"importance":"city"}},{"type":"Feature","geometry":{"type":"Point","coordinates":[30.5622,24.8746]},"properties":{"id":"set_germeshin_500","name":"Germeshin","kind":"settlement","start_year":500,"end_year":1500,"importance":"city"}},{"type":"Feature","geometry":{"type":"Point","coordinates":[49.6875,27.0288]},"properties":{"id":"set_gerraicus_sinus_500","name":"Gerraicus? Sinus","kind":"settlement","start_year":500,"end_year":1500,"importance":"city"}},{"type":"Feature","geometry":{"type":"Point","coordinates":[26.7886,38.196]},"properties":{"id":"set_gerraidai_500","name":"Gerraidai","kind":"settlement","start_year":500,"end_year":1500,"importance":"city"}},{"type":"Feature","geometry":{"type":"Point","coordinates":[2.8266,41.9873]},"properties":{"id":"set_gerunda_500","name":"Gerunda","kind":"settlement","start_year":500,"end_year":1500,"importance":"city"}},{"type":"Feature","geometry":{"type":"Point","coordinates":[35.5558,32.603]},"properties":{"id":"set_gesher_500","name":"Gesher","kind":"settlement","start_year":500,"end_year":1500,"importance":"city"}},{"type":"Feature","geometry":{"type":"Point","coordinates":[1.6148,50.7257]},"properties":{"id":"set_gesoriacum_bononia_500","name":"Gesoriacum/Bononia","kind":"settlement","start_year":500,"end_year":1500,"importance":"city"}},{"type":"Feature","geometry":{"type":"Point","coordinates":[3.6667,32.4833]},"properties":{"id":"set_ghardaia_1048","name":"Ghardaia","kind":"settlement","start_year":1048,"end_year":1500,"importance":"city"}},{"type":"Feature","geometry":{"type":"Point","coordinates":[10.9967,37.0587]},"properties":{"id":"set_ghar_el_kebir_settlement_500","name":"Ghar El Kebir settlement","kind":"settlement","start_year":500,"end_year":1500,"importance":"city"}},{"type":"Feature","geometry":{"type":"Point","coordinates":[-1.7783,34.6022]},"properties":{"id":"set_ghar_roubane_500","name":"Ghar Roubane","kind":"settlement","start_year":500,"end_year":1500,"importance":"city"}},{"type":"Feature","geometry":{"type":"Point","coordinates":[3.72,51.054]},"properties":{"id":"set_ghent","name":"Ghent","kind":"settlement","start_year":800,"end_year":1500,"importance":"city"}},{"type":"Feature","geometry":{"type":"Point","coordinates":[25.59,46.72]},"properties":{"id":"set_gheorgheni_1232","name":"Gheorgheni","kind":"settlement","start_year":1232,"end_year":1500,"importance":"city"}},{"type":"Feature","geometry":{"type":"Point","coordinates":[14.5547,30.9481]},"properties":{"id":"set_ghirza_500","name":"Ghirza","kind":"settlement","start_year":500,"end_year":1500,"importance":"city"}},{"type":"Feature","geometry":{"type":"Point","coordinates":[56.9788,29.7973]},"properties":{"id":"set_ghubayr_500","name":"Ghubayrā","kind":"settlement","start_year":500,"end_year":1500,"importance":"city"}},{"type":"Feature","geometry":{"type":"Point","coordinates":[33.1091,26.8688]},"properties":{"id":"set_ghuzza_ptolemaic_settlement_500","name":"Ghuzza Ptolemaic Settlement","kind":"settlement","start_year":500,"end_year":1500,"importance":"city"}},{"type":"Feature","geometry":{"type":"Point","coordinates":[32.555,35.0895]},"properties":{"id":"set_gialia_monastery_500","name":"Gialia Monastery","kind":"settlement","start_year":500,"end_year":1500,"importance":"city"}},{"type":"Feature","geometry":{"type":"Point","coordinates":[6.3499,45.6584]},"properties":{"id":"set_gilly_sur_is_re_500","name":"Gilly-sur-Isère","kind":"settlement","start_year":500,"end_year":1500,"importance":"city"}},{"type":"Feature","geometry":{"type":"Point","coordinates":[80.176,6.0637]},"properties":{"id":"set_gintota_500","name":"Gintota","kind":"settlement","start_year":500,"end_year":1500,"importance":"city"}},{"type":"Feature","geometry":{"type":"Point","coordinates":[14.9308,38.1497]},"properties":{"id":"set_gioiosa_guardia_500","name":"Gioiosa Guardia","kind":"settlement","start_year":500,"end_year":1500,"importance":"city"}},{"type":"Feature","geometry":{"type":"Point","coordinates":[21.5167,49.1117]},"properties":{"id":"set_giraltovce_1427","name":"Giraltovce","kind":"settlement","start_year":1427,"end_year":1500,"importance":"city"}},{"type":"Feature","geometry":{"type":"Point","coordinates":[45.9157,35.7528]},"properties":{"id":"set_gird_i_rostam_500","name":"Gird-i Rostam","kind":"settlement","start_year":500,"end_year":1500,"importance":"city"}},{"type":"Feature","geometry":{"type":"Point","coordinates":[40.7499,37.8169]},"properties":{"id":"set_giricano_500","name":"Giricano","kind":"settlement","start_year":500,"end_year":1500,"importance":"city"}},{"type":"Feature","geometry":{"type":"Point","coordinates":[46.1776,31.5604]},"properties":{"id":"set_girsu_tello_h_500","name":"[Girsu]/Tello(h)","kind":"settlement","start_year":500,"end_year":1500,"importance":"city"}},{"type":"Feature","geometry":{"type":"Point","coordinates":[20.2622,39.5707]},"properties":{"id":"set_gitana_500","name":"Gitana","kind":"settlement","start_year":500,"end_year":1500,"importance":"city"}},{"type":"Feature","geometry":{"type":"Point","coordinates":[31.2118,29.987]},"properties":{"id":"set_giza_642","name":"Giza","kind":"settlement","start_year":642,"end_year":1500,"importance":"city"}},{"type":"Feature","geometry":{"type":"Point","coordinates":[6.8416,43.9467]},"properties":{"id":"set_glanate_500","name":"Glanate","kind":"settlement","start_year":500,"end_year":1500,"importance":"city"}},{"type":"Feature","geometry":{"type":"Point","coordinates":[4.8329,43.7735]},"properties":{"id":"set_glanum_500","name":"Glanum","kind":"settlement","start_year":500,"end_year":1500,"importance":"city"}},{"type":"Feature","geometry":{"type":"Point","coordinates":[9.007,50.313]},"properties":{"id":"set_glauberg_500","name":"Glauberg","kind":"settlement","start_year":500,"end_year":1500,"importance":"city"}},{"type":"Feature","geometry":{"type":"Point","coordinates":[27.0096,37.661]},"properties":{"id":"set_glauke_500","name":"Glauke","kind":"settlement","start_year":500,"end_year":1500,"importance":"city"}},{"type":"Feature","geometry":{"type":"Point","coordinates":[42.202,34.2968]},"properties":{"id":"set_gleieh_500","name":"Gleieh","kind":"settlement","start_year":500,"end_year":1500,"importance":"city"}},{"type":"Feature","geometry":{"type":"Point","coordinates":[-0.6075,43.7582]},"properties":{"id":"set_gleyzia_d_augreilh_500","name":"Gleyzia d'Augreilh","kind":"settlement","start_year":500,"end_year":1500,"importance":"city"}},{"type":"Feature","geometry":{"type":"Point","coordinates":[20.2833,52.8167]},"properties":{"id":"set_glinojeck_1400","name":"Glinojeck","kind":"settlement","start_year":1400,"end_year":1500,"importance":"city"}},{"type":"Feature","geometry":{"type":"Point","coordinates":[-0.2687,44.411]},"properties":{"id":"set_glise_saint_vincent_de_marimbault_500","name":"Église Saint-Vincent de Marimbault","kind":"settlement","start_year":500,"end_year":1500,"importance":"city"}},{"type":"Feature","geometry":{"type":"Point","coordinates":[-3.0195,51.8234]},"properties":{"id":"set_gobannio_500","name":"‘Gobannio’","kind":"settlement","start_year":500,"end_year":1500,"importance":"city"}},{"type":"Feature","geometry":{"type":"Point","coordinates":[9.5167,17.0833]},"properties":{"id":"set_gobero_500","name":"Gobero","kind":"settlement","start_year":500,"end_year":1500,"importance":"city"}},{"type":"Feature","geometry":{"type":"Point","coordinates":[27.972,42.0641]},"properties":{"id":"set_golata_niva_500","name":"Golata Niva","kind":"settlement","start_year":500,"end_year":1500,"importance":"city"}},{"type":"Feature","geometry":{"type":"Point","coordinates":[23.0421,42.2932]},"properties":{"id":"set_golemo_selo_500","name":"Golemo selo","kind":"settlement","start_year":500,"end_year":1500,"importance":"city"}},{"type":"Feature","geometry":{"type":"Point","coordinates":[23.9871,42.1915]},"properties":{"id":"set_golyamo_belovo_500","name":"Golyamo Belovo","kind":"settlement","start_year":500,"end_year":1500,"importance":"city"}},{"type":"Feature","geometry":{"type":"Point","coordinates":[45.5975,38.8783]},"properties":{"id":"set_gol_tepe_500","name":"Gol tepe","kind":"settlement","start_year":500,"end_year":1500,"importance":"city"}},{"type":"Feature","geometry":{"type":"Point","coordinates":[30.9833,52.4417]},"properties":{"id":"set_gomel_1142","name":"Gomel","kind":"settlement","start_year":1142,"end_year":1500,"importance":"city"}},{"type":"Feature","geometry":{"type":"Point","coordinates":[62.0373,38.2128]},"properties":{"id":"set_gonur_tepe_500","name":"Gonur Tepe","kind":"settlement","start_year":500,"end_year":1500,"importance":"city"}},{"type":"Feature","geometry":{"type":"Point","coordinates":[32.8745,39.6948]},"properties":{"id":"set_gorbeous_500","name":"Gorbeous","kind":"settlement","start_year":500,"end_year":1500,"importance":"city"}},{"type":"Feature","geometry":{"type":"Point","coordinates":[31.9785,39.6503]},"properties":{"id":"set_gordion_vindia_500","name":"Gordion/Vindia?","kind":"settlement","start_year":500,"end_year":1500,"importance":"city"}},{"type":"Feature","geometry":{"type":"Point","coordinates":[22.1936,41.0267]},"properties":{"id":"set_goritsa_neromyloi_site_500","name":"Goritsa Neromyloi site","kind":"settlement","start_year":500,"end_year":1500,"importance":"city"}},{"type":"Feature","geometry":{"type":"Point","coordinates":[71.5817,34.0086]},"properties":{"id":"set_gorkhatri_500","name":"Gorkhatri","kind":"settlement","start_year":500,"end_year":1500,"importance":"city"}},{"type":"Feature","geometry":{"type":"Point","coordinates":[22.4654,42.5611]},"properties":{"id":"set_gorno_kobile_500","name":"Gorno Kobile","kind":"settlement","start_year":500,"end_year":1500,"importance":"city"}},{"type":"Feature","geometry":{"type":"Point","coordinates":[43.4703,56.6503]},"properties":{"id":"set_gorodets_1152","name":"Gorodets","kind":"settlement","start_year":1152,"end_year":1500,"importance":"city"}},{"type":"Feature","geometry":{"type":"Point","coordinates":[42.6925,56.2028]},"properties":{"id":"set_gorokhovets_1168","name":"Gorokhovets","kind":"settlement","start_year":1168,"end_year":1500,"importance":"city"}},{"type":"Feature","geometry":{"type":"Point","coordinates":[24.9469,35.0621]},"properties":{"id":"set_gortyn_a_500","name":"Gortyn(a)","kind":"settlement","start_year":500,"end_year":1500,"importance":"city"}},{"type":"Feature","geometry":{"type":"Point","coordinates":[71.8554,35.2469]},"properties":{"id":"set_gorys_gorya_500","name":"Gorys/Gorya","kind":"settlement","start_year":500,"end_year":1500,"importance":"city"}},{"type":"Feature","geometry":{"type":"Point","coordinates":[15.25,52.7333]},"properties":{"id":"set_gorz_w_wielkopolski_1257","name":"Gorzów Wielkopolski","kind":"settlement","start_year":1257,"end_year":1500,"importance":"city"}},{"type":"Feature","geometry":{"type":"Point","coordinates":[44.9973,40.7299]},"properties":{"id":"set_goshavank_500","name":"Goshavank","kind":"settlement","start_year":500,"end_year":1500,"importance":"city"}},{"type":"Feature","geometry":{"type":"Point","coordinates":[17.0125,51.8792]},"properties":{"id":"set_gosty_1275","name":"Gostyń","kind":"settlement","start_year":1275,"end_year":1500,"importance":"city"}},{"type":"Feature","geometry":{"type":"Point","coordinates":[11.5645,53.2788]},"properties":{"id":"set_grabow_1201","name":"Grabow","kind":"settlement","start_year":1201,"end_year":1500,"importance":"city"}},{"type":"Feature","geometry":{"type":"Point","coordinates":[29.5497,36.8096]},"properties":{"id":"set_graeco_roman_theater_at_oinoanda_500","name":"Graeco-Roman theater at Oinoanda","kind":"settlement","start_year":500,"end_year":1500,"importance":"city"}},{"type":"Feature","geometry":{"type":"Point","coordinates":[-3.6,37.176]},"properties":{"id":"set_granada","name":"Granada","kind":"settlement","start_year":1238,"end_year":1492,"importance":"capital"}},{"type":"Feature","geometry":{"type":"Point","coordinates":[0.0545,52.5769]},"properties":{"id":"set_grandford_500","name":"Grandford","kind":"settlement","start_year":500,"end_year":1500,"importance":"city"}},{"type":"Feature","geometry":{"type":"Point","coordinates":[5.9823,43.3198]},"properties":{"id":"set_grand_loou_500","name":"Grand Loou","kind":"settlement","start_year":500,"end_year":1500,"importance":"city"}},{"type":"Feature","geometry":{"type":"Point","coordinates":[5.4849,48.3854]},"properties":{"id":"set_grannum_500","name":"Grannum","kind":"settlement","start_year":500,"end_year":1500,"importance":"city"}},{"type":"Feature","geometry":{"type":"Point","coordinates":[1.9309,43.9775]},"properties":{"id":"set_granoialo_500","name":"Granoialo","kind":"settlement","start_year":500,"end_year":1500,"importance":"city"}},{"type":"Feature","geometry":{"type":"Point","coordinates":[13.8147,32.0002]},"properties":{"id":"set_graret_d_nar_salem_500","name":"Graret D'nar Salem","kind":"settlement","start_year":500,"end_year":1500,"importance":"city"}},{"type":"Feature","geometry":{"type":"Point","coordinates":[-1.417,51.7455]},"properties":{"id":"set_gravelly_guy_500","name":"Gravelly Guy","kind":"settlement","start_year":500,"end_year":1500,"importance":"city"}},{"type":"Feature","geometry":{"type":"Point","coordinates":[0.1913,52.0662]},"properties":{"id":"set_great_chesterford_500","name":"Great Chesterford","kind":"settlement","start_year":500,"end_year":1500,"importance":"city"}},{"type":"Feature","geometry":{"type":"Point","coordinates":[38.2655,34.5534]},"properties":{"id":"set_great_colonnade_at_palmyra_500","name":"Great Colonnade at Palmyra","kind":"settlement","start_year":500,"end_year":1500,"importance":"city"}},{"type":"Feature","geometry":{"type":"Point","coordinates":[45.2682,15.4018]},"properties":{"id":"set_great_dam_of_ma_rib_500","name":"Great Dam of Ma'rib","kind":"settlement","start_year":500,"end_year":1500,"importance":"city"}},{"type":"Feature","geometry":{"type":"Point","coordinates":[-1.4261,51.9605]},"properties":{"id":"set_great_tew_500","name":"Great Tew","kind":"settlement","start_year":500,"end_year":1500,"importance":"city"}},{"type":"Feature","geometry":{"type":"Point","coordinates":[54.8907,37.2423]},"properties":{"id":"set_great_wall_of_gorgan_500","name":"Great Wall of Gorgan","kind":"settlement","start_year":500,"end_year":1500,"importance":"city"}},{"type":"Feature","geometry":{"type":"Point","coordinates":[30.933,-20.267]},"properties":{"id":"set_great_zimbabwe","name":"Great Zimbabwe","kind":"settlement","start_year":1200,"end_year":1450,"importance":"capital"}},{"type":"Feature","geometry":{"type":"Point","coordinates":[9.4167,51.45]},"properties":{"id":"set_grebenstein_1272","name":"Grebenstein","kind":"settlement","start_year":1272,"end_year":1500,"importance":"city"}},{"type":"Feature","geometry":{"type":"Point","coordinates":[9.3387,40.108]},"properties":{"id":"set_gremanu_500","name":"Gremanu","kind":"settlement","start_year":500,"end_year":1500,"importance":"city"}},{"type":"Feature","geometry":{"type":"Point","coordinates":[22.1566,38.0237]},"properties":{"id":"set_gremoulias_ancient_sanctuary_500","name":"Gremoulias ancient sanctuary","kind":"settlement","start_year":500,"end_year":1500,"importance":"city"}},{"type":"Feature","geometry":{"type":"Point","coordinates":[6.9372,43.7957]},"properties":{"id":"set_greolieres_roman_milestone_500","name":"Greolieres Roman Milestone","kind":"settlement","start_year":500,"end_year":1500,"importance":"city"}},{"type":"Feature","geometry":{"type":"Point","coordinates":[-1.8711,54.514]},"properties":{"id":"set_greta_bridge_500","name":"Greta Bridge","kind":"settlement","start_year":500,"end_year":1500,"importance":"city"}},{"type":"Feature","geometry":{"type":"Point","coordinates":[-1.2637,51.4466]},"properties":{"id":"set_grimsbury_castle_500","name":"Grimsbury Castle","kind":"settlement","start_year":500,"end_year":1500,"importance":"city"}},{"type":"Feature","geometry":{"type":"Point","coordinates":[2.4663,49.6885]},"properties":{"id":"set_grivesnes_500","name":"Grivesnes","kind":"settlement","start_year":500,"end_year":1500,"importance":"city"}},{"type":"Feature","geometry":{"type":"Point","coordinates":[22.1768,42.0178]},"properties":{"id":"set_grizilevci_500","name":"Grizilevci","kind":"settlement","start_year":500,"end_year":1500,"importance":"city"}},{"type":"Feature","geometry":{"type":"Point","coordinates":[17.3667,50.6833]},"properties":{"id":"set_grodk_w_1234","name":"Grodków","kind":"settlement","start_year":1234,"end_year":1500,"importance":"city"}},{"type":"Feature","geometry":{"type":"Point","coordinates":[4.3422,36.0907]},"properties":{"id":"set_groups_of_bazinas_tumuli_500","name":"Groups of bazinas (tumuli)","kind":"settlement","start_year":500,"end_year":1500,"importance":"city"}},{"type":"Feature","geometry":{"type":"Point","coordinates":[18.755,53.4875]},"properties":{"id":"set_grudzi_dz_1065","name":"Grudziądz","kind":"settlement","start_year":1065,"end_year":1500,"importance":"city"}},{"type":"Feature","geometry":{"type":"Point","coordinates":[15.9069,40.2852]},"properties":{"id":"set_grumentum_500","name":"Grumentum","kind":"settlement","start_year":500,"end_year":1500,"importance":"city"}},{"type":"Feature","geometry":{"type":"Point","coordinates":[-3.809,39.4573]},"properties":{"id":"set_guadalferza_500","name":"Guadalferza","kind":"settlement","start_year":500,"end_year":1500,"importance":"city"}},{"type":"Feature","geometry":{"type":"Point","coordinates":[113.264,23.129]},"properties":{"id":"set_guangzhou","name":"Guangzhou (Canton)","kind":"settlement","start_year":500,"end_year":1500,"importance":"city"}},{"type":"Feature","geometry":{"type":"Point","coordinates":[48.5264,41.3653]},"properties":{"id":"set_guba_1401","name":"Guba","kind":"settlement","start_year":1401,"end_year":1500,"importance":"city"}},{"type":"Feature","geometry":{"type":"Point","coordinates":[1.861,49.1134]},"properties":{"id":"set_guiry_gadancourt_500","name":"Guiry-Gadancourt","kind":"settlement","start_year":500,"end_year":1500,"importance":"city"}},{"type":"Feature","geometry":{"type":"Point","coordinates":[69.2786,34.3927]},"properties":{"id":"set_guldara_stupa_500","name":"Guldara Stupa","kind":"settlement","start_year":500,"end_year":1500,"importance":"city"}},{"type":"Feature","geometry":{"type":"Point","coordinates":[45.8473,33.9374]},"properties":{"id":"set_gul_khanan_murdah_500","name":"Gul Khanan Murdah","kind":"settlement","start_year":500,"end_year":1500,"importance":"city"}},{"type":"Feature","geometry":{"type":"Point","coordinates":[54.0777,37.0709]},"properties":{"id":"set_gumush_tepe_abaskun_sokanda_500","name":"Gumush tepe/[Abaskun]?/Sokanda?","kind":"settlement","start_year":500,"end_year":1500,"importance":"city"}},{"type":"Feature","geometry":{"type":"Point","coordinates":[1.8653,36.563]},"properties":{"id":"set_gunugu_500","name":"Gunugu","kind":"settlement","start_year":500,"end_year":1500,"importance":"city"}},{"type":"Feature","geometry":{"type":"Point","coordinates":[1.3807,44.7359]},"properties":{"id":"set_gurdo_500","name":"Gurdo","kind":"settlement","start_year":500,"end_year":1500,"importance":"city"}},{"type":"Feature","geometry":{"type":"Point","coordinates":[36.9275,37.5813]},"properties":{"id":"set_gurgum_kingdom_500","name":"Gurgum (kingdom)","kind":"settlement","start_year":500,"end_year":1500,"importance":"city"}},{"type":"Feature","geometry":{"type":"Point","coordinates":[34.2875,44.5528]},"properties":{"id":"set_gurzuf_500","name":"Gurzuf","kind":"settlement","start_year":500,"end_year":1500,"importance":"city"}},{"type":"Feature","geometry":{"type":"Point","coordinates":[13.1999,54.2973]},"properties":{"id":"set_gustow_500","name":"Gustow","kind":"settlement","start_year":500,"end_year":1500,"importance":"city"}},{"type":"Feature","geometry":{"type":"Point","coordinates":[21.0667,54.65]},"properties":{"id":"set_gvardeysk_1255","name":"Gvardeysk","kind":"settlement","start_year":1255,"end_year":1500,"importance":"city"}},{"type":"Feature","geometry":{"type":"Point","coordinates":[22.5699,39.7982]},"properties":{"id":"set_gyrton_e_500","name":"Gyrton(e)","kind":"settlement","start_year":500,"end_year":1500,"importance":"city"}},{"type":"Feature","geometry":{"type":"Point","coordinates":[22.5623,36.7637]},"properties":{"id":"set_gyth_e_ion_500","name":"Gyth(e)ion","kind":"settlement","start_year":500,"end_year":1500,"importance":"city"}},{"type":"Feature","geometry":{"type":"Point","coordinates":[9.0055,49.0617]},"properties":{"id":"set_g_glingen_mithraeum_500","name":"Güglingen Mithraeum","kind":"settlement","start_year":500,"end_year":1500,"importance":"city"}},{"type":"Feature","geometry":{"type":"Point","coordinates":[34.935,37.8016]},"properties":{"id":"set_g_ltepe_500","name":"Göltepe","kind":"settlement","start_year":500,"end_year":1500,"importance":"city"}},{"type":"Feature","geometry":{"type":"Point","coordinates":[9.9356,51.5339]},"properties":{"id":"set_g_ttingen_953","name":"Göttingen","kind":"settlement","start_year":953,"end_year":1500,"importance":"city"}},{"type":"Feature","geometry":{"type":"Point","coordinates":[43.6212,38.5324]},"properties":{"id":"set_g_velek_500","name":"Gövelek","kind":"settlement","start_year":500,"end_year":1500,"importance":"city"}},{"type":"Feature","geometry":{"type":"Point","coordinates":[17.1444,60.6748]},"properties":{"id":"set_g_vle_1446","name":"Gävle","kind":"settlement","start_year":1446,"end_year":1500,"importance":"city"}},{"type":"Feature","geometry":{"type":"Point","coordinates":[41.9817,39.8283]},"properties":{"id":"set_g_zelhisar_500","name":"Güzelhisar","kind":"settlement","start_year":500,"end_year":1500,"importance":"city"}},{"type":"Feature","geometry":{"type":"Point","coordinates":[4.6406,52.3803]},"properties":{"id":"set_haarlem_1185","name":"Haarlem","kind":"settlement","start_year":1185,"end_year":1500,"importance":"city"}},{"type":"Feature","geometry":{"type":"Point","coordinates":[5.6661,50.7328]},"properties":{"id":"set_haccourt_500","name":"Haccourt","kind":"settlement","start_year":500,"end_year":1500,"importance":"city"}},{"type":"Feature","geometry":{"type":"Point","coordinates":[1.3799,52.1614]},"properties":{"id":"set_hacheston_500","name":"Hacheston","kind":"settlement","start_year":500,"end_year":1500,"importance":"city"}},{"type":"Feature","geometry":{"type":"Point","coordinates":[-4.6631,36.7219]},"properties":{"id":"set_hacienda_de_manguarra_y_s_jos_500","name":"Hacienda de Manguarra y S. José","kind":"settlement","start_year":500,"end_year":1500,"importance":"city"}},{"type":"Feature","geometry":{"type":"Point","coordinates":[29.836,36.6424]},"properties":{"id":"set_hac_musalar_h_y_k_500","name":"Hacımusalar Höyük","kind":"settlement","start_year":500,"end_year":1500,"importance":"city"}},{"type":"Feature","geometry":{"type":"Point","coordinates":[70.469,34.3661]},"properties":{"id":"set_hadda_500","name":"Hadda","kind":"settlement","start_year":500,"end_year":1500,"importance":"city"}},{"type":"Feature","geometry":{"type":"Point","coordinates":[9.5,55.25]},"properties":{"id":"set_haderslev_1050","name":"Haderslev","kind":"settlement","start_year":1050,"end_year":1500,"importance":"city"}},{"type":"Feature","geometry":{"type":"Point","coordinates":[10.6388,35.8259]},"properties":{"id":"set_hadrumetum_iustinianopolis_500","name":"Hadrumetum/Iustinianopolis","kind":"settlement","start_year":500,"end_year":1500,"importance":"city"}},{"type":"Feature","geometry":{"type":"Point","coordinates":[7.2899,48.7139]},"properties":{"id":"set_haegen_wasserwald_500","name":"Haegen-Wasserwald","kind":"settlement","start_year":500,"end_year":1500,"importance":"city"}},{"type":"Feature","geometry":{"type":"Point","coordinates":[34.7345,38.6554]},"properties":{"id":"set_hagios_prokopios_500","name":"[Hagios Prokopios]","kind":"settlement","start_year":500,"end_year":1500,"importance":"city"}},{"type":"Feature","geometry":{"type":"Point","coordinates":[45.7591,14.9083]},"properties":{"id":"set_hajar_bin_umeid_500","name":"Hajar Bin Ḥumeid","kind":"settlement","start_year":500,"end_year":1500,"importance":"city"}},{"type":"Feature","geometry":{"type":"Point","coordinates":[38.0996,36.1111]},"properties":{"id":"set_halawa_500","name":"Halawa","kind":"settlement","start_year":500,"end_year":1500,"importance":"city"}},{"type":"Feature","geometry":{"type":"Point","coordinates":[-2.4279,52.9023]},"properties":{"id":"set_hales_500","name":"Hales","kind":"settlement","start_year":500,"end_year":1500,"importance":"city"}},{"type":"Feature","geometry":{"type":"Point","coordinates":[27.4222,37.0404]},"properties":{"id":"set_halicarnassus_halikarnassos_500","name":"Halicarnassus/Halikarnassos","kind":"settlement","start_year":500,"end_year":1500,"importance":"city"}},{"type":"Feature","geometry":{"type":"Point","coordinates":[22.8344,39.1552]},"properties":{"id":"set_halos_500","name":"Halos","kind":"settlement","start_year":500,"end_year":1500,"importance":"city"}},{"type":"Feature","geometry":{"type":"Point","coordinates":[33.694,16.9148]},"properties":{"id":"set_hamadab_500","name":"Hamadab","kind":"settlement","start_year":500,"end_year":1500,"importance":"city"}},{"type":"Feature","geometry":{"type":"Point","coordinates":[31.7239,39.4424]},"properties":{"id":"set_hamamkarahisar_h_y_500","name":"Hamamkarahisar Höyüğü","kind":"settlement","start_year":500,"end_year":1500,"importance":"city"}},{"type":"Feature","geometry":{"type":"Point","coordinates":[9.993,53.55]},"properties":{"id":"set_hamburg","name":"Hamburg","kind":"settlement","start_year":831,"end_year":1500,"importance":"city"}},{"type":"Feature","geometry":{"type":"Point","coordinates":[34.1245,24.5942]},"properties":{"id":"set_hamesh_500","name":"Hamesh","kind":"settlement","start_year":500,"end_year":1500,"importance":"city"}},{"type":"Feature","geometry":{"type":"Point","coordinates":[8.9052,50.1321]},"properties":{"id":"set_hanau_500","name":"Hanau","kind":"settlement","start_year":500,"end_year":1500,"importance":"city"}},{"type":"Feature","geometry":{"type":"Point","coordinates":[18.7619,48.7272]},"properties":{"id":"set_handlov_1254","name":"Handlová","kind":"settlement","start_year":1254,"end_year":1500,"importance":"city"}},{"type":"Feature","geometry":{"type":"Point","coordinates":[34.6066,24.8028]},"properties":{"id":"set_hangaliya_500","name":"Hangaliya","kind":"settlement","start_year":500,"end_year":1500,"importance":"city"}},{"type":"Feature","geometry":{"type":"Point","coordinates":[44.425,32.5373]},"properties":{"id":"set_hanging_gardens_of_babylon_500","name":"Hanging Gardens of Babylon","kind":"settlement","start_year":500,"end_year":1500,"importance":"city"}},{"type":"Feature","geometry":{"type":"Point","coordinates":[120.155,30.274]},"properties":{"id":"set_hangzhou","name":"Hangzhou","kind":"settlement","start_year":907,"end_year":1279,"importance":"megacity"}},{"type":"Feature","geometry":{"type":"Point","coordinates":[21.5003,49.0264]},"properties":{"id":"set_hanu_ovce_nad_top_ou_1312","name":"Hanušovce nad Topľou","kind":"settlement","start_year":1312,"end_year":1500,"importance":"city"}},{"type":"Feature","geometry":{"type":"Point","coordinates":[41.5866,34.4611]},"properties":{"id":"set_haradu_500","name":"Haradu","kind":"settlement","start_year":500,"end_year":1500,"importance":"city"}},{"type":"Feature","geometry":{"type":"Point","coordinates":[72.8653,30.6296]},"properties":{"id":"set_harappa_500","name":"Harappa","kind":"settlement","start_year":500,"end_year":1500,"importance":"city"}},{"type":"Feature","geometry":{"type":"Point","coordinates":[20.9977,42.5783]},"properties":{"id":"set_harilaq_500","name":"Harilaq","kind":"settlement","start_year":500,"end_year":1500,"importance":"city"}},{"type":"Feature","geometry":{"type":"Point","coordinates":[0.1191,51.7833]},"properties":{"id":"set_harlow_500","name":"Harlow","kind":"settlement","start_year":500,"end_year":1500,"importance":"city"}},{"type":"Feature","geometry":{"type":"Point","coordinates":[56.2224,27.1616]},"properties":{"id":"set_harmozeia_armuzia_500","name":"Harmozeia/Armuzia","kind":"settlement","start_year":500,"end_year":1500,"importance":"city"}},{"type":"Feature","geometry":{"type":"Point","coordinates":[-0.3372,54.04]},"properties":{"id":"set_harpham_roman_villa_and_settlement_500","name":"Harpham Roman Villa and Settlement","kind":"settlement","start_year":500,"end_year":1500,"importance":"city"}},{"type":"Feature","geometry":{"type":"Point","coordinates":[39.0307,36.8636]},"properties":{"id":"set_harran_carrhae_500","name":"Harran/Carrhae","kind":"settlement","start_year":500,"end_year":1500,"importance":"city"}},{"type":"Feature","geometry":{"type":"Point","coordinates":[29.1812,39.2572]},"properties":{"id":"set_hasanlar_500","name":"Hasanlar","kind":"settlement","start_year":500,"end_year":1500,"importance":"city"}},{"type":"Feature","geometry":{"type":"Point","coordinates":[8.9446,49.7734]},"properties":{"id":"set_haselburg_500","name":"Haselburg","kind":"settlement","start_year":500,"end_year":1500,"importance":"city"}},{"type":"Feature","geometry":{"type":"Point","coordinates":[34.9564,29.768]},"properties":{"id":"set_hathor_temple_timna_valley_500","name":"Hathor Temple, Timna Valley","kind":"settlement","start_year":500,"end_year":1500,"importance":"city"}},{"type":"Feature","geometry":{"type":"Point","coordinates":[42.7183,35.5879]},"properties":{"id":"set_hatra_500","name":"Hatra","kind":"settlement","start_year":500,"end_year":1500,"importance":"city"}},{"type":"Feature","geometry":{"type":"Point","coordinates":[13.9811,42.5802]},"properties":{"id":"set_hatria_picenum_500","name":"Hatria (Picenum)","kind":"settlement","start_year":500,"end_year":1500,"importance":"city"}},{"type":"Feature","geometry":{"type":"Point","coordinates":[37.0781,34.2692]},"properties":{"id":"set_haurina_500","name":"Haurina","kind":"settlement","start_year":500,"end_year":1500,"importance":"city"}},{"type":"Feature","geometry":{"type":"Point","coordinates":[5.6025,45.9765]},"properties":{"id":"set_hauteville_lompnes_500","name":"Hauteville-Lompnes","kind":"settlement","start_year":500,"end_year":1500,"importance":"city"}},{"type":"Feature","geometry":{"type":"Point","coordinates":[43.622,38.1424]},"properties":{"id":"set_hayots_dzor_500","name":"Hayots Dzor","kind":"settlement","start_year":500,"end_year":1500,"importance":"city"}},{"type":"Feature","geometry":{"type":"Point","coordinates":[-6.0078,36.8273]},"properties":{"id":"set_haza_de_la_torre_500","name":"Haza de la Torre","kind":"settlement","start_year":500,"end_year":1500,"importance":"city"}},{"type":"Feature","geometry":{"type":"Point","coordinates":[-1.506,54.2481]},"properties":{"id":"set_healam_bridge_roman_fort_500","name":"Healam Bridge Roman Fort","kind":"settlement","start_year":500,"end_year":1500,"importance":"city"}},{"type":"Feature","geometry":{"type":"Point","coordinates":[2.1123,43.2426]},"properties":{"id":"set_hebromagus_eburomagus_500","name":"Hebromagus/Eburomagus","kind":"settlement","start_year":500,"end_year":1500,"importance":"city"}},{"type":"Feature","geometry":{"type":"Point","coordinates":[54.0383,35.9611]},"properties":{"id":"set_hecatompylos_komish_shahr_i_qumis_500","name":"Hecatompylos?/Komish/[(Shahr-i) Qumis]","kind":"settlement","start_year":500,"end_year":1500,"importance":"city"}},{"type":"Feature","geometry":{"type":"Point","coordinates":[18.2906,43.9902]},"properties":{"id":"set_hedum_castellum_daesitiatium_500","name":"Hedum Castellum Daesitiatium","kind":"settlement","start_year":500,"end_year":1500,"importance":"city"}},{"type":"Feature","geometry":{"type":"Point","coordinates":[29.7147,40.4291]},"properties":{"id":"set_helikore_nicaea_500","name":"Helikore/Nicaea","kind":"settlement","start_year":500,"end_year":1500,"importance":"city"}},{"type":"Feature","geometry":{"type":"Point","coordinates":[24.3469,37.6055]},"properties":{"id":"set_hellenika_500","name":"Hellenika","kind":"settlement","start_year":500,"end_year":1500,"importance":"city"}},{"type":"Feature","geometry":{"type":"Point","coordinates":[12.721,56.0424]},"properties":{"id":"set_helsingborg_1085","name":"Helsingborg","kind":"settlement","start_year":1085,"end_year":1500,"importance":"city"}},{"type":"Feature","geometry":{"type":"Point","coordinates":[12.7597,43.2969]},"properties":{"id":"set_helvillum_500","name":"Helvillum","kind":"settlement","start_year":500,"end_year":1500,"importance":"city"}},{"type":"Feature","geometry":{"type":"Point","coordinates":[81.1726,30.2478]},"properties":{"id":"set_hemodos_imaus_caucasus_mountains_500","name":"Hemodos/Imaus/Caucasus (mountains)","kind":"settlement","start_year":500,"end_year":1500,"importance":"city"}},{"type":"Feature","geometry":{"type":"Point","coordinates":[10.9691,33.8214]},"properties":{"id":"set_henchir_bourgou_500","name":"Henchir Bourgou","kind":"settlement","start_year":500,"end_year":1500,"importance":"city"}},{"type":"Feature","geometry":{"type":"Point","coordinates":[10.7384,33.297]},"properties":{"id":"set_henchir_bu_hamed_500","name":"Henchir Bu Hamed","kind":"settlement","start_year":500,"end_year":1500,"importance":"city"}},{"type":"Feature","geometry":{"type":"Point","coordinates":[16.73,31.2041]},"properties":{"id":"set_henchir_bu_zahia_500","name":"Henchir Bu Zahia","kind":"settlement","start_year":500,"end_year":1500,"importance":"city"}},{"type":"Feature","geometry":{"type":"Point","coordinates":[9.5436,34.016]},"properties":{"id":"set_henchir_chenah_500","name":"Henchir Chenah","kind":"settlement","start_year":500,"end_year":1500,"importance":"city"}},{"type":"Feature","geometry":{"type":"Point","coordinates":[7.9879,35.1063]},"properties":{"id":"set_henchir_el_ateuch_500","name":"Henchir-el-Ateuch","kind":"settlement","start_year":500,"end_year":1500,"importance":"city"}},{"type":"Feature","geometry":{"type":"Point","coordinates":[8.229,35.1606]},"properties":{"id":"set_henchir_el_guiz_500","name":"Henchir-el-Guiz","kind":"settlement","start_year":500,"end_year":1500,"importance":"city"}},{"type":"Feature","geometry":{"type":"Point","coordinates":[10.8608,35.1806]},"properties":{"id":"set_henchir_guemaguen_500","name":"Henchir-Guemaguen","kind":"settlement","start_year":500,"end_year":1500,"importance":"city"}},{"type":"Feature","geometry":{"type":"Point","coordinates":[10.4383,33.2682]},"properties":{"id":"set_henchir_hadjer_500","name":"Henchir Hadjer","kind":"settlement","start_year":500,"end_year":1500,"importance":"city"}},{"type":"Feature","geometry":{"type":"Point","coordinates":[13.9943,32.3717]},"properties":{"id":"set_henchir_sidi_hamdan_500","name":"Henchir Sidi Hamdan","kind":"settlement","start_year":500,"end_year":1500,"importance":"city"}},{"type":"Feature","geometry":{"type":"Point","coordinates":[12.6155,32.0703]},"properties":{"id":"set_henchir_soffit_500","name":"Henchir Soffit","kind":"settlement","start_year":500,"end_year":1500,"importance":"city"}},{"type":"Feature","geometry":{"type":"Point","coordinates":[13.0831,32.0657]},"properties":{"id":"set_henchir_taglissi_500","name":"Henchir Taglissi","kind":"settlement","start_year":500,"end_year":1500,"importance":"city"}},{"type":"Feature","geometry":{"type":"Point","coordinates":[25.3182,39.9646]},"properties":{"id":"set_hephaistia_500","name":"Hephaistia","kind":"settlement","start_year":500,"end_year":1500,"importance":"city"}},{"type":"Feature","geometry":{"type":"Point","coordinates":[27.525,37.5018]},"properties":{"id":"set_heraclea_ad_latmum_pleistarcheia_500","name":"Heraclea ad Latmum/Pleistarcheia","kind":"settlement","start_year":500,"end_year":1500,"importance":"city"}},{"type":"Feature","geometry":{"type":"Point","coordinates":[13.2803,37.3948]},"properties":{"id":"set_heraclea_minoa_500","name":"Heraclea Minoa","kind":"settlement","start_year":500,"end_year":1500,"importance":"city"}},{"type":"Feature","geometry":{"type":"Point","coordinates":[21.8638,37.6135]},"properties":{"id":"set_heraia_500","name":"Heraia","kind":"settlement","start_year":500,"end_year":1500,"importance":"city"}},{"type":"Feature","geometry":{"type":"Point","coordinates":[23.2655,41.45]},"properties":{"id":"set_herakleia_sintike_500","name":"Herakleia Sintike","kind":"settlement","start_year":500,"end_year":1500,"importance":"city"}},{"type":"Feature","geometry":{"type":"Point","coordinates":[-5.4858,35.9717]},"properties":{"id":"set_herakleios_porthmos_gaditanum_fretum_500","name":"Herakleios Porthmos/Gaditanum Fretum","kind":"settlement","start_year":500,"end_year":1500,"importance":"city"}},{"type":"Feature","geometry":{"type":"Point","coordinates":[8.8141,38.8852]},"properties":{"id":"set_herakleous_limen_500","name":"Herakleous? Limen","kind":"settlement","start_year":500,"end_year":1500,"importance":"city"}},{"type":"Feature","geometry":{"type":"Point","coordinates":[14.3006,37.4266]},"properties":{"id":"set_herbessos_500","name":"Herbessos?","kind":"settlement","start_year":500,"end_year":1500,"importance":"city"}},{"type":"Feature","geometry":{"type":"Point","coordinates":[14.1735,37.757]},"properties":{"id":"set_herbita_500","name":"Herbita","kind":"settlement","start_year":500,"end_year":1500,"importance":"city"}},{"type":"Feature","geometry":{"type":"Point","coordinates":[18.5375,42.4531]},"properties":{"id":"set_herceg_novi_1382","name":"Herceg Novi","kind":"settlement","start_year":1382,"end_year":1500,"importance":"city"}},{"type":"Feature","geometry":{"type":"Point","coordinates":[-7.6539,38.6675]},"properties":{"id":"set_herdade_da_chamin_500","name":"Herdade da Chaminé","kind":"settlement","start_year":500,"end_year":1500,"importance":"city"}},{"type":"Feature","geometry":{"type":"Point","coordinates":[-7.3198,38.9148]},"properties":{"id":"set_herdade_do_carr_o_500","name":"Herdade do Carrão","kind":"settlement","start_year":500,"end_year":1500,"importance":"city"}},{"type":"Feature","geometry":{"type":"Point","coordinates":[-7.6896,37.9631]},"properties":{"id":"set_herdade_do_montinho_500","name":"Herdade do Montinho","kind":"settlement","start_year":500,"end_year":1500,"importance":"city"}},{"type":"Feature","geometry":{"type":"Point","coordinates":[15.6224,41.3104]},"properties":{"id":"set_herdoniae_ardaneae_civitas_serdonis_500","name":"Herdoniae/Ardaneae/Civitas Serdonis","kind":"settlement","start_year":500,"end_year":1500,"importance":"city"}},{"type":"Feature","geometry":{"type":"Point","coordinates":[6.96,49.6589]},"properties":{"id":"set_hermeskeil_roman_camp_500","name":"Hermeskeil Roman Camp","kind":"settlement","start_year":500,"end_year":1500,"importance":"city"}},{"type":"Feature","geometry":{"type":"Point","coordinates":[25.5,35.0559]},"properties":{"id":"set_hermes_and_aphrodite_sanctuary_500","name":"Hermes and Aphrodite Sanctuary","kind":"settlement","start_year":500,"end_year":1500,"importance":"city"}},{"type":"Feature","geometry":{"type":"Point","coordinates":[-7.6129,40.3219]},"properties":{"id":"set_herminius_mountain_500","name":"Herminius (mountain)","kind":"settlement","start_year":500,"end_year":1500,"importance":"city"}},{"type":"Feature","geometry":{"type":"Point","coordinates":[30.8038,27.7814]},"properties":{"id":"set_hermopolis_magna_schmun_500","name":"Hermopolis Magna/Schmun","kind":"settlement","start_year":500,"end_year":1500,"importance":"city"}},{"type":"Feature","geometry":{"type":"Point","coordinates":[30.4708,31.0337]},"properties":{"id":"set_hermopolis_mikra_500","name":"Hermopolis Mikra","kind":"settlement","start_year":500,"end_year":1500,"importance":"city"}},{"type":"Feature","geometry":{"type":"Point","coordinates":[16.3324,48.2181]},"properties":{"id":"set_hernals_500","name":"Hernals","kind":"settlement","start_year":500,"end_year":1500,"importance":"city"}},{"type":"Feature","geometry":{"type":"Point","coordinates":[32.0996,30.5534]},"properties":{"id":"set_heroonpolis_500","name":"Heroonpolis","kind":"settlement","start_year":500,"end_year":1500,"importance":"city"}},{"type":"Feature","geometry":{"type":"Point","coordinates":[30.5173,37.6774]},"properties":{"id":"set_hero_n_500","name":"Heroön","kind":"settlement","start_year":500,"end_year":1500,"importance":"city"}},{"type":"Feature","geometry":{"type":"Point","coordinates":[9.4126,48.0947]},"properties":{"id":"set_heuneburg_500","name":"Heuneburg","kind":"settlement","start_year":500,"end_year":1500,"importance":"city"}},{"type":"Feature","geometry":{"type":"Point","coordinates":[-6.2586,37.3143]},"properties":{"id":"set_heznalca_ar_500","name":"Heznalcaçar","kind":"settlement","start_year":500,"end_year":1500,"importance":"city"}},{"type":"Feature","geometry":{"type":"Point","coordinates":[37.9555,36.5262]},"properties":{"id":"set_hierapolis_bambyke_500","name":"Hierapolis/Bambyke","kind":"settlement","start_year":500,"end_year":1500,"importance":"city"}},{"type":"Feature","geometry":{"type":"Point","coordinates":[36.1873,37.1764]},"properties":{"id":"set_hierapolis_kastabala_500","name":"Hierapolis/Kastabala","kind":"settlement","start_year":500,"end_year":1500,"importance":"city"}},{"type":"Feature","geometry":{"type":"Point","coordinates":[30.1977,38.4618]},"properties":{"id":"set_hierapolis_ko_hisar_500","name":"Hierapolis/Koçhisar","kind":"settlement","start_year":500,"end_year":1500,"importance":"city"}},{"type":"Feature","geometry":{"type":"Point","coordinates":[34.0488,36.9276]},"properties":{"id":"set_hilakku_region_500","name":"Hilakku (region)","kind":"settlement","start_year":500,"end_year":1500,"importance":"city"}},{"type":"Feature","geometry":{"type":"Point","coordinates":[44.4333,32.4833]},"properties":{"id":"set_hillah_1101","name":"Hillah","kind":"settlement","start_year":1101,"end_year":1500,"importance":"city"}},{"type":"Feature","geometry":{"type":"Point","coordinates":[-2.3031,50.9467]},"properties":{"id":"set_hinton_st_mary_500","name":"Hinton St. Mary","kind":"settlement","start_year":500,"end_year":1500,"importance":"city"}},{"type":"Feature","geometry":{"type":"Point","coordinates":[13.4358,37.7018]},"properties":{"id":"set_hippana_500","name":"Hippana","kind":"settlement","start_year":500,"end_year":1500,"importance":"city"}},{"type":"Feature","geometry":{"type":"Point","coordinates":[22.3623,36.504]},"properties":{"id":"set_hippola_500","name":"Hippola","kind":"settlement","start_year":500,"end_year":1500,"importance":"city"}},{"type":"Feature","geometry":{"type":"Point","coordinates":[35.6598,32.7786]},"properties":{"id":"set_hippos_500","name":"Hippos","kind":"settlement","start_year":500,"end_year":1500,"importance":"city"}},{"type":"Feature","geometry":{"type":"Point","coordinates":[9.8731,37.2761]},"properties":{"id":"set_hippo_diarrhytus_500","name":"Hippo Diarrhytus","kind":"settlement","start_year":500,"end_year":1500,"importance":"city"}},{"type":"Feature","geometry":{"type":"Point","coordinates":[41.0137,37.7774]},"properties":{"id":"set_hirbemerdon_tepe_500","name":"Hirbemerdon Tepe","kind":"settlement","start_year":500,"end_year":1500,"importance":"city"}},{"type":"Feature","geometry":{"type":"Point","coordinates":[32.5531,39.7354]},"properties":{"id":"set_hisarl_kaya_500","name":"Hisarlıkaya","kind":"settlement","start_year":500,"end_year":1500,"importance":"city"}},{"type":"Feature","geometry":{"type":"Point","coordinates":[-7.5,42.5]},"properties":{"id":"set_hispania_500","name":"Hispania","kind":"settlement","start_year":500,"end_year":1500,"importance":"city"}},{"type":"Feature","geometry":{"type":"Point","coordinates":[14.7096,42.1127]},"properties":{"id":"set_histonium_500","name":"Histonium","kind":"settlement","start_year":500,"end_year":1500,"importance":"city"}},{"type":"Feature","geometry":{"type":"Point","coordinates":[28.7276,44.5405]},"properties":{"id":"set_histria_pod_500","name":"Histria Pod","kind":"settlement","start_year":500,"end_year":1500,"importance":"city"}},{"type":"Feature","geometry":{"type":"Point","coordinates":[35.3791,23.7379]},"properties":{"id":"set_hitan_senshef_500","name":"Hitan Senshef","kind":"settlement","start_year":500,"end_year":1500,"importance":"city"}},{"type":"Feature","geometry":{"type":"Point","coordinates":[21.6951,37.027]},"properties":{"id":"set_hither_province_pylos_500","name":"Hither Province (Pylos)","kind":"settlement","start_year":500,"end_year":1500,"importance":"city"}},{"type":"Feature","geometry":{"type":"Point","coordinates":[17.8031,48.4311]},"properties":{"id":"set_hlohovec_1113","name":"Hlohovec","kind":"settlement","start_year":1113,"end_year":1500,"importance":"city"}},{"type":"Feature","geometry":{"type":"Point","coordinates":[17.1628,48.8119]},"properties":{"id":"set_hol_1205","name":"Holíč","kind":"settlement","start_year":1205,"end_year":1500,"importance":"city"}},{"type":"Feature","geometry":{"type":"Point","coordinates":[5.2684,51.397]},"properties":{"id":"set_hoogeloon_roman_villa_500","name":"Hoogeloon Roman villa","kind":"settlement","start_year":500,"end_year":1500,"importance":"city"}},{"type":"Feature","geometry":{"type":"Point","coordinates":[29.2646,48.5549]},"properties":{"id":"set_hordiivka_necropolis_500","name":"Hordiivka necropolis","kind":"settlement","start_year":500,"end_year":1500,"importance":"city"}},{"type":"Feature","geometry":{"type":"Point","coordinates":[28.4384,45.0223]},"properties":{"id":"set_horia_500","name":"Horia","kind":"settlement","start_year":500,"end_year":1500,"importance":"city"}},{"type":"Feature","geometry":{"type":"Point","coordinates":[56.463,27.096]},"properties":{"id":"set_hormuz_city","name":"Hormuz","kind":"settlement","start_year":1300,"end_year":1500,"importance":"city"}},{"type":"Feature","geometry":{"type":"Point","coordinates":[-0.1169,53.2086]},"properties":{"id":"set_horncastle_500","name":"Horncastle","kind":"settlement","start_year":500,"end_year":1500,"importance":"city"}},{"type":"Feature","geometry":{"type":"Point","coordinates":[36.5788,40.6676]},"properties":{"id":"set_horoztepe_bronze_age_settlement_and_necropolis_500","name":"Horoztepe Bronze Age Settlement and Necropolis","kind":"settlement","start_year":500,"end_year":1500,"importance":"city"}},{"type":"Feature","geometry":{"type":"Point","coordinates":[9.8519,55.8619]},"properties":{"id":"set_horsens_1200","name":"Horsens","kind":"settlement","start_year":1200,"end_year":1500,"importance":"city"}},{"type":"Feature","geometry":{"type":"Point","coordinates":[-6.0433,37.4412]},"properties":{"id":"set_house_of_the_deep_trench_at_italica_500","name":"House of the Deep Trench at Italica","kind":"settlement","start_year":500,"end_year":1500,"importance":"city"}},{"type":"Feature","geometry":{"type":"Point","coordinates":[23.8167,53.6667]},"properties":{"id":"set_hrodna_1000","name":"Hrodna","kind":"settlement","start_year":1000,"end_year":1500,"importance":"city"}},{"type":"Feature","geometry":{"type":"Point","coordinates":[-1.7797,53.645]},"properties":{"id":"set_huddersfield_1086","name":"Huddersfield","kind":"settlement","start_year":1086,"end_year":1500,"importance":"city"}},{"type":"Feature","geometry":{"type":"Point","coordinates":[-0.4111,42.1409]},"properties":{"id":"set_huesca_1096","name":"Huesca","kind":"settlement","start_year":1096,"end_year":1500,"importance":"city"}},{"type":"Feature","geometry":{"type":"Point","coordinates":[126.974,45.501]},"properties":{"id":"set_huining_1124","name":"Huining","kind":"settlement","start_year":1124,"end_year":1500,"importance":"city"}},{"type":"Feature","geometry":{"type":"Point","coordinates":[21.9122,48.9306]},"properties":{"id":"set_humenn_1317","name":"Humenné","kind":"settlement","start_year":1317,"end_year":1500,"importance":"city"}},{"type":"Feature","geometry":{"type":"Point","coordinates":[18.1916,47.8727]},"properties":{"id":"set_hurbanovo_1329","name":"Hurbanovo","kind":"settlement","start_year":1329,"end_year":1500,"importance":"city"}},{"type":"Feature","geometry":{"type":"Point","coordinates":[9.0511,54.4769]},"properties":{"id":"set_husum_1252","name":"Husum","kind":"settlement","start_year":1252,"end_year":1500,"importance":"city"}},{"type":"Feature","geometry":{"type":"Point","coordinates":[28.0647,46.6731]},"properties":{"id":"set_hu_i_1415","name":"Huși","kind":"settlement","start_year":1415,"end_year":1500,"importance":"city"}},{"type":"Feature","geometry":{"type":"Point","coordinates":[14.9009,37.5673]},"properties":{"id":"set_hybla_gereatis_500","name":"Hybla Gereatis","kind":"settlement","start_year":500,"end_year":1500,"importance":"city"}},{"type":"Feature","geometry":{"type":"Point","coordinates":[27.7048,37.3033]},"properties":{"id":"set_hydai_kydai_500","name":"*Hydai/*Kydai","kind":"settlement","start_year":500,"end_year":1500,"importance":"city"}},{"type":"Feature","geometry":{"type":"Point","coordinates":[35.9286,36.1213]},"properties":{"id":"set_hydatos_potamoi_seleukeia_pieria_500","name":"Hydatos Potamoi/Seleukeia Pieria","kind":"settlement","start_year":500,"end_year":1500,"importance":"city"}},{"type":"Feature","geometry":{"type":"Point","coordinates":[18.4911,40.1459]},"properties":{"id":"set_hydruntum_hydrous_500","name":"Hydruntum/Hydrous","kind":"settlement","start_year":500,"end_year":1500,"importance":"city"}},{"type":"Feature","geometry":{"type":"Point","coordinates":[28.0136,38.7667]},"properties":{"id":"set_hyllos_river_500","name":"Hyllos (river)","kind":"settlement","start_year":500,"end_year":1500,"importance":"city"}},{"type":"Feature","geometry":{"type":"Point","coordinates":[22.2521,38.8714]},"properties":{"id":"set_hypata_500","name":"Hypata","kind":"settlement","start_year":500,"end_year":1500,"importance":"city"}},{"type":"Feature","geometry":{"type":"Point","coordinates":[21.6313,38.3541]},"properties":{"id":"set_hypo_chalkis_500","name":"(Hypo)Chalkis","kind":"settlement","start_year":500,"end_year":1500,"importance":"city"}},{"type":"Feature","geometry":{"type":"Point","coordinates":[27.5627,38.7185]},"properties":{"id":"set_hyrcanius_campus_500","name":"Hyrcanius Campus","kind":"settlement","start_year":500,"end_year":1500,"importance":"city"}},{"type":"Feature","geometry":{"type":"Point","coordinates":[33.3237,36.1443]},"properties":{"id":"set_hyria_cilicia_500","name":"Hyria (Cilicia)","kind":"settlement","start_year":500,"end_year":1500,"importance":"city"}},{"type":"Feature","geometry":{"type":"Point","coordinates":[35.3833,31.7164]},"properties":{"id":"set_hyrkania_kastellion_500","name":"Hyrkania/Kastellion","kind":"settlement","start_year":500,"end_year":1500,"importance":"city"}},{"type":"Feature","geometry":{"type":"Point","coordinates":[-6.1726,36.788]},"properties":{"id":"set_h_asta_col_hasta_regia_ligystine_500","name":"(H)Asta/Col. Hasta Regia/Ligystine?","kind":"settlement","start_year":500,"end_year":1500,"importance":"city"}},{"type":"Feature","geometry":{"type":"Point","coordinates":[12.0562,45.0577]},"properties":{"id":"set_h_atria_500","name":"(H)Atria","kind":"settlement","start_year":500,"end_year":1500,"importance":"city"}},{"type":"Feature","geometry":{"type":"Point","coordinates":[-0.5495,42.5692]},"properties":{"id":"set_iac_c_a_500","name":"Iac(c)a","kind":"settlement","start_year":500,"end_year":1500,"importance":"city"}},{"type":"Feature","geometry":{"type":"Point","coordinates":[15.2238,44.1155]},"properties":{"id":"set_iader_500","name":"Iader","kind":"settlement","start_year":500,"end_year":1500,"importance":"city"}},{"type":"Feature","geometry":{"type":"Point","coordinates":[18.8533,48.5919]},"properties":{"id":"set_iar_nad_hronom_1075","name":"Žiar nad Hronom","kind":"settlement","start_year":1075,"end_year":1500,"importance":"city"}},{"type":"Feature","geometry":{"type":"Point","coordinates":[39.6163,24.4655]},"properties":{"id":"set_iathrippa_500","name":"Iathrippa","kind":"settlement","start_year":500,"end_year":1500,"importance":"city"}},{"type":"Feature","geometry":{"type":"Point","coordinates":[2.8804,48.9577]},"properties":{"id":"set_iatinon_fixtuinum_500","name":"Iatinon/Fixtuinum","kind":"settlement","start_year":500,"end_year":1500,"importance":"city"}},{"type":"Feature","geometry":{"type":"Point","coordinates":[27.5889,47.1622]},"properties":{"id":"set_ia_i_1408","name":"Iași","kind":"settlement","start_year":1408,"end_year":1500,"importance":"city"}},{"type":"Feature","geometry":{"type":"Point","coordinates":[-5,40]},"properties":{"id":"set_iberia_modern_region_peninsula_500","name":"Iberia (modern region/peninsula)","kind":"settlement","start_year":500,"end_year":1500,"importance":"city"}},{"type":"Feature","geometry":{"type":"Point","coordinates":[-19.6657,31.937]},"properties":{"id":"set_ibericum_mare_500","name":"Ibericum Mare","kind":"settlement","start_year":500,"end_year":1500,"importance":"city"}},{"type":"Feature","geometry":{"type":"Point","coordinates":[10.8458,49.0894]},"properties":{"id":"set_iciniacum_500","name":"Iciniacum","kind":"settlement","start_year":500,"end_year":1500,"importance":"city"}},{"type":"Feature","geometry":{"type":"Point","coordinates":[0.6155,52.3163]},"properties":{"id":"set_icklingham_500","name":"Icklingham","kind":"settlement","start_year":500,"end_year":1500,"importance":"city"}},{"type":"Feature","geometry":{"type":"Point","coordinates":[32.4923,37.8725]},"properties":{"id":"set_iconium_claudiconium_500","name":"Iconium/Claudiconium","kind":"settlement","start_year":500,"end_year":1500,"importance":"city"}},{"type":"Feature","geometry":{"type":"Point","coordinates":[6.5812,50.3445]},"properties":{"id":"set_icorigium_500","name":"Icorigium","kind":"settlement","start_year":500,"end_year":1500,"importance":"city"}},{"type":"Feature","geometry":{"type":"Point","coordinates":[3.0532,36.7689]},"properties":{"id":"set_icosium_500","name":"Icosium","kind":"settlement","start_year":500,"end_year":1500,"importance":"city"}},{"type":"Feature","geometry":{"type":"Point","coordinates":[30.203,36.555]},"properties":{"id":"set_idebessos_500","name":"Idebessos","kind":"settlement","start_year":500,"end_year":1500,"importance":"city"}},{"type":"Feature","geometry":{"type":"Point","coordinates":[44.6968,35.8743]},"properties":{"id":"set_idu_500","name":"Idu","kind":"settlement","start_year":500,"end_year":1500,"importance":"city"}},{"type":"Feature","geometry":{"type":"Point","coordinates":[-7.1449,39.9963]},"properties":{"id":"set_igaeditania_500","name":"*Igaeditania?","kind":"settlement","start_year":500,"end_year":1500,"importance":"city"}},{"type":"Feature","geometry":{"type":"Point","coordinates":[10.9183,42.3618]},"properties":{"id":"set_igilium_500","name":"Igilium","kind":"settlement","start_year":500,"end_year":1500,"importance":"city"}},{"type":"Feature","geometry":{"type":"Point","coordinates":[3.3333,6.5833]},"properties":{"id":"set_ikeja_15","name":"Ikeja","kind":"settlement","start_year":15,"end_year":1500,"importance":"city"}},{"type":"Feature","geometry":{"type":"Point","coordinates":[31.1886,21.7161]},"properties":{"id":"set_iken_500","name":"Iken","kind":"settlement","start_year":500,"end_year":1500,"importance":"city"}},{"type":"Feature","geometry":{"type":"Point","coordinates":[44.6937,39.4842]},"properties":{"id":"set_ilan_qarra_500","name":"Ilan Qarra","kind":"settlement","start_year":500,"end_year":1500,"importance":"city"}},{"type":"Feature","geometry":{"type":"Point","coordinates":[0.3951,40.2021]},"properties":{"id":"set_ilerda_500","name":"Ilerda","kind":"settlement","start_year":500,"end_year":1500,"importance":"city"}},{"type":"Feature","geometry":{"type":"Point","coordinates":[4.559,7.491]},"properties":{"id":"set_ile_ife","name":"Ile-Ife","kind":"settlement","start_year":800,"end_year":1500,"importance":"capital"}},{"type":"Feature","geometry":{"type":"Point","coordinates":[-4.12,51.208]},"properties":{"id":"set_ilfracombe_1321","name":"Ilfracombe","kind":"settlement","start_year":1321,"end_year":1500,"importance":"city"}},{"type":"Feature","geometry":{"type":"Point","coordinates":[60.4324,36.8577]},"properties":{"id":"set_ilgynly_depe_500","name":"Ilgynly-Depe","kind":"settlement","start_year":500,"end_year":1500,"importance":"city"}},{"type":"Feature","geometry":{"type":"Point","coordinates":[18.7333,49.2167]},"properties":{"id":"set_ilina_1069","name":"Žilina","kind":"settlement","start_year":1069,"end_year":1500,"importance":"city"}},{"type":"Feature","geometry":{"type":"Point","coordinates":[34.6038,37.1704]},"properties":{"id":"set_illubru_500","name":"Illubru","kind":"settlement","start_year":500,"end_year":1500,"importance":"city"}},{"type":"Feature","geometry":{"type":"Point","coordinates":[4.55,8.5]},"properties":{"id":"set_ilorin_18","name":"Ilorin","kind":"settlement","start_year":18,"end_year":1500,"importance":"city"}},{"type":"Feature","geometry":{"type":"Point","coordinates":[30.0189,39.4864]},"properties":{"id":"set_il_ca_500","name":"Ilıca","kind":"settlement","start_year":500,"end_year":1500,"importance":"city"}},{"type":"Feature","geometry":{"type":"Point","coordinates":[10.7395,47.2445]},"properties":{"id":"set_imst_500","name":"Imst","kind":"settlement","start_year":500,"end_year":1500,"importance":"city"}},{"type":"Feature","geometry":{"type":"Point","coordinates":[-1.1984,43.1642]},"properties":{"id":"set_imus_pyreneus_500","name":"Imus Pyreneus","kind":"settlement","start_year":500,"end_year":1500,"importance":"city"}},{"type":"Feature","geometry":{"type":"Point","coordinates":[37.8807,39.4704]},"properties":{"id":"set_indarara_500","name":"Šindarara","kind":"settlement","start_year":500,"end_year":1500,"importance":"city"}},{"type":"Feature","geometry":{"type":"Point","coordinates":[11.425,48.7631]},"properties":{"id":"set_ingolstadt_1200","name":"Ingolstadt","kind":"settlement","start_year":1200,"end_year":1500,"importance":"city"}},{"type":"Feature","geometry":{"type":"Point","coordinates":[11.3933,47.2683]},"properties":{"id":"set_innsbruck_1234","name":"Innsbruck","kind":"settlement","start_year":1234,"end_year":1500,"importance":"city"}},{"type":"Feature","geometry":{"type":"Point","coordinates":[18.2611,52.7958]},"properties":{"id":"set_inowroc_aw_1120","name":"Inowrocław","kind":"settlement","start_year":1120,"end_year":1500,"importance":"city"}},{"type":"Feature","geometry":{"type":"Point","coordinates":[29.1281,37.9271]},"properties":{"id":"set_insula_104_at_hierapolis_500","name":"Insula 104 at Hierapolis","kind":"settlement","start_year":500,"end_year":1500,"importance":"city"}},{"type":"Feature","geometry":{"type":"Point","coordinates":[13.7067,47.1019]},"properties":{"id":"set_in_murio_500","name":"‘In Murio’","kind":"settlement","start_year":500,"end_year":1500,"importance":"city"}},{"type":"Feature","geometry":{"type":"Point","coordinates":[34.7499,32.0531]},"properties":{"id":"set_ioppe_500","name":"Ioppe","kind":"settlement","start_year":500,"end_year":1500,"importance":"city"}},{"type":"Feature","geometry":{"type":"Point","coordinates":[1.318,44.1546]},"properties":{"id":"set_iovineanicas_500","name":"Iovineanicas","kind":"settlement","start_year":500,"end_year":1500,"importance":"city"}},{"type":"Feature","geometry":{"type":"Point","coordinates":[-0.6572,52.2908]},"properties":{"id":"set_irchester_500","name":"Irchester","kind":"settlement","start_year":500,"end_year":1500,"importance":"city"}},{"type":"Feature","geometry":{"type":"Point","coordinates":[-5.1089,37.05]},"properties":{"id":"set_irni_500","name":"Irni","kind":"settlement","start_year":500,"end_year":1500,"importance":"city"}},{"type":"Feature","geometry":{"type":"Point","coordinates":[66.9068,38.2216]},"properties":{"id":"set_iron_gate_central_asia_500","name":"Iron Gate (Central Asia)","kind":"settlement","start_year":500,"end_year":1500,"importance":"city"}},{"type":"Feature","geometry":{"type":"Point","coordinates":[32.3535,37.1904]},"properties":{"id":"set_isaura_nova_leontopolis_500","name":"Isaura (Nova)/Leontopolis","kind":"settlement","start_year":500,"end_year":1500,"importance":"city"}},{"type":"Feature","geometry":{"type":"Point","coordinates":[11.01,45.8856]},"properties":{"id":"set_isera_500","name":"Isera","kind":"settlement","start_year":500,"end_year":1500,"importance":"city"}},{"type":"Feature","geometry":{"type":"Point","coordinates":[51.68,32.661]},"properties":{"id":"set_isfahan","name":"Isfahan","kind":"settlement","start_year":600,"end_year":1500,"importance":"capital"}},{"type":"Feature","geometry":{"type":"Point","coordinates":[41.7474,40.7856]},"properties":{"id":"set_ishkhani_monastery_500","name":"Ishkhani (monastery)","kind":"settlement","start_year":500,"end_year":1500,"importance":"city"}},{"type":"Feature","geometry":{"type":"Point","coordinates":[40.8859,34.5513]},"properties":{"id":"set_ishtar_temple_at_mari_500","name":"Ishtar Temple at Mari","kind":"settlement","start_year":500,"end_year":1500,"importance":"city"}},{"type":"Feature","geometry":{"type":"Point","coordinates":[45.4109,31.9986]},"properties":{"id":"set_ish_n_dulaiyhim_500","name":"Ishān Dulaiyhim","kind":"settlement","start_year":500,"end_year":1500,"importance":"city"}},{"type":"Feature","geometry":{"type":"Point","coordinates":[32.8574,24.2278]},"properties":{"id":"set_isieiou_oros_500","name":"Isieiou Oros","kind":"settlement","start_year":500,"end_year":1500,"importance":"city"}},{"type":"Feature","geometry":{"type":"Point","coordinates":[30.1672,37.0809]},"properties":{"id":"set_isinda_pisidian_500","name":"Isinda (Pisidian)","kind":"settlement","start_year":500,"end_year":1500,"importance":"city"}},{"type":"Feature","geometry":{"type":"Point","coordinates":[45.2693,31.8853]},"properties":{"id":"set_isin_500","name":"Isin","kind":"settlement","start_year":500,"end_year":1500,"importance":"city"}},{"type":"Feature","geometry":{"type":"Point","coordinates":[66.9736,37.9206]},"properties":{"id":"set_iskandar_tepa_500","name":"Iskandar Tepa","kind":"settlement","start_year":500,"end_year":1500,"importance":"city"}},{"type":"Feature","geometry":{"type":"Point","coordinates":[36.157,36.8537]},"properties":{"id":"set_issus_nikopolis_500","name":"Issus/Nikopolis","kind":"settlement","start_year":500,"end_year":1500,"importance":"city"}},{"type":"Feature","geometry":{"type":"Point","coordinates":[28.98,41.008]},"properties":{"id":"set_istanbul_post","name":"Istanbul (Ottoman)","kind":"settlement","start_year":1453,"end_year":1500,"importance":"megacity"}},{"type":"Feature","geometry":{"type":"Point","coordinates":[22.9931,37.9158]},"properties":{"id":"set_isthmia_500","name":"Isthmia","kind":"settlement","start_year":500,"end_year":1500,"importance":"city"}},{"type":"Feature","geometry":{"type":"Point","coordinates":[-1.3833,54.0906]},"properties":{"id":"set_isurium_500","name":"Isurium","kind":"settlement","start_year":500,"end_year":1500,"importance":"city"}},{"type":"Feature","geometry":{"type":"Point","coordinates":[16.198,38.3932]},"properties":{"id":"set_italia_region_500","name":"Italia (region)","kind":"settlement","start_year":500,"end_year":1500,"importance":"city"}},{"type":"Feature","geometry":{"type":"Point","coordinates":[26.263,35.2633]},"properties":{"id":"set_itanos_500","name":"Itanos","kind":"settlement","start_year":500,"end_year":1500,"importance":"city"}},{"type":"Feature","geometry":{"type":"Point","coordinates":[20.6384,38.4419]},"properties":{"id":"set_ithaca_settlement_500","name":"Ithaca (settlement)","kind":"settlement","start_year":500,"end_year":1500,"importance":"city"}},{"type":"Feature","geometry":{"type":"Point","coordinates":[-7.663,37.6384]},"properties":{"id":"set_iulia_myrtilis_500","name":"(Iulia) Myrtilis","kind":"settlement","start_year":500,"end_year":1500,"importance":"city"}},{"type":"Feature","geometry":{"type":"Point","coordinates":[28.2197,59.3654]},"properties":{"id":"set_ivangorod_1492","name":"Ivangorod","kind":"settlement","start_year":1492,"end_year":1500,"importance":"city"}},{"type":"Feature","geometry":{"type":"Point","coordinates":[27.8587,35.9294]},"properties":{"id":"set_ixia_500","name":"Ixia","kind":"settlement","start_year":500,"end_year":1500,"importance":"city"}},{"type":"Feature","geometry":{"type":"Point","coordinates":[21.2398,51.1631]},"properties":{"id":"set_i_a_1239","name":"Iłża","kind":"settlement","start_year":1239,"end_year":1500,"importance":"city"}},{"type":"Feature","geometry":{"type":"Point","coordinates":[-6.3636,37.4481]},"properties":{"id":"set_i_tucci_500","name":"(I)Tucci","kind":"settlement","start_year":500,"end_year":1500,"importance":"city"}},{"type":"Feature","geometry":{"type":"Point","coordinates":[34.3333,37.6667]},"properties":{"id":"set_i_tunda_500","name":"*Ištunda","kind":"settlement","start_year":500,"end_year":1500,"importance":"city"}},{"type":"Feature","geometry":{"type":"Point","coordinates":[70.9167,26.9167]},"properties":{"id":"set_jaisalmer_1156","name":"Jaisalmer","kind":"settlement","start_year":1156,"end_year":1500,"importance":"city"}},{"type":"Feature","geometry":{"type":"Point","coordinates":[22.4,50.7]},"properties":{"id":"set_jan_w_lubelski_1245","name":"Janów Lubelski","kind":"settlement","start_year":1245,"end_year":1500,"importance":"city"}},{"type":"Feature","geometry":{"type":"Point","coordinates":[23.2783,42.4686]},"properties":{"id":"set_jarlovo_500","name":"Jarlovo","kind":"settlement","start_year":500,"end_year":1500,"importance":"city"}},{"type":"Feature","geometry":{"type":"Point","coordinates":[18.6667,54.7]},"properties":{"id":"set_jastarnia_1378","name":"Jastarnia","kind":"settlement","start_year":1378,"end_year":1500,"importance":"city"}},{"type":"Feature","geometry":{"type":"Point","coordinates":[82.6869,25.7536]},"properties":{"id":"set_jaunpur_1359","name":"Jaunpur","kind":"settlement","start_year":1359,"end_year":1500,"importance":"city"}},{"type":"Feature","geometry":{"type":"Point","coordinates":[19.275,50.2]},"properties":{"id":"set_jaworzno_1229","name":"Jaworzno","kind":"settlement","start_year":1229,"end_year":1500,"importance":"city"}},{"type":"Feature","geometry":{"type":"Point","coordinates":[49.4267,30.9872]},"properties":{"id":"set_ja_nishin_soloke_seleucia_surak_500","name":"Ja Nishin/Soloke?/Seleucia?/Surak?","kind":"settlement","start_year":500,"end_year":1500,"importance":"city"}},{"type":"Feature","geometry":{"type":"Point","coordinates":[-3.7883,37.7729]},"properties":{"id":"set_ja_n_500","name":"Jaén","kind":"settlement","start_year":500,"end_year":1500,"importance":"city"}},{"type":"Feature","geometry":{"type":"Point","coordinates":[47.5628,30.8093]},"properties":{"id":"set_jebel_khayabir_alexandria_antiochia_spasinou_charax_karkh_maisan_astarabad_ardashir_500","name":"Jebel Khayabir/Alexandria?/Antiochia?/Spasinou Charax?/Karkh Maisan?/[Astarabad Ardashir]?","kind":"settlement","start_year":500,"end_year":1500,"importance":"city"}},{"type":"Feature","geometry":{"type":"Point","coordinates":[35.0943,32.7177]},"properties":{"id":"set_jellemeh_jalame_500","name":"Jellemeh/Jalame","kind":"settlement","start_year":500,"end_year":1500,"importance":"city"}},{"type":"Feature","geometry":{"type":"Point","coordinates":[20.2414,48.6264]},"properties":{"id":"set_jel_ava_1243","name":"Jelšava","kind":"settlement","start_year":1243,"end_year":1500,"importance":"city"}},{"type":"Feature","geometry":{"type":"Point","coordinates":[44.7796,32.7182]},"properties":{"id":"set_jemdet_nasr_500","name":"Jemdet Nasr","kind":"settlement","start_year":500,"end_year":1500,"importance":"city"}},{"type":"Feature","geometry":{"type":"Point","coordinates":[5.2404,50.1615]},"properties":{"id":"set_jemelle_500","name":"Jemelle","kind":"settlement","start_year":500,"end_year":1500,"importance":"city"}},{"type":"Feature","geometry":{"type":"Point","coordinates":[35.217,31.769]},"properties":{"id":"set_jerusalem","name":"Jerusalem","kind":"settlement","start_year":500,"end_year":1500,"importance":"city"}},{"type":"Feature","geometry":{"type":"Point","coordinates":[-1.1411,52.6351]},"properties":{"id":"set_jewry_wall_500","name":"Jewry Wall","kind":"settlement","start_year":500,"end_year":1500,"importance":"city"}},{"type":"Feature","geometry":{"type":"Point","coordinates":[73.0278,26.2944]},"properties":{"id":"set_jodhpur_1459","name":"Jodhpur","kind":"settlement","start_year":1459,"end_year":1500,"importance":"city"}},{"type":"Feature","geometry":{"type":"Point","coordinates":[5.9215,47.9299]},"properties":{"id":"set_jonvelle_500","name":"Jonvelle","kind":"settlement","start_year":500,"end_year":1500,"importance":"city"}},{"type":"Feature","geometry":{"type":"Point","coordinates":[42.0306,34.3857]},"properties":{"id":"set_judeideh_500","name":"Judeideh","kind":"settlement","start_year":500,"end_year":1500,"importance":"city"}},{"type":"Feature","geometry":{"type":"Point","coordinates":[39.71,40.4521]},"properties":{"id":"set_kabak_y_500","name":"Kabaköy","kind":"settlement","start_year":500,"end_year":1500,"importance":"city"}},{"type":"Feature","geometry":{"type":"Point","coordinates":[69.1658,34.5328]},"properties":{"id":"set_kabul_1200","name":"Kabul","kind":"settlement","start_year":1200,"end_year":1500,"importance":"city"}},{"type":"Feature","geometry":{"type":"Point","coordinates":[26.4833,42.5502]},"properties":{"id":"set_kabyle_500","name":"Kabyle","kind":"settlement","start_year":500,"end_year":1500,"importance":"city"}},{"type":"Feature","geometry":{"type":"Point","coordinates":[40.3333,59.5]},"properties":{"id":"set_kadnikov_1492","name":"Kadnikov","kind":"settlement","start_year":1492,"end_year":1500,"importance":"city"}},{"type":"Feature","geometry":{"type":"Point","coordinates":[68.6466,37.5886]},"properties":{"id":"set_kafir_kala_500","name":"Kafir Kala","kind":"settlement","start_year":500,"end_year":1500,"importance":"city"}},{"type":"Feature","geometry":{"type":"Point","coordinates":[36.442,36.0346]},"properties":{"id":"set_kafr_aqareb_500","name":"Kafr Aqareb","kind":"settlement","start_year":500,"end_year":1500,"importance":"city"}},{"type":"Feature","geometry":{"type":"Point","coordinates":[114.307,34.797]},"properties":{"id":"set_kaifeng","name":"Kaifeng","kind":"settlement","start_year":960,"end_year":1127,"importance":"megacity"}},{"type":"Feature","geometry":{"type":"Point","coordinates":[-3.8423,56.2952]},"properties":{"id":"set_kaims_castle_500","name":"Kaims Castle","kind":"settlement","start_year":500,"end_year":1500,"importance":"city"}},{"type":"Feature","geometry":{"type":"Point","coordinates":[11.2028,44.3353]},"properties":{"id":"set_kainua_500","name":"Kainua","kind":"settlement","start_year":500,"end_year":1500,"importance":"city"}},{"type":"Feature","geometry":{"type":"Point","coordinates":[32.4914,40.926]},"properties":{"id":"set_kaisareia_hadrianopolis_proseilemmene_500","name":"Kaisareia/Hadrianopolis/Proseilemmene","kind":"settlement","start_year":500,"end_year":1500,"importance":"city"}},{"type":"Feature","geometry":{"type":"Point","coordinates":[16.7033,47.989]},"properties":{"id":"set_kaisersteinbruch_500","name":"Kaisersteinbruch","kind":"settlement","start_year":500,"end_year":1500,"importance":"city"}},{"type":"Feature","geometry":{"type":"Point","coordinates":[-1.5,42.5]},"properties":{"id":"set_kaiskata_500","name":"Kaiskata","kind":"settlement","start_year":500,"end_year":1500,"importance":"city"}},{"type":"Feature","geometry":{"type":"Point","coordinates":[21.6414,39.7003]},"properties":{"id":"set_kalabaka_500","name":"Kalabaka","kind":"settlement","start_year":500,"end_year":1500,"importance":"city"}},{"type":"Feature","geometry":{"type":"Point","coordinates":[34.7455,40.3407]},"properties":{"id":"set_kalatepe_500","name":"Kalatepe","kind":"settlement","start_year":500,"end_year":1500,"importance":"city"}},{"type":"Feature","geometry":{"type":"Point","coordinates":[43.3301,36.0981]},"properties":{"id":"set_kalhu_archive_12_500","name":"Kalhu Archive 12","kind":"settlement","start_year":500,"end_year":1500,"importance":"city"}},{"type":"Feature","geometry":{"type":"Point","coordinates":[23.3612,40.5502]},"properties":{"id":"set_kalindoia_500","name":"Kalindoia","kind":"settlement","start_year":500,"end_year":1500,"importance":"city"}},{"type":"Feature","geometry":{"type":"Point","coordinates":[20.5,54.7167]},"properties":{"id":"set_kaliningrad_1255","name":"Kaliningrad","kind":"settlement","start_year":1255,"end_year":1500,"importance":"city"}},{"type":"Feature","geometry":{"type":"Point","coordinates":[28.4536,37.0325]},"properties":{"id":"set_kallipolis_500","name":"Kallipolis","kind":"settlement","start_year":500,"end_year":1500,"importance":"city"}},{"type":"Feature","geometry":{"type":"Point","coordinates":[23.3061,37.5405]},"properties":{"id":"set_kalloni_500","name":"Kalloni","kind":"settlement","start_year":500,"end_year":1500,"importance":"city"}},{"type":"Feature","geometry":{"type":"Point","coordinates":[81.8269,7.4132]},"properties":{"id":"set_kalmunai_500","name":"Kalmunai","kind":"settlement","start_year":500,"end_year":1500,"importance":"city"}},{"type":"Feature","geometry":{"type":"Point","coordinates":[79.7662,8.2368]},"properties":{"id":"set_kalpitiya_500","name":"Kalpitiya","kind":"settlement","start_year":500,"end_year":1500,"importance":"city"}},{"type":"Feature","geometry":{"type":"Point","coordinates":[12.6451,47.0012]},"properties":{"id":"set_kals_500","name":"Kals","kind":"settlement","start_year":500,"end_year":1500,"importance":"city"}},{"type":"Feature","geometry":{"type":"Point","coordinates":[36.2667,54.5333]},"properties":{"id":"set_kaluga_1371","name":"Kaluga","kind":"settlement","start_year":1371,"end_year":1500,"importance":"city"}},{"type":"Feature","geometry":{"type":"Point","coordinates":[78.2584,10.0223]},"properties":{"id":"set_kalugumalai_mangulam_500","name":"Kalugumalai, Mangulam","kind":"settlement","start_year":500,"end_year":1500,"importance":"city"}},{"type":"Feature","geometry":{"type":"Point","coordinates":[24.3597,49.0442]},"properties":{"id":"set_kalush_1437","name":"Kalush","kind":"settlement","start_year":1437,"end_year":1500,"importance":"city"}},{"type":"Feature","geometry":{"type":"Point","coordinates":[28.8359,36.7507]},"properties":{"id":"set_kalynda_500","name":"Kalynda","kind":"settlement","start_year":500,"end_year":1500,"importance":"city"}},{"type":"Feature","geometry":{"type":"Point","coordinates":[139.55,35.319]},"properties":{"id":"set_kamakura","name":"Kamakura","kind":"settlement","start_year":1185,"end_year":1333,"importance":"capital"}},{"type":"Feature","geometry":{"type":"Point","coordinates":[24.821,35.152]},"properties":{"id":"set_kamares_500","name":"Kamares","kind":"settlement","start_year":500,"end_year":1500,"importance":"city"}},{"type":"Feature","geometry":{"type":"Point","coordinates":[26.5806,48.6806]},"properties":{"id":"set_kamianets_podilskyi_1062","name":"Kamianets-Podilskyi","kind":"settlement","start_year":1062,"end_year":1500,"importance":"city"}},{"type":"Feature","geometry":{"type":"Point","coordinates":[37.4012,39.8458]},"properties":{"id":"set_kamisa_comassa_500","name":"Kamisa/Comassa","kind":"settlement","start_year":500,"end_year":1500,"importance":"city"}},{"type":"Feature","geometry":{"type":"Point","coordinates":[90.7868,54.6499]},"properties":{"id":"set_kammenyi_log_i_500","name":"Kammenyi Log I","kind":"settlement","start_year":500,"end_year":1500,"importance":"city"}},{"type":"Feature","geometry":{"type":"Point","coordinates":[67.0279,37.4106]},"properties":{"id":"set_kampir_tepe_500","name":"Kampir-Tepe","kind":"settlement","start_year":500,"end_year":1500,"importance":"city"}},{"type":"Feature","geometry":{"type":"Point","coordinates":[42.4048,37.3443]},"properties":{"id":"set_kamul_monastery_500","name":"Kamul (monastery)","kind":"settlement","start_year":500,"end_year":1500,"importance":"city"}},{"type":"Feature","geometry":{"type":"Point","coordinates":[80.6578,7.2716]},"properties":{"id":"set_kandy_500","name":"Kandy","kind":"settlement","start_year":500,"end_year":1500,"importance":"city"}},{"type":"Feature","geometry":{"type":"Point","coordinates":[-8.4167,11.9333]},"properties":{"id":"set_kangaba_1050","name":"Kangaba","kind":"settlement","start_year":1050,"end_year":1500,"importance":"city"}},{"type":"Feature","geometry":{"type":"Point","coordinates":[69.4642,38.2603]},"properties":{"id":"set_kangurttut_500","name":"Kangurttut","kind":"settlement","start_year":500,"end_year":1500,"importance":"city"}},{"type":"Feature","geometry":{"type":"Point","coordinates":[31.4591,16.1011]},"properties":{"id":"set_kanobikon_stoma_500","name":"Kanobikon Stoma","kind":"settlement","start_year":500,"end_year":1500,"importance":"city"}},{"type":"Feature","geometry":{"type":"Point","coordinates":[-3.8341,53.216]},"properties":{"id":"set_kanovium_conovium_500","name":"Kanovium/Conovium","kind":"settlement","start_year":500,"end_year":1500,"importance":"city"}},{"type":"Feature","geometry":{"type":"Point","coordinates":[80.009,9.7509]},"properties":{"id":"set_kantarodai_500","name":"Kantarodai","kind":"settlement","start_year":500,"end_year":1500,"importance":"city"}},{"type":"Feature","geometry":{"type":"Point","coordinates":[35.8583,32.5986]},"properties":{"id":"set_kapitolias_500","name":"Kapitolias","kind":"settlement","start_year":500,"end_year":1500,"importance":"city"}},{"type":"Feature","geometry":{"type":"Point","coordinates":[33.2625,34.8414]},"properties":{"id":"set_kapsalaes_500","name":"Kapsalaes","kind":"settlement","start_year":500,"end_year":1500,"importance":"city"}},{"type":"Feature","geometry":{"type":"Point","coordinates":[34.9833,53.1167]},"properties":{"id":"set_karachev_1146","name":"Karachev","kind":"settlement","start_year":1146,"end_year":1500,"importance":"city"}},{"type":"Feature","geometry":{"type":"Point","coordinates":[43.6456,38.6958]},"properties":{"id":"set_karag_nd_z_500","name":"Karagündüz","kind":"settlement","start_year":500,"end_year":1500,"importance":"city"}},{"type":"Feature","geometry":{"type":"Point","coordinates":[33.3697,42.0136]},"properties":{"id":"set_karambis_pontus_500","name":"Karambis (Pontus)","kind":"settlement","start_year":500,"end_year":1500,"importance":"city"}},{"type":"Feature","geometry":{"type":"Point","coordinates":[44.8221,33.8811]},"properties":{"id":"set_karastel_artemita_500","name":"Karastel/Artemita?","kind":"settlement","start_year":500,"end_year":1500,"importance":"city"}},{"type":"Feature","geometry":{"type":"Point","coordinates":[67.1835,37.279]},"properties":{"id":"set_kara_tepe_500","name":"Kara-Tepe","kind":"settlement","start_year":500,"end_year":1500,"importance":"city"}},{"type":"Feature","geometry":{"type":"Point","coordinates":[45.3188,37.2369]},"properties":{"id":"set_kargan_tepe_500","name":"Kargan tepe","kind":"settlement","start_year":500,"end_year":1500,"importance":"city"}},{"type":"Feature","geometry":{"type":"Point","coordinates":[38.9333,61.5]},"properties":{"id":"set_kargopol_1380","name":"Kargopol","kind":"settlement","start_year":1380,"end_year":1500,"importance":"city"}},{"type":"Feature","geometry":{"type":"Point","coordinates":[15.8614,52.0714]},"properties":{"id":"set_kargowa_1360","name":"Kargowa","kind":"settlement","start_year":1360,"end_year":1500,"importance":"city"}},{"type":"Feature","geometry":{"type":"Point","coordinates":[15.8786,54.0392]},"properties":{"id":"set_karlino_1240","name":"Karlino","kind":"settlement","start_year":1240,"end_year":1500,"importance":"city"}},{"type":"Feature","geometry":{"type":"Point","coordinates":[12.8725,50.2306]},"properties":{"id":"set_karlovy_vary_1350","name":"Karlovy Vary","kind":"settlement","start_year":1350,"end_year":1500,"importance":"city"}},{"type":"Feature","geometry":{"type":"Point","coordinates":[34.3699,35.6262]},"properties":{"id":"set_karpasia_500","name":"Karpasia","kind":"settlement","start_year":500,"end_year":1500,"importance":"city"}},{"type":"Feature","geometry":{"type":"Point","coordinates":[18.1974,54.3342]},"properties":{"id":"set_kartuzy_1391","name":"Kartuzy","kind":"settlement","start_year":1391,"end_year":1500,"importance":"city"}},{"type":"Feature","geometry":{"type":"Point","coordinates":[24.4314,38.0348]},"properties":{"id":"set_karystos_500","name":"Karystos","kind":"settlement","start_year":500,"end_year":1500,"importance":"city"}},{"type":"Feature","geometry":{"type":"Point","coordinates":[43.4096,36.3057]},"properties":{"id":"set_kar_mullissi_500","name":"Kar-Mullissi","kind":"settlement","start_year":500,"end_year":1500,"importance":"city"}},{"type":"Feature","geometry":{"type":"Point","coordinates":[38.15,54.8333]},"properties":{"id":"set_kashira_1357","name":"Kashira","kind":"settlement","start_year":1357,"end_year":1500,"importance":"city"}},{"type":"Feature","geometry":{"type":"Point","coordinates":[41.3972,54.9583]},"properties":{"id":"set_kasimov_1152","name":"Kasimov","kind":"settlement","start_year":1152,"end_year":1500,"importance":"city"}},{"type":"Feature","geometry":{"type":"Point","coordinates":[26.9107,35.4213]},"properties":{"id":"set_kasos_settlement_500","name":"Kasos (settlement)","kind":"settlement","start_year":500,"end_year":1500,"importance":"city"}},{"type":"Feature","geometry":{"type":"Point","coordinates":[44.6225,42.7447]},"properties":{"id":"set_kaspiai_pylai_caucasiae_portae_500","name":"Kaspiai Pylai/Caucasiae Portae","kind":"settlement","start_year":500,"end_year":1500,"importance":"city"}},{"type":"Feature","geometry":{"type":"Point","coordinates":[9.4979,51.3158]},"properties":{"id":"set_kassel_1330","name":"Kassel","kind":"settlement","start_year":1330,"end_year":1500,"importance":"city"}},{"type":"Feature","geometry":{"type":"Point","coordinates":[20.6759,39.145]},"properties":{"id":"set_kassope_500","name":"Kassope","kind":"settlement","start_year":500,"end_year":1500,"importance":"city"}},{"type":"Feature","geometry":{"type":"Point","coordinates":[24.0195,35.5173]},"properties":{"id":"set_kastellion_500","name":"Kastellion","kind":"settlement","start_year":500,"end_year":1500,"importance":"city"}},{"type":"Feature","geometry":{"type":"Point","coordinates":[8.4933,48.2735]},"properties":{"id":"set_kastell_waldm_ssingen_500","name":"Kastell Waldmössingen","kind":"settlement","start_year":500,"end_year":1500,"importance":"city"}},{"type":"Feature","geometry":{"type":"Point","coordinates":[20.6701,39.9635]},"properties":{"id":"set_kastraki_of_agios_minas_500","name":"Kastraki of Agios Minas","kind":"settlement","start_year":500,"end_year":1500,"importance":"city"}},{"type":"Feature","geometry":{"type":"Point","coordinates":[22.1213,40.0533]},"properties":{"id":"set_kastri_livadiou_ancient_settlement_500","name":"Kastri Livadiou ancient settlement","kind":"settlement","start_year":500,"end_year":1500,"importance":"city"}},{"type":"Feature","geometry":{"type":"Point","coordinates":[33.1748,35.3382]},"properties":{"id":"set_kastros_500","name":"Kastros","kind":"settlement","start_year":500,"end_year":1500,"importance":"city"}},{"type":"Feature","geometry":{"type":"Point","coordinates":[46.0823,32.4605]},"properties":{"id":"set_kas_h_kar_500","name":"Kas(h)kar","kind":"settlement","start_year":500,"end_year":1500,"importance":"city"}},{"type":"Feature","geometry":{"type":"Point","coordinates":[43.4157,38.6847]},"properties":{"id":"set_kas_mo_lu_500","name":"Kasımoğlu","kind":"settlement","start_year":500,"end_year":1500,"importance":"city"}},{"type":"Feature","geometry":{"type":"Point","coordinates":[28.52,38.5772]},"properties":{"id":"set_katakekaumene_500","name":"Katakekaumene","kind":"settlement","start_year":500,"end_year":1500,"importance":"city"}},{"type":"Feature","geometry":{"type":"Point","coordinates":[15.0881,37.503]},"properties":{"id":"set_katane_catina_500","name":"Katane/Catina","kind":"settlement","start_year":500,"end_year":1500,"importance":"city"}},{"type":"Feature","geometry":{"type":"Point","coordinates":[25.864,36.8267]},"properties":{"id":"set_katapola_500","name":"Katapola","kind":"settlement","start_year":500,"end_year":1500,"importance":"city"}},{"type":"Feature","geometry":{"type":"Point","coordinates":[85.32,27.71]},"properties":{"id":"set_kathmandu_723","name":"Kathmandu","kind":"settlement","start_year":723,"end_year":1500,"importance":"city"}},{"type":"Feature","geometry":{"type":"Point","coordinates":[23.7865,38.1843]},"properties":{"id":"set_katsimidi_500","name":"Katsimidi","kind":"settlement","start_year":500,"end_year":1500,"importance":"city"}},{"type":"Feature","geometry":{"type":"Point","coordinates":[79.8537,11.1453]},"properties":{"id":"set_kaveripumpattinam_poombuhar_500","name":"Kaveripumpattinam/Poombuhar","kind":"settlement","start_year":500,"end_year":1500,"importance":"city"}},{"type":"Feature","geometry":{"type":"Point","coordinates":[25.8677,35.111]},"properties":{"id":"set_kavousi_kastro_500","name":"Kavousi Kastro","kind":"settlement","start_year":500,"end_year":1500,"importance":"city"}},{"type":"Feature","geometry":{"type":"Point","coordinates":[30.4966,19.1231]},"properties":{"id":"set_kawa_500","name":"Kawa","kind":"settlement","start_year":500,"end_year":1500,"importance":"city"}},{"type":"Feature","geometry":{"type":"Point","coordinates":[78.0933,8.6697]},"properties":{"id":"set_kayal_500","name":"Kayal","kind":"settlement","start_year":500,"end_year":1500,"importance":"city"}},{"type":"Feature","geometry":{"type":"Point","coordinates":[27.9298,38.6237]},"properties":{"id":"set_kaymak_500","name":"Kaymakçı","kind":"settlement","start_year":500,"end_year":1500,"importance":"city"}},{"type":"Feature","geometry":{"type":"Point","coordinates":[30.2788,39.5114]},"properties":{"id":"set_kayser_kale_500","name":"Kayser Kale","kind":"settlement","start_year":500,"end_year":1500,"importance":"city"}},{"type":"Feature","geometry":{"type":"Point","coordinates":[49.1144,55.7908]},"properties":{"id":"set_kazan_1005","name":"Kazan","kind":"settlement","start_year":1005,"end_year":1500,"importance":"city"}},{"type":"Feature","geometry":{"type":"Point","coordinates":[42.0275,37.1876]},"properties":{"id":"set_kebili_formerly_babil_500","name":"Kebili (formerly Babil)","kind":"settlement","start_year":500,"end_year":1500,"importance":"city"}},{"type":"Feature","geometry":{"type":"Point","coordinates":[44.7163,40.534]},"properties":{"id":"set_kecharis_500","name":"Kecharis","kind":"settlement","start_year":500,"end_year":1500,"importance":"city"}},{"type":"Feature","geometry":{"type":"Point","coordinates":[42.7191,38.8335]},"properties":{"id":"set_kef_kalesi_500","name":"Kef Kalesi","kind":"settlement","start_year":500,"end_year":1500,"importance":"city"}},{"type":"Feature","geometry":{"type":"Point","coordinates":[38.5049,39.2362]},"properties":{"id":"set_kemaliye_500","name":"Kemaliye","kind":"settlement","start_year":500,"end_year":1500,"importance":"city"}},{"type":"Feature","geometry":{"type":"Point","coordinates":[29.362,36.6933]},"properties":{"id":"set_kemer_bridge_500","name":"Kemer bridge","kind":"settlement","start_year":500,"end_year":1500,"importance":"city"}},{"type":"Feature","geometry":{"type":"Point","coordinates":[8.8181,47.2348]},"properties":{"id":"set_kempraten_500","name":"Kempraten","kind":"settlement","start_year":500,"end_year":1500,"importance":"city"}},{"type":"Feature","geometry":{"type":"Point","coordinates":[34.6,64.95]},"properties":{"id":"set_kem_1301","name":"Kem","kind":"settlement","start_year":1301,"end_year":1500,"importance":"city"}},{"type":"Feature","geometry":{"type":"Point","coordinates":[23.9964,37.8118]},"properties":{"id":"set_kephale_500","name":"Kephale","kind":"settlement","start_year":500,"end_year":1500,"importance":"city"}},{"type":"Feature","geometry":{"type":"Point","coordinates":[28.875,41.125]},"properties":{"id":"set_keras_500","name":"Keras","kind":"settlement","start_year":500,"end_year":1500,"importance":"city"}},{"type":"Feature","geometry":{"type":"Point","coordinates":[11.099,36.9464]},"properties":{"id":"set_kerkouane_500","name":"Kerkouane","kind":"settlement","start_year":500,"end_year":1500,"importance":"city"}},{"type":"Feature","geometry":{"type":"Point","coordinates":[22.1512,38.1638]},"properties":{"id":"set_keryneia_500","name":"Keryneia","kind":"settlement","start_year":500,"end_year":1500,"importance":"city"}},{"type":"Feature","geometry":{"type":"Point","coordinates":[0.0301,51.3511]},"properties":{"id":"set_keston_500","name":"Keston","kind":"settlement","start_year":500,"end_year":1500,"importance":"city"}},{"type":"Feature","geometry":{"type":"Point","coordinates":[57.7347,30.4307]},"properties":{"id":"set_khabi_500","name":"Khabiṣ","kind":"settlement","start_year":500,"end_year":1500,"importance":"city"}},{"type":"Feature","geometry":{"type":"Point","coordinates":[21.7878,38.1084]},"properties":{"id":"set_khalandritsa_500","name":"Khalandritsa","kind":"settlement","start_year":500,"end_year":1500,"importance":"city"}},{"type":"Feature","geometry":{"type":"Point","coordinates":[116.391,39.905]},"properties":{"id":"set_khanbaliq","name":"Khanbaliq (Beijing)","kind":"settlement","start_year":1271,"end_year":1368,"importance":"megacity"}},{"type":"Feature","geometry":{"type":"Point","coordinates":[36.4719,33.6382]},"properties":{"id":"set_khan_aiyash_500","name":"Khan Aiyash","kind":"settlement","start_year":500,"end_year":1500,"importance":"city"}},{"type":"Feature","geometry":{"type":"Point","coordinates":[36.8752,33.9414]},"properties":{"id":"set_khan_el_jennajil_500","name":"Khan el-Jennajil","kind":"settlement","start_year":500,"end_year":1500,"importance":"city"}},{"type":"Feature","geometry":{"type":"Point","coordinates":[36.8719,33.6708]},"properties":{"id":"set_khan_esh_shamat_500","name":"Khan esh-Shamat","kind":"settlement","start_year":500,"end_year":1500,"importance":"city"}},{"type":"Feature","geometry":{"type":"Point","coordinates":[36.0945,31.508]},"properties":{"id":"set_khan_ez_zebib_500","name":"Khan ez-Zebib","kind":"settlement","start_year":500,"end_year":1500,"importance":"city"}},{"type":"Feature","geometry":{"type":"Point","coordinates":[67.99,37.4762]},"properties":{"id":"set_khan_gaza_500","name":"Khan gaza","kind":"settlement","start_year":500,"end_year":1500,"importance":"city"}},{"type":"Feature","geometry":{"type":"Point","coordinates":[36.6508,35.4419]},"properties":{"id":"set_khan_shaykhun_1400","name":"Khan Shaykhun","kind":"settlement","start_year":1400,"end_year":1500,"importance":"city"}},{"type":"Feature","geometry":{"type":"Point","coordinates":[34.3025,31.3439]},"properties":{"id":"set_khan_yunis_1389","name":"Khan Yunis","kind":"settlement","start_year":1389,"end_year":1500,"importance":"city"}},{"type":"Feature","geometry":{"type":"Point","coordinates":[39.5621,36.5905]},"properties":{"id":"set_kharab_sayyar_500","name":"Kharab Sayyar","kind":"settlement","start_year":500,"end_year":1500,"importance":"city"}},{"type":"Feature","geometry":{"type":"Point","coordinates":[39.2931,25.7058]},"properties":{"id":"set_khaybar_500","name":"Khaybar","kind":"settlement","start_year":500,"end_year":1500,"importance":"city"}},{"type":"Feature","geometry":{"type":"Point","coordinates":[3.3951,36.0998]},"properties":{"id":"set_kherba_de_sfisifa_500","name":"Kherba de Sfisifa","kind":"settlement","start_year":500,"end_year":1500,"importance":"city"}},{"type":"Feature","geometry":{"type":"Point","coordinates":[0.6879,36.3242]},"properties":{"id":"set_kherbet_ramoul_500","name":"Kherbet Ramoul","kind":"settlement","start_year":500,"end_year":1500,"importance":"city"}},{"type":"Feature","geometry":{"type":"Point","coordinates":[36.0708,32.0872]},"properties":{"id":"set_khirbet_al_batrawy_500","name":"Khirbet al-Batrawy","kind":"settlement","start_year":500,"end_year":1500,"importance":"city"}},{"type":"Feature","geometry":{"type":"Point","coordinates":[35.2519,31.5274]},"properties":{"id":"set_khirbet_ed_deir_500","name":"Khirbet ed Deir","kind":"settlement","start_year":500,"end_year":1500,"importance":"city"}},{"type":"Feature","geometry":{"type":"Point","coordinates":[35.7063,30.9688]},"properties":{"id":"set_khirbet_et_tannur_500","name":"Khirbet et-Tannur","kind":"settlement","start_year":500,"end_year":1500,"importance":"city"}},{"type":"Feature","geometry":{"type":"Point","coordinates":[35.113,31.617]},"properties":{"id":"set_khirbet_k_f_n_500","name":"Khirbet Kūfīn","kind":"settlement","start_year":500,"end_year":1500,"importance":"city"}},{"type":"Feature","geometry":{"type":"Point","coordinates":[37.9768,56.2535]},"properties":{"id":"set_khotkovo_1308","name":"Khotkovo","kind":"settlement","start_year":1308,"end_year":1500,"importance":"city"}},{"type":"Feature","geometry":{"type":"Point","coordinates":[50.4865,34.0644]},"properties":{"id":"set_khurha_500","name":"Khurha","kind":"settlement","start_year":500,"end_year":1500,"importance":"city"}},{"type":"Feature","geometry":{"type":"Point","coordinates":[69.4054,36.7551]},"properties":{"id":"set_khusti_qishlaq_500","name":"Khusti Qishlaq","kind":"settlement","start_year":500,"end_year":1500,"importance":"city"}},{"type":"Feature","geometry":{"type":"Point","coordinates":[52.4973,35.2869]},"properties":{"id":"set_khuvar_choara_apameia_rhagiane_500","name":"[Khuvar]/Choara/Apameia (Rhagiane)?","kind":"settlement","start_year":500,"end_year":1500,"importance":"city"}},{"type":"Feature","geometry":{"type":"Point","coordinates":[44.4016,32.8277]},"properties":{"id":"set_kh_n_asw_500","name":"Khān Ḥaswā","kind":"settlement","start_year":500,"end_year":1500,"importance":"city"}},{"type":"Feature","geometry":{"type":"Point","coordinates":[36.0112,33.5573]},"properties":{"id":"set_kiboreia_500","name":"Kiboreia","kind":"settlement","start_year":500,"end_year":1500,"importance":"city"}},{"type":"Feature","geometry":{"type":"Point","coordinates":[10.1394,54.3233]},"properties":{"id":"set_kiel_1242","name":"Kiel","kind":"settlement","start_year":1242,"end_year":1500,"importance":"city"}},{"type":"Feature","geometry":{"type":"Point","coordinates":[25.25,40.25]},"properties":{"id":"set_kil_d_l_ba_reyn_500","name":"Kilīd ūl-Baḥreyn","kind":"settlement","start_year":500,"end_year":1500,"importance":"city"}},{"type":"Feature","geometry":{"type":"Point","coordinates":[36.2246,45.0423]},"properties":{"id":"set_kimmerikon_500","name":"Kimmerikon","kind":"settlement","start_year":500,"end_year":1500,"importance":"city"}},{"type":"Feature","geometry":{"type":"Point","coordinates":[42.7304,36.7713]},"properties":{"id":"set_kim_nah_500","name":"Kimūnah","kind":"settlement","start_year":500,"end_year":1500,"importance":"city"}},{"type":"Feature","geometry":{"type":"Point","coordinates":[28.6,59.3667]},"properties":{"id":"set_kingisepp_1384","name":"Kingisepp","kind":"settlement","start_year":1384,"end_year":1500,"importance":"city"}},{"type":"Feature","geometry":{"type":"Point","coordinates":[-0.3325,53.7444]},"properties":{"id":"set_kingston_upon_hull_1101","name":"Kingston upon Hull","kind":"settlement","start_year":1101,"end_year":1500,"importance":"city"}},{"type":"Feature","geometry":{"type":"Point","coordinates":[35.5075,32.8606]},"properties":{"id":"set_kinneret_500","name":"Kinneret","kind":"settlement","start_year":500,"end_year":1500,"importance":"city"}},{"type":"Feature","geometry":{"type":"Point","coordinates":[34.1656,41.9657]},"properties":{"id":"set_kinolis_500","name":"Kinolis","kind":"settlement","start_year":500,"end_year":1500,"importance":"city"}},{"type":"Feature","geometry":{"type":"Point","coordinates":[38.3833,59.8667]},"properties":{"id":"set_kirillov_1397","name":"Kirillov","kind":"settlement","start_year":1397,"end_year":1500,"importance":"city"}},{"type":"Feature","geometry":{"type":"Point","coordinates":[8.794,42.2487]},"properties":{"id":"set_kirkidios_river_500","name":"Kirkidios (river)","kind":"settlement","start_year":500,"end_year":1500,"importance":"city"}},{"type":"Feature","geometry":{"type":"Point","coordinates":[44.5932,32.5461]},"properties":{"id":"set_kish_500","name":"Kish","kind":"settlement","start_year":500,"end_year":1500,"importance":"city"}},{"type":"Feature","geometry":{"type":"Point","coordinates":[19.2635,53.6086]},"properties":{"id":"set_kisielice_1331","name":"Kisielice","kind":"settlement","start_year":1331,"end_year":1500,"importance":"city"}},{"type":"Feature","geometry":{"type":"Point","coordinates":[36.0466,36.9805]},"properties":{"id":"set_kisuatni_500","name":"Kisuatni","kind":"settlement","start_year":500,"end_year":1500,"importance":"city"}},{"type":"Feature","geometry":{"type":"Point","coordinates":[33.6329,34.9203]},"properties":{"id":"set_kition_military_port_and_shipsheds_500","name":"Kition: Military Port and Shipsheds","kind":"settlement","start_year":500,"end_year":1500,"importance":"city"}},{"type":"Feature","geometry":{"type":"Point","coordinates":[37.2851,37.3952]},"properties":{"id":"set_kizkapanli_500","name":"Kizkapanli","kind":"settlement","start_year":500,"end_year":1500,"importance":"city"}},{"type":"Feature","geometry":{"type":"Point","coordinates":[21.135,55.7125]},"properties":{"id":"set_klaip_da_1252","name":"Klaipėda","kind":"settlement","start_year":1252,"end_year":1500,"importance":"city"}},{"type":"Feature","geometry":{"type":"Point","coordinates":[26.7706,38.3615]},"properties":{"id":"set_klazomenai_earlier_500","name":"Klazomenai (earlier)","kind":"settlement","start_year":500,"end_year":1500,"importance":"city"}},{"type":"Feature","geometry":{"type":"Point","coordinates":[22.0972,37.8908]},"properties":{"id":"set_kleitor_settlement_500","name":"Kleitor (settlement)","kind":"settlement","start_year":500,"end_year":1500,"importance":"city"}},{"type":"Feature","geometry":{"type":"Point","coordinates":[22.7762,37.8197]},"properties":{"id":"set_kleonai_500","name":"Kleonai","kind":"settlement","start_year":500,"end_year":1500,"importance":"city"}},{"type":"Feature","geometry":{"type":"Point","coordinates":[42.66,43.9283]},"properties":{"id":"set_klin_yar_500","name":"Klin-Yar","kind":"settlement","start_year":500,"end_year":1500,"importance":"city"}},{"type":"Feature","geometry":{"type":"Point","coordinates":[18.2167,50.9833]},"properties":{"id":"set_kluczbork_1253","name":"Kluczbork","kind":"settlement","start_year":1253,"end_year":1500,"importance":"city"}},{"type":"Feature","geometry":{"type":"Point","coordinates":[8.5051,51.4913]},"properties":{"id":"set_kneblinghausen_roman_camp_500","name":"Kneblinghausen Roman camp","kind":"settlement","start_year":500,"end_year":1500,"importance":"city"}},{"type":"Feature","geometry":{"type":"Point","coordinates":[34.0552,35.3287]},"properties":{"id":"set_knidos_500","name":"Knidos","kind":"settlement","start_year":500,"end_year":1500,"importance":"city"}},{"type":"Feature","geometry":{"type":"Point","coordinates":[-7.1591,52.2075]},"properties":{"id":"set_knockeen_dolmen_500","name":"Knockeen dolmen","kind":"settlement","start_year":500,"end_year":1500,"importance":"city"}},{"type":"Feature","geometry":{"type":"Point","coordinates":[-2.0585,51.1953]},"properties":{"id":"set_knook_castle_hill_fort_500","name":"Knook Castle hill fort","kind":"settlement","start_year":500,"end_year":1500,"importance":"city"}},{"type":"Feature","geometry":{"type":"Point","coordinates":[39.8512,47.2468]},"properties":{"id":"set_kobyakova_gorodishche_500","name":"Kobyakova Gorodishche","kind":"settlement","start_year":500,"end_year":1500,"importance":"city"}},{"type":"Feature","geometry":{"type":"Point","coordinates":[66.4551,25.6558]},"properties":{"id":"set_kokala_horaia_argenuus_500","name":"Kokala/Horaia?/Argenuus?","kind":"settlement","start_year":500,"end_year":1500,"importance":"city"}},{"type":"Feature","geometry":{"type":"Point","coordinates":[32.8148,34.8737]},"properties":{"id":"set_kokkinovouno_500","name":"Kokkinovouno","kind":"settlement","start_year":500,"end_year":1500,"importance":"city"}},{"type":"Feature","geometry":{"type":"Point","coordinates":[9.4722,55.4908]},"properties":{"id":"set_kolding_1231","name":"Kolding","kind":"settlement","start_year":1231,"end_year":1500,"importance":"city"}},{"type":"Feature","geometry":{"type":"Point","coordinates":[38.7833,55.0833]},"properties":{"id":"set_kolomna_1177","name":"Kolomna","kind":"settlement","start_year":1177,"end_year":1500,"importance":"city"}},{"type":"Feature","geometry":{"type":"Point","coordinates":[26.9108,40.2808]},"properties":{"id":"set_kolonai_500","name":"Kolonai","kind":"settlement","start_year":500,"end_year":1500,"importance":"city"}},{"type":"Feature","geometry":{"type":"Point","coordinates":[80.5178,7.3138]},"properties":{"id":"set_kolugala_500","name":"Kolugala","kind":"settlement","start_year":500,"end_year":1500,"importance":"city"}},{"type":"Feature","geometry":{"type":"Point","coordinates":[31.9581,36.7324]},"properties":{"id":"set_kolybrassos_500","name":"Kolybrassos","kind":"settlement","start_year":500,"end_year":1500,"importance":"city"}},{"type":"Feature","geometry":{"type":"Point","coordinates":[17.9972,47.9153]},"properties":{"id":"set_kol_rovo_1268","name":"Kolárovo","kind":"settlement","start_year":1268,"end_year":1500,"importance":"city"}},{"type":"Feature","geometry":{"type":"Point","coordinates":[34.9833,19.5667]},"properties":{"id":"set_komotit_500","name":"Komotit","kind":"settlement","start_year":500,"end_year":1500,"importance":"city"}},{"type":"Feature","geometry":{"type":"Point","coordinates":[30.8887,27.6193]},"properties":{"id":"set_kom_el_nana_500","name":"Kom el-Nana","kind":"settlement","start_year":500,"end_year":1500,"importance":"city"}},{"type":"Feature","geometry":{"type":"Point","coordinates":[18.1283,47.7633]},"properties":{"id":"set_kom_rno_1075","name":"Komárno","kind":"settlement","start_year":1075,"end_year":1500,"importance":"city"}},{"type":"Feature","geometry":{"type":"Point","coordinates":[70.4167,40.2833]},"properties":{"id":"set_konibodom_801","name":"Konibodom","kind":"settlement","start_year":801,"end_year":1500,"importance":"city"}},{"type":"Feature","geometry":{"type":"Point","coordinates":[19.6833,50.7833]},"properties":{"id":"set_koniecpol_1386","name":"Koniecpol","kind":"settlement","start_year":1386,"end_year":1500,"importance":"city"}},{"type":"Feature","geometry":{"type":"Point","coordinates":[18.2614,52.2275]},"properties":{"id":"set_konin_1283","name":"Konin","kind":"settlement","start_year":1283,"end_year":1500,"importance":"city"}},{"type":"Feature","geometry":{"type":"Point","coordinates":[21.1167,52.0833]},"properties":{"id":"set_konstancin_jeziorna_1410","name":"Konstancin-Jeziorna","kind":"settlement","start_year":1410,"end_year":1500,"importance":"city"}},{"type":"Feature","geometry":{"type":"Point","coordinates":[83.0789,26.8743]},"properties":{"id":"set_kopia_500","name":"Kopia","kind":"settlement","start_year":500,"end_year":1500,"importance":"city"}},{"type":"Feature","geometry":{"type":"Point","coordinates":[34.0376,34.9737]},"properties":{"id":"set_korakistres_500","name":"Korakistres","kind":"settlement","start_year":500,"end_year":1500,"importance":"city"}},{"type":"Feature","geometry":{"type":"Point","coordinates":[-1.9718,51.7114]},"properties":{"id":"set_korinion_cironium_500","name":"Korinion/Cironium","kind":"settlement","start_year":500,"end_year":1500,"importance":"city"}},{"type":"Feature","geometry":{"type":"Point","coordinates":[32.9427,36.5614]},"properties":{"id":"set_koropissos_500","name":"Koropissos","kind":"settlement","start_year":500,"end_year":1500,"importance":"city"}},{"type":"Feature","geometry":{"type":"Point","coordinates":[6.5418,51.1662]},"properties":{"id":"set_korschenbroich_liedberg_500","name":"Korschenbroich-Liedberg","kind":"settlement","start_year":500,"end_year":1500,"importance":"city"}},{"type":"Feature","geometry":{"type":"Point","coordinates":[26.479,37.5789]},"properties":{"id":"set_korsiai_500","name":"Korsiai?","kind":"settlement","start_year":500,"end_year":1500,"importance":"city"}},{"type":"Feature","geometry":{"type":"Point","coordinates":[17.1571,42.9453]},"properties":{"id":"set_kor_ula_neolithic_site_500","name":"Korčula Neolithic Site","kind":"settlement","start_year":500,"end_year":1500,"importance":"city"}},{"type":"Feature","geometry":{"type":"Point","coordinates":[31.1551,46.6661]},"properties":{"id":"set_kosharskoye_500","name":"Kosharskoye","kind":"settlement","start_year":500,"end_year":1500,"importance":"city"}},{"type":"Feature","geometry":{"type":"Point","coordinates":[40.9269,57.7681]},"properties":{"id":"set_kostroma_1152","name":"Kostroma","kind":"settlement","start_year":1152,"end_year":1500,"importance":"city"}},{"type":"Feature","geometry":{"type":"Point","coordinates":[16.1817,54.1903]},"properties":{"id":"set_koszalin_1266","name":"Koszalin","kind":"settlement","start_year":1266,"end_year":1500,"importance":"city"}},{"type":"Feature","geometry":{"type":"Point","coordinates":[27.2899,36.8936]},"properties":{"id":"set_kos_settlement_500","name":"Kos (settlement)","kind":"settlement","start_year":500,"end_year":1500,"importance":"city"}},{"type":"Feature","geometry":{"type":"Point","coordinates":[48.3481,58.3089]},"properties":{"id":"set_kotelnich_1143","name":"Kotelnich","kind":"settlement","start_year":1143,"end_year":1500,"importance":"city"}},{"type":"Feature","geometry":{"type":"Point","coordinates":[44.415,38.4636]},"properties":{"id":"set_kotor_odz_500","name":"Kotor(odz)","kind":"settlement","start_year":500,"end_year":1500,"importance":"city"}},{"type":"Feature","geometry":{"type":"Point","coordinates":[80.1199,14.116]},"properties":{"id":"set_kottapatnam_500","name":"Kottapatnam","kind":"settlement","start_year":500,"end_year":1500,"importance":"city"}},{"type":"Feature","geometry":{"type":"Point","coordinates":[7.2541,50.3455]},"properties":{"id":"set_kottenheim_500","name":"Kottenheim","kind":"settlement","start_year":500,"end_year":1500,"importance":"city"}},{"type":"Feature","geometry":{"type":"Point","coordinates":[37.8704,40.9984]},"properties":{"id":"set_kotyora_500","name":"Kotyora","kind":"settlement","start_year":500,"end_year":1500,"importance":"city"}},{"type":"Feature","geometry":{"type":"Point","coordinates":[24.6561,40.5777]},"properties":{"id":"set_koukos_500","name":"Koukos","kind":"settlement","start_year":500,"end_year":1500,"importance":"city"}},{"type":"Feature","geometry":{"type":"Point","coordinates":[-7.9687,15.7657]},"properties":{"id":"set_koumbi_saleh_500","name":"Koumbi Saleh","kind":"settlement","start_year":500,"end_year":1500,"importance":"city"}},{"type":"Feature","geometry":{"type":"Point","coordinates":[30.818,27.4382]},"properties":{"id":"set_koussai_koskam_500","name":"Koussai/Koskam","kind":"settlement","start_year":500,"end_year":1500,"importance":"city"}},{"type":"Feature","geometry":{"type":"Point","coordinates":[8.1876,33.9592]},"properties":{"id":"set_koustilya_500","name":"Koustilya","kind":"settlement","start_year":500,"end_year":1500,"importance":"city"}},{"type":"Feature","geometry":{"type":"Point","coordinates":[41.3197,56.3606]},"properties":{"id":"set_kovrov_1157","name":"Kovrov","kind":"settlement","start_year":1157,"end_year":1500,"importance":"city"}},{"type":"Feature","geometry":{"type":"Point","coordinates":[84.3472,41.6064]},"properties":{"id":"set_koyuk_shahri_500","name":"Koyuk Shahri","kind":"settlement","start_year":500,"end_year":1500,"importance":"city"}},{"type":"Feature","geometry":{"type":"Point","coordinates":[35.7767,54.0353]},"properties":{"id":"set_kozelsk_1200","name":"Kozelsk","kind":"settlement","start_year":1200,"end_year":1500,"importance":"city"}},{"type":"Feature","geometry":{"type":"Point","coordinates":[21.5511,51.5856]},"properties":{"id":"set_kozienice_1206","name":"Kozienice","kind":"settlement","start_year":1206,"end_year":1500,"importance":"city"}},{"type":"Feature","geometry":{"type":"Point","coordinates":[21.25,48.7167]},"properties":{"id":"set_ko_ice_1230","name":"Košice","kind":"settlement","start_year":1230,"end_year":1500,"importance":"city"}},{"type":"Feature","geometry":{"type":"Point","coordinates":[18.1458,50.3353]},"properties":{"id":"set_ko_le_1104","name":"Koźle","kind":"settlement","start_year":1104,"end_year":1500,"importance":"city"}},{"type":"Feature","geometry":{"type":"Point","coordinates":[15.5761,54.1761]},"properties":{"id":"set_ko_obrzeg_1000","name":"Kołobrzeg","kind":"settlement","start_year":1000,"end_year":1500,"importance":"city"}},{"type":"Feature","geometry":{"type":"Point","coordinates":[15.6,51.75]},"properties":{"id":"set_ko_uch_w_1125","name":"Kożuchów","kind":"settlement","start_year":1125,"end_year":1500,"importance":"city"}},{"type":"Feature","geometry":{"type":"Point","coordinates":[22.5699,43.574]},"properties":{"id":"set_krachimir_500","name":"Krachimir","kind":"settlement","start_year":500,"end_year":1500,"importance":"city"}},{"type":"Feature","geometry":{"type":"Point","coordinates":[20.9172,44.0101]},"properties":{"id":"set_kragujevac_1476","name":"Kragujevac","kind":"settlement","start_year":1476,"end_year":1500,"importance":"city"}},{"type":"Feature","geometry":{"type":"Point","coordinates":[19.937,50.062]},"properties":{"id":"set_krakow","name":"Kraków","kind":"settlement","start_year":1038,"end_year":1500,"importance":"capital"}},{"type":"Feature","geometry":{"type":"Point","coordinates":[21.2142,39.2514]},"properties":{"id":"set_kraneia_500","name":"Kraneia?","kind":"settlement","start_year":500,"end_year":1500,"importance":"city"}},{"type":"Feature","geometry":{"type":"Point","coordinates":[18.9183,48.7044]},"properties":{"id":"set_kremnica_1328","name":"Kremnica","kind":"settlement","start_year":1328,"end_year":1500,"importance":"city"}},{"type":"Feature","geometry":{"type":"Point","coordinates":[24.2846,41.0127]},"properties":{"id":"set_krenides_philippi_col_augusta_iulia_philippensis_500","name":"Krenides/Philippi/Col. Augusta Iulia Philippensis","kind":"settlement","start_year":500,"end_year":1500,"importance":"city"}},{"type":"Feature","geometry":{"type":"Point","coordinates":[27.8207,36.2733]},"properties":{"id":"set_kretinia_500","name":"Kretinia","kind":"settlement","start_year":500,"end_year":1500,"importance":"city"}},{"type":"Feature","geometry":{"type":"Point","coordinates":[30.3217,37.375]},"properties":{"id":"set_kretopolis_500","name":"Kretopolis","kind":"settlement","start_year":500,"end_year":1500,"importance":"city"}},{"type":"Feature","geometry":{"type":"Point","coordinates":[30.84,29.315]},"properties":{"id":"set_krokodilopolis_ptolemais_euergetis_500","name":"Krokodilopolis/Ptolemais Euergetis","kind":"settlement","start_year":500,"end_year":1500,"importance":"city"}},{"type":"Feature","geometry":{"type":"Point","coordinates":[19.0669,48.35]},"properties":{"id":"set_krupina_1135","name":"Krupina","kind":"settlement","start_year":1135,"end_year":1500,"importance":"city"}},{"type":"Feature","geometry":{"type":"Point","coordinates":[19.6333,50.1333]},"properties":{"id":"set_krzeszowice_1286","name":"Krzeszowice","kind":"settlement","start_year":1286,"end_year":1500,"importance":"city"}},{"type":"Feature","geometry":{"type":"Point","coordinates":[21.9797,48.4233]},"properties":{"id":"set_kr_ovsk_chlmec_1214","name":"Kráľovský Chlmec","kind":"settlement","start_year":1214,"end_year":1500,"importance":"city"}},{"type":"Feature","geometry":{"type":"Point","coordinates":[10.4313,33.0402]},"properties":{"id":"set_ksar_chouline_500","name":"Ksar Chouline","kind":"settlement","start_year":500,"end_year":1500,"importance":"city"}},{"type":"Feature","geometry":{"type":"Point","coordinates":[1.2002,35.919]},"properties":{"id":"set_ksar_el_kaoua_500","name":"Ksar el Kaoua","kind":"settlement","start_year":500,"end_year":1500,"importance":"city"}},{"type":"Feature","geometry":{"type":"Point","coordinates":[10.426,33.4701]},"properties":{"id":"set_ksar_koutine_500","name":"Ksar Koutine","kind":"settlement","start_year":500,"end_year":1500,"importance":"city"}},{"type":"Feature","geometry":{"type":"Point","coordinates":[17.2395,52.0617]},"properties":{"id":"set_ksi_wielkopolski_1193","name":"Książ Wielkopolski","kind":"settlement","start_year":1193,"end_year":1500,"importance":"city"}},{"type":"Feature","geometry":{"type":"Point","coordinates":[44.1956,56.1517]},"properties":{"id":"set_kstovo_1301","name":"Kstovo","kind":"settlement","start_year":1301,"end_year":1500,"importance":"city"}},{"type":"Feature","geometry":{"type":"Point","coordinates":[32.8639,45.3668]},"properties":{"id":"set_kul_chukskoye_500","name":"Kul'chukskoye","kind":"settlement","start_year":500,"end_year":1500,"importance":"city"}},{"type":"Feature","geometry":{"type":"Point","coordinates":[21.7144,42.1322]},"properties":{"id":"set_kumanovo_1094","name":"Kumanovo","kind":"settlement","start_year":1094,"end_year":1500,"importance":"city"}},{"type":"Feature","geometry":{"type":"Point","coordinates":[-7.985,15.766]},"properties":{"id":"set_kumbi_saleh","name":"Kumbi Saleh","kind":"settlement","start_year":700,"end_year":1076,"importance":"capital"}},{"type":"Feature","geometry":{"type":"Point","coordinates":[35.8211,33.6237]},"properties":{"id":"set_kumidi_500","name":"Kumidi","kind":"settlement","start_year":500,"end_year":1500,"importance":"city"}},{"type":"Feature","geometry":{"type":"Point","coordinates":[35.1235,37.0016]},"properties":{"id":"set_kundu_kyinda_500","name":"Kundu/Kyinda","kind":"settlement","start_year":500,"end_year":1500,"importance":"city"}},{"type":"Feature","geometry":{"type":"Point","coordinates":[34.4211,30.1931]},"properties":{"id":"set_kuntillat_ajrud_500","name":"Kuntillat 'Ajrud","kind":"settlement","start_year":500,"end_year":1500,"importance":"city"}},{"type":"Feature","geometry":{"type":"Point","coordinates":[16.6145,43.1772]},"properties":{"id":"set_kupinovik_roman_villa_500","name":"Kupinovik Roman Villa","kind":"settlement","start_year":500,"end_year":1500,"importance":"city"}},{"type":"Feature","geometry":{"type":"Point","coordinates":[36.1872,51.7372]},"properties":{"id":"set_kursk_1032","name":"Kursk","kind":"settlement","start_year":1032,"end_year":1500,"importance":"city"}},{"type":"Feature","geometry":{"type":"Point","coordinates":[80.3559,7.4711]},"properties":{"id":"set_kurunegala_500","name":"Kurunegala","kind":"settlement","start_year":500,"end_year":1500,"importance":"city"}},{"type":"Feature","geometry":{"type":"Point","coordinates":[30.1669,37.6344]},"properties":{"id":"set_kuru_ay_h_y_k_500","name":"Kuruçay Höyük","kind":"settlement","start_year":500,"end_year":1500,"importance":"city"}},{"type":"Feature","geometry":{"type":"Point","coordinates":[23.7226,37.9703]},"properties":{"id":"set_kydathenaion_500","name":"Kydathenaion","kind":"settlement","start_year":500,"end_year":1500,"importance":"city"}},{"type":"Feature","geometry":{"type":"Point","coordinates":[30.524,50.45]},"properties":{"id":"set_kyiv","name":"Kyiv","kind":"settlement","start_year":882,"end_year":1240,"importance":"capital"}},{"type":"Feature","geometry":{"type":"Point","coordinates":[21.1439,37.9332]},"properties":{"id":"set_kyllene_500","name":"Kyllene","kind":"settlement","start_year":500,"end_year":1500,"importance":"city"}},{"type":"Feature","geometry":{"type":"Point","coordinates":[135.768,35.011]},"properties":{"id":"set_kyoto","name":"Kyoto (Heiankyō)","kind":"settlement","start_year":794,"end_year":1500,"importance":"megacity"}},{"type":"Feature","geometry":{"type":"Point","coordinates":[22.2985,40.8318]},"properties":{"id":"set_kyrros_500","name":"Kyrros","kind":"settlement","start_year":500,"end_year":1500,"importance":"city"}},{"type":"Feature","geometry":{"type":"Point","coordinates":[18.7833,49.3]},"properties":{"id":"set_kysuck_nov_mesto_1325","name":"Kysucké Nové Mesto","kind":"settlement","start_year":1325,"end_year":1500,"importance":"city"}},{"type":"Feature","geometry":{"type":"Point","coordinates":[24.3966,37.4087]},"properties":{"id":"set_kythnos_500","name":"Kythnos","kind":"settlement","start_year":500,"end_year":1500,"importance":"city"}},{"type":"Feature","geometry":{"type":"Point","coordinates":[32.5527,30.113]},"properties":{"id":"set_k_br_500","name":"Kūbrī","kind":"settlement","start_year":500,"end_year":1500,"importance":"city"}},{"type":"Feature","geometry":{"type":"Point","coordinates":[30.7442,39.5562]},"properties":{"id":"set_k_ll_oba_h_y_500","name":"Küllüoba Höyüğü","kind":"settlement","start_year":500,"end_year":1500,"importance":"city"}},{"type":"Feature","geometry":{"type":"Point","coordinates":[7.2103,50.6652]},"properties":{"id":"set_k_nigswinter_drachenfels_500","name":"Königswinter-Drachenfels","kind":"settlement","start_year":500,"end_year":1500,"importance":"city"}},{"type":"Feature","geometry":{"type":"Point","coordinates":[34.3801,37.9374]},"properties":{"id":"set_k_n_k_h_y_k_500","name":"Kınık Höyük","kind":"settlement","start_year":500,"end_year":1500,"importance":"city"}},{"type":"Feature","geometry":{"type":"Point","coordinates":[45.3597,35.5192]},"properties":{"id":"set_k_n_r_500","name":"Kūnārā","kind":"settlement","start_year":500,"end_year":1500,"importance":"city"}},{"type":"Feature","geometry":{"type":"Point","coordinates":[18.9367,50.9008]},"properties":{"id":"set_k_obuck_1257","name":"Kłobuck","kind":"settlement","start_year":1257,"end_year":1500,"importance":"city"}},{"type":"Feature","geometry":{"type":"Point","coordinates":[22.883,38.2542]},"properties":{"id":"set_k_stron_kh_stion_500","name":"Kástron Khóstion","kind":"settlement","start_year":500,"end_year":1500,"importance":"city"}},{"type":"Feature","geometry":{"type":"Point","coordinates":[19.2233,49.8821]},"properties":{"id":"set_k_ty_1238","name":"Kęty","kind":"settlement","start_year":1238,"end_year":1500,"importance":"city"}},{"type":"Feature","geometry":{"type":"Point","coordinates":[16.7667,51.0333]},"properties":{"id":"set_k_ty_wroc_awskie_1297","name":"Kąty Wrocławskie","kind":"settlement","start_year":1297,"end_year":1500,"importance":"city"}},{"type":"Feature","geometry":{"type":"Point","coordinates":[37.5564,38.5038]},"properties":{"id":"set_k_t_kale_500","name":"Kötükale","kind":"settlement","start_year":500,"end_year":1500,"importance":"city"}},{"type":"Feature","geometry":{"type":"Point","coordinates":[27.82,37.4189]},"properties":{"id":"set_labraunda_500","name":"Labraunda","kind":"settlement","start_year":500,"end_year":1500,"importance":"city"}},{"type":"Feature","geometry":{"type":"Point","coordinates":[5.6369,44.2313]},"properties":{"id":"set_lachau_500","name":"Lachau","kind":"settlement","start_year":500,"end_year":1500,"importance":"city"}},{"type":"Feature","geometry":{"type":"Point","coordinates":[-5.4123,39.0208]},"properties":{"id":"set_laci_ni_murga_500","name":"Laci(ni)murga","kind":"settlement","start_year":500,"end_year":1500,"importance":"city"}},{"type":"Feature","geometry":{"type":"Point","coordinates":[-4.6018,42.339]},"properties":{"id":"set_lacobriga_500","name":"Lacobriga","kind":"settlement","start_year":500,"end_year":1500,"importance":"city"}},{"type":"Feature","geometry":{"type":"Point","coordinates":[-0.9887,52.1315]},"properties":{"id":"set_lactodorum_500","name":"Lactodorum","kind":"settlement","start_year":500,"end_year":1500,"importance":"city"}},{"type":"Feature","geometry":{"type":"Point","coordinates":[20.1667,54.5667]},"properties":{"id":"set_ladushkin_1314","name":"Ladushkin","kind":"settlement","start_year":1314,"end_year":1500,"importance":"city"}},{"type":"Feature","geometry":{"type":"Point","coordinates":[-3.3928,55.1243]},"properties":{"id":"set_ladyward_roman_fort_500","name":"Ladyward Roman Fort","kind":"settlement","start_year":500,"end_year":1500,"importance":"city"}},{"type":"Feature","geometry":{"type":"Point","coordinates":[8.5167,8.5]},"properties":{"id":"set_lafia_17","name":"Lafia","kind":"settlement","start_year":17,"end_year":1500,"importance":"city"}},{"type":"Feature","geometry":{"type":"Point","coordinates":[31.9623,40.022]},"properties":{"id":"set_lagania_anastasioupolis_500","name":"Lagania/Anastasioupolis","kind":"settlement","start_year":500,"end_year":1500,"importance":"city"}},{"type":"Feature","geometry":{"type":"Point","coordinates":[46.4097,31.4193]},"properties":{"id":"set_lagash_500","name":"Lagash","kind":"settlement","start_year":500,"end_year":1500,"importance":"city"}},{"type":"Feature","geometry":{"type":"Point","coordinates":[-1.3563,53.7259]},"properties":{"id":"set_lagentium_500","name":"Lagentium","kind":"settlement","start_year":500,"end_year":1500,"importance":"city"}},{"type":"Feature","geometry":{"type":"Point","coordinates":[3.3936,6.4561]},"properties":{"id":"set_lagos_1472","name":"Lagos","kind":"settlement","start_year":1472,"end_year":1500,"importance":"city"}},{"type":"Feature","geometry":{"type":"Point","coordinates":[10.9011,42.9878]},"properties":{"id":"set_lago_dell_accesa_archaeological_site_500","name":"Lago dell’Accesa (archaeological site)","kind":"settlement","start_year":500,"end_year":1500,"importance":"city"}},{"type":"Feature","geometry":{"type":"Point","coordinates":[74.353,31.558]},"properties":{"id":"set_lahore","name":"Lahore","kind":"settlement","start_year":900,"end_year":1500,"importance":"capital"}},{"type":"Feature","geometry":{"type":"Point","coordinates":[7.8722,48.3392]},"properties":{"id":"set_lahr_schwarzwald_1201","name":"Lahr/Schwarzwald","kind":"settlement","start_year":1201,"end_year":1500,"importance":"city"}},{"type":"Feature","geometry":{"type":"Point","coordinates":[15.9751,39.9449]},"properties":{"id":"set_laino_500","name":"Laino","kind":"settlement","start_year":500,"end_year":1500,"importance":"city"}},{"type":"Feature","geometry":{"type":"Point","coordinates":[-2.0013,50.7915]},"properties":{"id":"set_lake_farm_roman_fort_500","name":"Lake Farm Roman fort","kind":"settlement","start_year":500,"end_year":1500,"importance":"city"}},{"type":"Feature","geometry":{"type":"Point","coordinates":[39.9494,56.0169]},"properties":{"id":"set_lakinsk_1450","name":"Lakinsk","kind":"settlement","start_year":1450,"end_year":1500,"importance":"city"}},{"type":"Feature","geometry":{"type":"Point","coordinates":[20.7968,41.3871]},"properties":{"id":"set_laktinje_500","name":"Laktinje","kind":"settlement","start_year":500,"end_year":1500,"importance":"city"}},{"type":"Feature","geometry":{"type":"Point","coordinates":[-6.203,34.3466]},"properties":{"id":"set_lalla_yto_500","name":"Lalla Yto","kind":"settlement","start_year":500,"end_year":1500,"importance":"city"}},{"type":"Feature","geometry":{"type":"Point","coordinates":[0.6982,44.1757]},"properties":{"id":"set_lamarque_gallo_roman_villa_500","name":"Lamarque Gallo-Roman Villa","kind":"settlement","start_year":500,"end_year":1500,"importance":"city"}},{"type":"Feature","geometry":{"type":"Point","coordinates":[5.9106,35.6284]},"properties":{"id":"set_lamasba_500","name":"Lamasba","kind":"settlement","start_year":500,"end_year":1500,"importance":"city"}},{"type":"Feature","geometry":{"type":"Point","coordinates":[22.4426,38.903]},"properties":{"id":"set_lamia_500","name":"Lamia","kind":"settlement","start_year":500,"end_year":1500,"importance":"city"}},{"type":"Feature","geometry":{"type":"Point","coordinates":[51.2172,31.0449]},"properties":{"id":"set_lam_cemetery_500","name":"Lamā Cemetery","kind":"settlement","start_year":500,"end_year":1500,"importance":"city"}},{"type":"Feature","geometry":{"type":"Point","coordinates":[-2.8053,54.0499]},"properties":{"id":"set_lancaster_castle_500","name":"Lancaster Castle","kind":"settlement","start_year":500,"end_year":1500,"importance":"city"}},{"type":"Feature","geometry":{"type":"Point","coordinates":[7.5722,49.4122]},"properties":{"id":"set_landstuhl_1326","name":"Landstuhl","kind":"settlement","start_year":1326,"end_year":1500,"importance":"city"}},{"type":"Feature","geometry":{"type":"Point","coordinates":[27.9709,39.7539]},"properties":{"id":"set_laneion_500","name":"Laneion","kind":"settlement","start_year":500,"end_year":1500,"importance":"city"}},{"type":"Feature","geometry":{"type":"Point","coordinates":[-8.5286,40.9931]},"properties":{"id":"set_langobriga_500","name":"Langobriga","kind":"settlement","start_year":500,"end_year":1500,"importance":"city"}},{"type":"Feature","geometry":{"type":"Point","coordinates":[-3.4918,48.1023]},"properties":{"id":"set_langonnet_500","name":"Langonnet","kind":"settlement","start_year":500,"end_year":1500,"importance":"city"}},{"type":"Feature","geometry":{"type":"Point","coordinates":[35.7766,35.5189]},"properties":{"id":"set_laodicea_500","name":"Laodicea","kind":"settlement","start_year":500,"end_year":1500,"importance":"city"}},{"type":"Feature","geometry":{"type":"Point","coordinates":[36.5194,34.5571]},"properties":{"id":"set_laodicea_ad_libanum_500","name":"Laodicea ad Libanum","kind":"settlement","start_year":500,"end_year":1500,"importance":"city"}},{"type":"Feature","geometry":{"type":"Point","coordinates":[32.3761,38.1893]},"properties":{"id":"set_laodikeia_katakekaumene_claudiolaodicea_500","name":"Laodikeia (Katakekaumene)/Claudiolaodicea","kind":"settlement","start_year":500,"end_year":1500,"importance":"city"}},{"type":"Feature","geometry":{"type":"Point","coordinates":[15.8298,39.7667]},"properties":{"id":"set_laos_lavinium_500","name":"Laos/Lavinium?","kind":"settlement","start_year":500,"end_year":1500,"importance":"city"}},{"type":"Feature","geometry":{"type":"Point","coordinates":[3.7418,45.9861]},"properties":{"id":"set_laprugne_500","name":"Laprugne","kind":"settlement","start_year":500,"end_year":1500,"importance":"city"}},{"type":"Feature","geometry":{"type":"Point","coordinates":[43.6249,34.96]},"properties":{"id":"set_larak_500","name":"Larak","kind":"settlement","start_year":500,"end_year":1500,"importance":"city"}},{"type":"Feature","geometry":{"type":"Point","coordinates":[27.6976,38.1504]},"properties":{"id":"set_larisa_500","name":"Larisa","kind":"settlement","start_year":500,"end_year":1500,"importance":"city"}},{"type":"Feature","geometry":{"type":"Point","coordinates":[26.1464,39.6155]},"properties":{"id":"set_larisa_ptolemais_500","name":"Larisa/Ptolemais?","kind":"settlement","start_year":500,"end_year":1500,"importance":"city"}},{"type":"Feature","geometry":{"type":"Point","coordinates":[36.5664,35.2663]},"properties":{"id":"set_larissa_sizara_500","name":"Larissa/Sizara","kind":"settlement","start_year":500,"end_year":1500,"importance":"city"}},{"type":"Feature","geometry":{"type":"Point","coordinates":[45.8525,31.2832]},"properties":{"id":"set_larsa_500","name":"Larsa","kind":"settlement","start_year":500,"end_year":1500,"importance":"city"}},{"type":"Feature","geometry":{"type":"Point","coordinates":[23.2813,38.5673]},"properties":{"id":"set_larymna_boeotia_500","name":"Larymna (Boeotia)","kind":"settlement","start_year":500,"end_year":1500,"importance":"city"}},{"type":"Feature","geometry":{"type":"Point","coordinates":[28.0075,36.6085]},"properties":{"id":"set_larymna_caria_500","name":"Larymna (Caria)","kind":"settlement","start_year":500,"end_year":1500,"importance":"city"}},{"type":"Feature","geometry":{"type":"Point","coordinates":[-5.7245,38.7507]},"properties":{"id":"set_las_cucharas_500","name":"Las Cucharas","kind":"settlement","start_year":500,"end_year":1500,"importance":"city"}},{"type":"Feature","geometry":{"type":"Point","coordinates":[-2.3515,42.0754]},"properties":{"id":"set_las_gimenas_500","name":"Las Gimenas","kind":"settlement","start_year":500,"end_year":1500,"importance":"city"}},{"type":"Feature","geometry":{"type":"Point","coordinates":[-6.7669,42.4555]},"properties":{"id":"set_las_m_dulas_500","name":"Las Médulas","kind":"settlement","start_year":500,"end_year":1500,"importance":"city"}},{"type":"Feature","geometry":{"type":"Point","coordinates":[-5.8697,42.6833]},"properties":{"id":"set_las_oma_as_500","name":"Las Omañas","kind":"settlement","start_year":500,"end_year":1500,"importance":"city"}},{"type":"Feature","geometry":{"type":"Point","coordinates":[-15.4134,28.0994]},"properties":{"id":"set_las_palmas_de_gran_canaria_1478","name":"Las Palmas de Gran Canaria","kind":"settlement","start_year":1478,"end_year":1500,"importance":"city"}},{"type":"Feature","geometry":{"type":"Point","coordinates":[-4.5461,39.894]},"properties":{"id":"set_las_tamujas_500","name":"Las Tamujas","kind":"settlement","start_year":500,"end_year":1500,"importance":"city"}},{"type":"Feature","geometry":{"type":"Point","coordinates":[-3.8096,41.1304]},"properties":{"id":"set_las_tejeras_500","name":"Las Tejeras","kind":"settlement","start_year":500,"end_year":1500,"importance":"city"}},{"type":"Feature","geometry":{"type":"Point","coordinates":[-0.5498,51.6792]},"properties":{"id":"set_latimer_500","name":"Latimer","kind":"settlement","start_year":500,"end_year":1500,"importance":"city"}},{"type":"Feature","geometry":{"type":"Point","coordinates":[25.6557,35.1785]},"properties":{"id":"set_lato_500","name":"Lato","kind":"settlement","start_year":500,"end_year":1500,"importance":"city"}},{"type":"Feature","geometry":{"type":"Point","coordinates":[3.9069,43.5656]},"properties":{"id":"set_lattara_500","name":"Lattara","kind":"settlement","start_year":500,"end_year":1500,"importance":"city"}},{"type":"Feature","geometry":{"type":"Point","coordinates":[-4.4631,51.7694]},"properties":{"id":"set_laugharne_1291","name":"Laugharne","kind":"settlement","start_year":1291,"end_year":1500,"importance":"city"}},{"type":"Feature","geometry":{"type":"Point","coordinates":[14.4748,48.2218]},"properties":{"id":"set_lauriacum_500","name":"Lauriacum","kind":"settlement","start_year":500,"end_year":1500,"importance":"city"}},{"type":"Feature","geometry":{"type":"Point","coordinates":[6.4833,43.45]},"properties":{"id":"set_laurons_500","name":"Laurons","kind":"settlement","start_year":500,"end_year":1500,"importance":"city"}},{"type":"Feature","geometry":{"type":"Point","coordinates":[9.4188,45.3035]},"properties":{"id":"set_laus_pompeia_500","name":"Laus Pompeia","kind":"settlement","start_year":500,"end_year":1500,"importance":"city"}},{"type":"Feature","geometry":{"type":"Point","coordinates":[12.4807,41.6645]},"properties":{"id":"set_lavinium_500","name":"Lavinium","kind":"settlement","start_year":500,"end_year":1500,"importance":"city"}},{"type":"Feature","geometry":{"type":"Point","coordinates":[5.1407,49.0451]},"properties":{"id":"set_lavoye_500","name":"Lavoye","kind":"settlement","start_year":500,"end_year":1500,"importance":"city"}},{"type":"Feature","geometry":{"type":"Point","coordinates":[-6.4769,38.3964]},"properties":{"id":"set_la_alconera_500","name":"La Alconera","kind":"settlement","start_year":500,"end_year":1500,"importance":"city"}},{"type":"Feature","geometry":{"type":"Point","coordinates":[1.5314,39.0279]},"properties":{"id":"set_la_argentera_500","name":"La Argentera","kind":"settlement","start_year":500,"end_year":1500,"importance":"city"}},{"type":"Feature","geometry":{"type":"Point","coordinates":[5.0355,45.8416]},"properties":{"id":"set_la_boisse_500","name":"La Boisse","kind":"settlement","start_year":500,"end_year":1500,"importance":"city"}},{"type":"Feature","geometry":{"type":"Point","coordinates":[-0.7124,41.5649]},"properties":{"id":"set_la_caba_eta_500","name":"La Cabañeta","kind":"settlement","start_year":500,"end_year":1500,"importance":"city"}},{"type":"Feature","geometry":{"type":"Point","coordinates":[-1.7391,48.1751]},"properties":{"id":"set_la_chapelle_des_fougeretz_500","name":"La Chapelle-des-Fougeretz","kind":"settlement","start_year":500,"end_year":1500,"importance":"city"}},{"type":"Feature","geometry":{"type":"Point","coordinates":[-6.9954,38.7382]},"properties":{"id":"set_la_cocosa_500","name":"La Cocosa","kind":"settlement","start_year":500,"end_year":1500,"importance":"city"}},{"type":"Feature","geometry":{"type":"Point","coordinates":[3.2269,43.4545]},"properties":{"id":"set_la_condoumine_500","name":"La Condoumine","kind":"settlement","start_year":500,"end_year":1500,"importance":"city"}},{"type":"Feature","geometry":{"type":"Point","coordinates":[-0.6503,38.1016]},"properties":{"id":"set_la_fonteta_500","name":"La Fonteta","kind":"settlement","start_year":500,"end_year":1500,"importance":"city"}},{"type":"Feature","geometry":{"type":"Point","coordinates":[6.249,43.0038]},"properties":{"id":"set_la_gal_re_500","name":"La Galère","kind":"settlement","start_year":500,"end_year":1500,"importance":"city"}},{"type":"Feature","geometry":{"type":"Point","coordinates":[-5.0038,38.035]},"properties":{"id":"set_la_gran_mina_500","name":"La Gran Mina","kind":"settlement","start_year":500,"end_year":1500,"importance":"city"}},{"type":"Feature","geometry":{"type":"Point","coordinates":[-2.586,42.5648]},"properties":{"id":"set_la_hoya_alava_500","name":"La Hoya, Alava","kind":"settlement","start_year":500,"end_year":1500,"importance":"city"}},{"type":"Feature","geometry":{"type":"Point","coordinates":[2.0322,44.3323]},"properties":{"id":"set_la_maladrerie_500","name":"La Maladrerie","kind":"settlement","start_year":500,"end_year":1500,"importance":"city"}},{"type":"Feature","geometry":{"type":"Point","coordinates":[-0.5,41.5]},"properties":{"id":"set_la_malena_roman_villa_500","name":"La Malena Roman Villa","kind":"settlement","start_year":500,"end_year":1500,"importance":"city"}},{"type":"Feature","geometry":{"type":"Point","coordinates":[-4.8963,37.546]},"properties":{"id":"set_la_muela_500","name":"La Muela","kind":"settlement","start_year":500,"end_year":1500,"importance":"city"}},{"type":"Feature","geometry":{"type":"Point","coordinates":[-4.737,42.482]},"properties":{"id":"set_la_olmeda_500","name":"La Olmeda","kind":"settlement","start_year":500,"end_year":1500,"importance":"city"}},{"type":"Feature","geometry":{"type":"Point","coordinates":[-5.5636,38.0384]},"properties":{"id":"set_la_onza_500","name":"La Onza","kind":"settlement","start_year":500,"end_year":1500,"importance":"city"}},{"type":"Feature","geometry":{"type":"Point","coordinates":[-3.3094,42.3865]},"properties":{"id":"set_la_pedraja_500","name":"La Pedraja","kind":"settlement","start_year":500,"end_year":1500,"importance":"city"}},{"type":"Feature","geometry":{"type":"Point","coordinates":[10.621,43.2983]},"properties":{"id":"set_la_pieve_500","name":"La Pieve","kind":"settlement","start_year":500,"end_year":1500,"importance":"city"}},{"type":"Feature","geometry":{"type":"Point","coordinates":[1.6121,48.8178]},"properties":{"id":"set_la_pi_ce_du_fient_500","name":"La Pièce du Fient","kind":"settlement","start_year":500,"end_year":1500,"importance":"city"}},{"type":"Feature","geometry":{"type":"Point","coordinates":[5.5068,44.8366]},"properties":{"id":"set_la_queyrie_500","name":"La Queyrie","kind":"settlement","start_year":500,"end_year":1500,"importance":"city"}},{"type":"Feature","geometry":{"type":"Point","coordinates":[-4.202,48.4713]},"properties":{"id":"set_la_roche_maurice_500","name":"La Roche-Maurice","kind":"settlement","start_year":500,"end_year":1500,"importance":"city"}},{"type":"Feature","geometry":{"type":"Point","coordinates":[9.8217,44.1034]},"properties":{"id":"set_la_spezia_500","name":"La Spezia","kind":"settlement","start_year":500,"end_year":1500,"importance":"city"}},{"type":"Feature","geometry":{"type":"Point","coordinates":[6.1493,46.2021]},"properties":{"id":"set_la_temple_de_la_madeleine_geneva_500","name":"La Temple de la Madeleine, Geneva","kind":"settlement","start_year":500,"end_year":1500,"importance":"city"}},{"type":"Feature","geometry":{"type":"Point","coordinates":[-3.6188,40.308]},"properties":{"id":"set_la_torrecilla_roman_villa_500","name":"La Torrecilla Roman Villa","kind":"settlement","start_year":500,"end_year":1500,"importance":"city"}},{"type":"Feature","geometry":{"type":"Point","coordinates":[-4.673,37.9322]},"properties":{"id":"set_la_valenzoleja_500","name":"La Valenzoleja","kind":"settlement","start_year":500,"end_year":1500,"importance":"city"}},{"type":"Feature","geometry":{"type":"Point","coordinates":[-0.7964,45.8527]},"properties":{"id":"set_la_vergn_e_a_romegoux_500","name":"La Vergnée a Romegoux","kind":"settlement","start_year":500,"end_year":1500,"importance":"city"}},{"type":"Feature","geometry":{"type":"Point","coordinates":[44.9418,40.5074]},"properties":{"id":"set_lchashen_500","name":"Lchashen","kind":"settlement","start_year":500,"end_year":1500,"importance":"city"}},{"type":"Feature","geometry":{"type":"Point","coordinates":[-1.6565,51.6849]},"properties":{"id":"set_leaze_farm_500","name":"Leaze Farm","kind":"settlement","start_year":500,"end_year":1500,"importance":"city"}},{"type":"Feature","geometry":{"type":"Point","coordinates":[26.9659,38.0756]},"properties":{"id":"set_lebedos_ptolemais_500","name":"Lebedos/Ptolemais","kind":"settlement","start_year":500,"end_year":1500,"importance":"city"}},{"type":"Feature","geometry":{"type":"Point","coordinates":[5.7833,53.2]},"properties":{"id":"set_leeuwarden_1435","name":"Leeuwarden","kind":"settlement","start_year":1435,"end_year":1500,"importance":"city"}},{"type":"Feature","geometry":{"type":"Point","coordinates":[-5.5692,42.5997]},"properties":{"id":"set_legio_vii_gemina_500","name":"Legio VII Gemina","kind":"settlement","start_year":500,"end_year":1500,"importance":"city"}},{"type":"Feature","geometry":{"type":"Point","coordinates":[16.1619,51.2101]},"properties":{"id":"set_legnica_1264","name":"Legnica","kind":"settlement","start_year":1264,"end_year":1500,"importance":"city"}},{"type":"Feature","geometry":{"type":"Point","coordinates":[77.5847,34.1642]},"properties":{"id":"set_leh_800","name":"Leh","kind":"settlement","start_year":800,"end_year":1500,"importance":"city"}},{"type":"Feature","geometry":{"type":"Point","coordinates":[22.535,40.0254]},"properties":{"id":"set_leibethra_500","name":"Leibethra","kind":"settlement","start_year":500,"end_year":1500,"importance":"city"}},{"type":"Feature","geometry":{"type":"Point","coordinates":[14.3974,37.6414]},"properties":{"id":"set_leonforte_500","name":"Leonforte","kind":"settlement","start_year":500,"end_year":1500,"importance":"city"}},{"type":"Feature","geometry":{"type":"Point","coordinates":[14.9981,37.2855]},"properties":{"id":"set_leontini_500","name":"Leontini","kind":"settlement","start_year":500,"end_year":1500,"importance":"city"}},{"type":"Feature","geometry":{"type":"Point","coordinates":[1.435,44.013]},"properties":{"id":"set_lepediaco_500","name":"Lepediaco","kind":"settlement","start_year":500,"end_year":1500,"importance":"city"}},{"type":"Feature","geometry":{"type":"Point","coordinates":[10.8663,35.6781]},"properties":{"id":"set_lepti_minus_500","name":"Lepti Minus","kind":"settlement","start_year":500,"end_year":1500,"importance":"city"}},{"type":"Feature","geometry":{"type":"Point","coordinates":[1.5474,42.7708]},"properties":{"id":"set_lercoul_500","name":"Lercoul","kind":"settlement","start_year":500,"end_year":1500,"importance":"city"}},{"type":"Feature","geometry":{"type":"Point","coordinates":[42.5,40.5]},"properties":{"id":"set_leston_river_500","name":"Leston (river)","kind":"settlement","start_year":500,"end_year":1500,"importance":"city"}},{"type":"Feature","geometry":{"type":"Point","coordinates":[-0.625,45.6981]},"properties":{"id":"set_les_ar_nes_500","name":"Les Arènes","kind":"settlement","start_year":500,"end_year":1500,"importance":"city"}},{"type":"Feature","geometry":{"type":"Point","coordinates":[2.7875,47.0332]},"properties":{"id":"set_les_averdines_500","name":"Les Averdines","kind":"settlement","start_year":500,"end_year":1500,"importance":"city"}},{"type":"Feature","geometry":{"type":"Point","coordinates":[4.9594,47.1238]},"properties":{"id":"set_les_bolards_nuits_st_georges_500","name":"Les Bolards (Nuits-St-Georges)","kind":"settlement","start_year":500,"end_year":1500,"importance":"city"}},{"type":"Feature","geometry":{"type":"Point","coordinates":[5.7292,43.7004]},"properties":{"id":"set_les_convents_500","name":"Les Convents","kind":"settlement","start_year":500,"end_year":1500,"importance":"city"}},{"type":"Feature","geometry":{"type":"Point","coordinates":[3.2681,47.5392]},"properties":{"id":"set_les_fouilleti_res_500","name":"Les Fouilletières","kind":"settlement","start_year":500,"end_year":1500,"importance":"city"}},{"type":"Feature","geometry":{"type":"Point","coordinates":[5.9692,45.2872]},"properties":{"id":"set_les_hurti_res_500","name":"Les Hurtières","kind":"settlement","start_year":500,"end_year":1500,"importance":"city"}},{"type":"Feature","geometry":{"type":"Point","coordinates":[2.3071,43.4165]},"properties":{"id":"set_les_martys_500","name":"Les Martys","kind":"settlement","start_year":500,"end_year":1500,"importance":"city"}},{"type":"Feature","geometry":{"type":"Point","coordinates":[0.5201,47.0884]},"properties":{"id":"set_les_petites_varennes_pouzay_500","name":"Les Petites Varennes, Pouzay","kind":"settlement","start_year":500,"end_year":1500,"importance":"city"}},{"type":"Feature","geometry":{"type":"Point","coordinates":[-1.8565,52.6569]},"properties":{"id":"set_letocetum_500","name":"*Letocetum","kind":"settlement","start_year":500,"end_year":1500,"importance":"city"}},{"type":"Feature","geometry":{"type":"Point","coordinates":[31.134,30.1223]},"properties":{"id":"set_letopolis_500","name":"Letopolis","kind":"settlement","start_year":500,"end_year":1500,"importance":"city"}},{"type":"Feature","geometry":{"type":"Point","coordinates":[-3.6124,37.7862]},"properties":{"id":"set_letrania_500","name":"Letrania","kind":"settlement","start_year":500,"end_year":1500,"importance":"city"}},{"type":"Feature","geometry":{"type":"Point","coordinates":[31.7752,36.6057]},"properties":{"id":"set_leucolla_500","name":"Leucolla","kind":"settlement","start_year":500,"end_year":1500,"importance":"city"}},{"type":"Feature","geometry":{"type":"Point","coordinates":[26.8568,38.5467]},"properties":{"id":"set_leukai_500","name":"Leukai","kind":"settlement","start_year":500,"end_year":1500,"importance":"city"}},{"type":"Feature","geometry":{"type":"Point","coordinates":[17.084,44.417]},"properties":{"id":"set_leusaba_500","name":"Leusaba","kind":"settlement","start_year":500,"end_year":1500,"importance":"city"}},{"type":"Feature","geometry":{"type":"Point","coordinates":[18.6069,48.2136]},"properties":{"id":"set_levice_1156","name":"Levice","kind":"settlement","start_year":1156,"end_year":1500,"importance":"city"}},{"type":"Feature","geometry":{"type":"Point","coordinates":[20.5906,49.0228]},"properties":{"id":"set_levo_a_1249","name":"Levoča","kind":"settlement","start_year":1249,"end_year":1500,"importance":"city"}},{"type":"Feature","geometry":{"type":"Point","coordinates":[70.5939,32.8855]},"properties":{"id":"set_lewan_500","name":"Lewan","kind":"settlement","start_year":500,"end_year":1500,"importance":"city"}},{"type":"Feature","geometry":{"type":"Point","coordinates":[6.8795,43.6218]},"properties":{"id":"set_le_cand_ou_500","name":"Le Candéou","kind":"settlement","start_year":500,"end_year":1500,"importance":"city"}},{"type":"Feature","geometry":{"type":"Point","coordinates":[3.7456,47.4657]},"properties":{"id":"set_le_crot_au_port_fontenay_pr_s_v_zelay_500","name":"Le Crot au Port, Fontenay-près-Vézelay","kind":"settlement","start_year":500,"end_year":1500,"importance":"city"}},{"type":"Feature","geometry":{"type":"Point","coordinates":[5.2493,43.6728]},"properties":{"id":"set_le_grand_verger_500","name":"Le Grand Verger","kind":"settlement","start_year":500,"end_year":1500,"importance":"city"}},{"type":"Feature","geometry":{"type":"Point","coordinates":[15.2667,51.0236]},"properties":{"id":"set_le_na_1144","name":"Leśna","kind":"settlement","start_year":1144,"end_year":1500,"importance":"city"}},{"type":"Feature","geometry":{"type":"Point","coordinates":[0.1139,45.9503]},"properties":{"id":"set_le_peu_charente_500","name":"Le Peu (Charente)","kind":"settlement","start_year":500,"end_year":1500,"importance":"city"}},{"type":"Feature","geometry":{"type":"Point","coordinates":[35.2667,51.6667]},"properties":{"id":"set_lgov_1152","name":"Lgov","kind":"settlement","start_year":1152,"end_year":1500,"importance":"city"}},{"type":"Feature","geometry":{"type":"Point","coordinates":[91.1408,29.6458]},"properties":{"id":"set_lhasa_633","name":"Lhasa","kind":"settlement","start_year":633,"end_year":1500,"importance":"city"}},{"type":"Feature","geometry":{"type":"Point","coordinates":[116.3511,39.8906]},"properties":{"id":"set_liao_nanjing_938","name":"Liao Nanjing","kind":"settlement","start_year":938,"end_year":1500,"importance":"city"}},{"type":"Feature","geometry":{"type":"Point","coordinates":[8.8611,44.7149]},"properties":{"id":"set_libarna_500","name":"Libarna","kind":"settlement","start_year":500,"end_year":1500,"importance":"city"}},{"type":"Feature","geometry":{"type":"Point","coordinates":[15.05,50.7667]},"properties":{"id":"set_liberec_1352","name":"Liberec","kind":"settlement","start_year":1352,"end_year":1500,"importance":"city"}},{"type":"Feature","geometry":{"type":"Point","coordinates":[4.7216,50.6548]},"properties":{"id":"set_libersart_500","name":"Libersart","kind":"settlement","start_year":500,"end_year":1500,"importance":"city"}},{"type":"Feature","geometry":{"type":"Point","coordinates":[25.5,31.5]},"properties":{"id":"set_libycum_mare_500","name":"Libycum Mare","kind":"settlement","start_year":500,"end_year":1500,"importance":"city"}},{"type":"Feature","geometry":{"type":"Point","coordinates":[11.196,34.2413]},"properties":{"id":"set_libyphoenices_500","name":"Libyphoenices","kind":"settlement","start_year":500,"end_year":1500,"importance":"city"}},{"type":"Feature","geometry":{"type":"Point","coordinates":[-0.4856,50.9476]},"properties":{"id":"set_lickfold_500","name":"Lickfold","kind":"settlement","start_year":500,"end_year":1500,"importance":"city"}},{"type":"Feature","geometry":{"type":"Point","coordinates":[0.5189,52.1912]},"properties":{"id":"set_lidgate_500","name":"Lidgate","kind":"settlement","start_year":500,"end_year":1500,"importance":"city"}},{"type":"Feature","geometry":{"type":"Point","coordinates":[19.8211,53.2603]},"properties":{"id":"set_lidzbark_1301","name":"Lidzbark","kind":"settlement","start_year":1301,"end_year":1500,"importance":"city"}},{"type":"Feature","geometry":{"type":"Point","coordinates":[12.4297,37.8027]},"properties":{"id":"set_lilybaeum_500","name":"Lilybaeum","kind":"settlement","start_year":500,"end_year":1500,"importance":"city"}},{"type":"Feature","geometry":{"type":"Point","coordinates":[9.0792,33.7675]},"properties":{"id":"set_limagues_500","name":"Limagues","kind":"settlement","start_year":500,"end_year":1500,"importance":"city"}},{"type":"Feature","geometry":{"type":"Point","coordinates":[20.2016,39.1819]},"properties":{"id":"set_limani_ozia_500","name":"Limani Ozia","kind":"settlement","start_year":500,"end_year":1500,"importance":"city"}},{"type":"Feature","geometry":{"type":"Point","coordinates":[1.5483,49.0596]},"properties":{"id":"set_limetz_villez_500","name":"Limetz-Villez","kind":"settlement","start_year":500,"end_year":1500,"importance":"city"}},{"type":"Feature","geometry":{"type":"Point","coordinates":[22.1918,37.1217]},"properties":{"id":"set_limnai_500","name":"Limnai","kind":"settlement","start_year":500,"end_year":1500,"importance":"city"}},{"type":"Feature","geometry":{"type":"Point","coordinates":[4.7576,45.3522]},"properties":{"id":"set_limony_500","name":"Limony","kind":"settlement","start_year":500,"end_year":1500,"importance":"city"}},{"type":"Feature","geometry":{"type":"Point","coordinates":[30.2119,36.3509]},"properties":{"id":"set_limyra_bridge_500","name":"Limyra Bridge","kind":"settlement","start_year":500,"end_year":1500,"importance":"city"}},{"type":"Feature","geometry":{"type":"Point","coordinates":[3.5466,49.3208]},"properties":{"id":"set_lim_500","name":"Limé","kind":"settlement","start_year":500,"end_year":1500,"importance":"city"}},{"type":"Feature","geometry":{"type":"Point","coordinates":[-3.6365,38.0936]},"properties":{"id":"set_linares_500","name":"Linares","kind":"settlement","start_year":500,"end_year":1500,"importance":"city"}},{"type":"Feature","geometry":{"type":"Point","coordinates":[-0.54,53.235]},"properties":{"id":"set_lincoln","name":"Lincoln","kind":"settlement","start_year":500,"end_year":1500,"importance":"town"}},{"type":"Feature","geometry":{"type":"Point","coordinates":[-2.6823,51.0008]},"properties":{"id":"set_lindinis_500","name":"Lindinis","kind":"settlement","start_year":500,"end_year":1500,"importance":"city"}},{"type":"Feature","geometry":{"type":"Point","coordinates":[20.9619,49.1528]},"properties":{"id":"set_lipany_1328","name":"Lipany","kind":"settlement","start_year":1328,"end_year":1500,"importance":"city"}},{"type":"Feature","geometry":{"type":"Point","coordinates":[19.7244,49.0394]},"properties":{"id":"set_liptovsk_hr_dok_1341","name":"Liptovský Hrádok","kind":"settlement","start_year":1341,"end_year":1500,"importance":"city"}},{"type":"Feature","geometry":{"type":"Point","coordinates":[19.6181,49.0811]},"properties":{"id":"set_liptovsk_mikul_1286","name":"Liptovský Mikuláš","kind":"settlement","start_year":1286,"end_year":1500,"importance":"city"}},{"type":"Feature","geometry":{"type":"Point","coordinates":[-9.139,38.716]},"properties":{"id":"set_lisbon","name":"Lisbon","kind":"settlement","start_year":1147,"end_year":1500,"importance":"city"}},{"type":"Feature","geometry":{"type":"Point","coordinates":[19.6439,41.7829]},"properties":{"id":"set_lissus_500","name":"Lissus","kind":"settlement","start_year":500,"end_year":1500,"importance":"city"}},{"type":"Feature","geometry":{"type":"Point","coordinates":[6.063,48.7495]},"properties":{"id":"set_liverdun_500","name":"Liverdun","kind":"settlement","start_year":500,"end_year":1500,"importance":"city"}},{"type":"Feature","geometry":{"type":"Point","coordinates":[-2.9917,53.4072]},"properties":{"id":"set_liverpool_1207","name":"Liverpool","kind":"settlement","start_year":1207,"end_year":1500,"importance":"city"}},{"type":"Feature","geometry":{"type":"Point","coordinates":[-6.11,35.2002]},"properties":{"id":"set_lixus_500","name":"Lixus","kind":"settlement","start_year":500,"end_year":1500,"importance":"city"}},{"type":"Feature","geometry":{"type":"Point","coordinates":[17.8621,40.4174]},"properties":{"id":"set_li_castelli_500","name":"Li Castelli","kind":"settlement","start_year":500,"end_year":1500,"importance":"city"}},{"type":"Feature","geometry":{"type":"Point","coordinates":[5.5706,50.6397]},"properties":{"id":"set_li_ge_800","name":"Liège","kind":"settlement","start_year":800,"end_year":1500,"importance":"city"}},{"type":"Feature","geometry":{"type":"Point","coordinates":[-4.2142,37.9456]},"properties":{"id":"set_lobera_500","name":"Lobera","kind":"settlement","start_year":500,"end_year":1500,"importance":"city"}},{"type":"Feature","geometry":{"type":"Point","coordinates":[0.3304,46.5174]},"properties":{"id":"set_locoteiacus_500","name":"Locoteiacus","kind":"settlement","start_year":500,"end_year":1500,"importance":"city"}},{"type":"Feature","geometry":{"type":"Point","coordinates":[-5.3731,38.7232]},"properties":{"id":"set_lomo_de_perro_500","name":"Lomo de Perro","kind":"settlement","start_year":500,"end_year":1500,"importance":"city"}},{"type":"Feature","geometry":{"type":"Point","coordinates":[-0.128,51.507]},"properties":{"id":"set_london","name":"London","kind":"settlement","start_year":500,"end_year":1500,"importance":"capital"}},{"type":"Feature","geometry":{"type":"Point","coordinates":[12.588,41.5287]},"properties":{"id":"set_longula_500","name":"Longula","kind":"settlement","start_year":500,"end_year":1500,"importance":"city"}},{"type":"Feature","geometry":{"type":"Point","coordinates":[12.2848,41.9021]},"properties":{"id":"set_lorium_500","name":"Lorium","kind":"settlement","start_year":500,"end_year":1500,"importance":"city"}},{"type":"Feature","geometry":{"type":"Point","coordinates":[44.4306,41.0021]},"properties":{"id":"set_lori_berd_fortress_500","name":"Lori Berd fortress","kind":"settlement","start_year":500,"end_year":1500,"importance":"city"}},{"type":"Feature","geometry":{"type":"Point","coordinates":[-6.6852,38.4907]},"properties":{"id":"set_los_barros_500","name":"Los Barros","kind":"settlement","start_year":500,"end_year":1500,"importance":"city"}},{"type":"Feature","geometry":{"type":"Point","coordinates":[-1.23,42.2878]},"properties":{"id":"set_los_ba_ales_500","name":"Los Bañales","kind":"settlement","start_year":500,"end_year":1500,"importance":"city"}},{"type":"Feature","geometry":{"type":"Point","coordinates":[-4.8983,38.2252]},"properties":{"id":"set_los_escoriales_500","name":"Los Escoriales","kind":"settlement","start_year":500,"end_year":1500,"importance":"city"}},{"type":"Feature","geometry":{"type":"Point","coordinates":[-0.7745,37.6481]},"properties":{"id":"set_los_nietos_iberian_settlement_500","name":"Los Nietos Iberian settlement","kind":"settlement","start_year":500,"end_year":1500,"importance":"city"}},{"type":"Feature","geometry":{"type":"Point","coordinates":[-4.3592,42.617]},"properties":{"id":"set_los_pradillos_500","name":"Los Pradillos","kind":"settlement","start_year":500,"end_year":1500,"importance":"city"}},{"type":"Feature","geometry":{"type":"Point","coordinates":[-1.112,38.6048]},"properties":{"id":"set_los_torrejones_500","name":"Los Torrejones","kind":"settlement","start_year":500,"end_year":1500,"importance":"city"}},{"type":"Feature","geometry":{"type":"Point","coordinates":[-4.1144,36.7353]},"properties":{"id":"set_los_toscanos_500","name":"Los Toscanos","kind":"settlement","start_year":500,"end_year":1500,"importance":"city"}},{"type":"Feature","geometry":{"type":"Point","coordinates":[-2.4829,41.4619]},"properties":{"id":"set_los_valladares_500","name":"Los Valladares","kind":"settlement","start_year":500,"end_year":1500,"importance":"city"}},{"type":"Feature","geometry":{"type":"Point","coordinates":[-4.0303,37.2173]},"properties":{"id":"set_los_villares_hu_tor_t_jar_500","name":"Los Villares (Huétor-Tájar)","kind":"settlement","start_year":500,"end_year":1500,"importance":"city"}},{"type":"Feature","geometry":{"type":"Point","coordinates":[-1.5561,38.9578]},"properties":{"id":"set_los_villares_necropolis_500","name":"Los Villares necropolis","kind":"settlement","start_year":500,"end_year":1500,"importance":"city"}},{"type":"Feature","geometry":{"type":"Point","coordinates":[-5.8397,42.2183]},"properties":{"id":"set_los_villares_quintana_del_marco_500","name":"Los Villares (Quintana del Marco)","kind":"settlement","start_year":500,"end_year":1500,"importance":"city"}},{"type":"Feature","geometry":{"type":"Point","coordinates":[72.2493,22.5227]},"properties":{"id":"set_lothal_500","name":"Lothal","kind":"settlement","start_year":500,"end_year":1500,"importance":"city"}},{"type":"Feature","geometry":{"type":"Point","coordinates":[13.7968,50.3571]},"properties":{"id":"set_louny_1200","name":"Louny","kind":"settlement","start_year":1200,"end_year":1500,"importance":"city"}},{"type":"Feature","geometry":{"type":"Point","coordinates":[-7.561,42.0756]},"properties":{"id":"set_louvi_o_500","name":"Louviño","kind":"settlement","start_year":500,"end_year":1500,"importance":"city"}},{"type":"Feature","geometry":{"type":"Point","coordinates":[14.0513,50.5147]},"properties":{"id":"set_lovosice_500","name":"Lovosice","kind":"settlement","start_year":500,"end_year":1500,"importance":"city"}},{"type":"Feature","geometry":{"type":"Point","coordinates":[30.7849,18.1667]},"properties":{"id":"set_lower_church_at_banganarti_500","name":"Lower Church at Banganarti","kind":"settlement","start_year":500,"end_year":1500,"importance":"city"}},{"type":"Feature","geometry":{"type":"Point","coordinates":[34.6154,40.021]},"properties":{"id":"set_lower_city_at_hattusa_500","name":"Lower city at Hattusa","kind":"settlement","start_year":500,"end_year":1500,"importance":"city"}},{"type":"Feature","geometry":{"type":"Point","coordinates":[19.2328,44.5264]},"properties":{"id":"set_lo_nica_500","name":"Ložnica","kind":"settlement","start_year":500,"end_year":1500,"importance":"city"}},{"type":"Feature","geometry":{"type":"Point","coordinates":[10.686,53.865]},"properties":{"id":"set_lubeck","name":"Lübeck","kind":"settlement","start_year":1143,"end_year":1500,"importance":"city"}},{"type":"Feature","geometry":{"type":"Point","coordinates":[22.5667,51.25]},"properties":{"id":"set_lublin_1317","name":"Lublin","kind":"settlement","start_year":1317,"end_year":1500,"importance":"city"}},{"type":"Feature","geometry":{"type":"Point","coordinates":[15.2497,52.5164]},"properties":{"id":"set_lubniewice_1287","name":"Lubniewice","kind":"settlement","start_year":1287,"end_year":1500,"importance":"city"}},{"type":"Feature","geometry":{"type":"Point","coordinates":[-4.486,37.4091]},"properties":{"id":"set_lucena_500","name":"Lucena","kind":"settlement","start_year":500,"end_year":1500,"importance":"city"}},{"type":"Feature","geometry":{"type":"Point","coordinates":[15.3355,41.5086]},"properties":{"id":"set_luceria_noukeria_apoulon_500","name":"Luceria/Noukeria (Apoulon)","kind":"settlement","start_year":500,"end_year":1500,"importance":"city"}},{"type":"Feature","geometry":{"type":"Point","coordinates":[10.4943,45.5482]},"properties":{"id":"set_lucone_di_polpenazze_500","name":"Lucone di Polpenazze","kind":"settlement","start_year":500,"end_year":1500,"importance":"city"}},{"type":"Feature","geometry":{"type":"Point","coordinates":[-5.454,37.1219]},"properties":{"id":"set_lucurgentum_500","name":"Lucurgentum","kind":"settlement","start_year":500,"end_year":1500,"importance":"city"}},{"type":"Feature","geometry":{"type":"Point","coordinates":[-7.557,43.0106]},"properties":{"id":"set_lucus_augusti_500","name":"Lucus Augusti","kind":"settlement","start_year":500,"end_year":1500,"importance":"city"}},{"type":"Feature","geometry":{"type":"Point","coordinates":[-2.9377,54.896]},"properties":{"id":"set_luguvalium_500","name":"Luguvalium","kind":"settlement","start_year":500,"end_year":1500,"importance":"city"}},{"type":"Feature","geometry":{"type":"Point","coordinates":[9.4859,40.47]},"properties":{"id":"set_lula_500","name":"Lula","kind":"settlement","start_year":500,"end_year":1500,"importance":"city"}},{"type":"Feature","geometry":{"type":"Point","coordinates":[10.0168,44.064]},"properties":{"id":"set_luna_500","name":"Luna","kind":"settlement","start_year":500,"end_year":1500,"importance":"city"}},{"type":"Feature","geometry":{"type":"Point","coordinates":[13.1992,55.7083]},"properties":{"id":"set_lund_1000","name":"Lund","kind":"settlement","start_year":1000,"end_year":1500,"importance":"city"}},{"type":"Feature","geometry":{"type":"Point","coordinates":[37.114,38.2616]},"properties":{"id":"set_lusanda_500","name":"Lusanda","kind":"settlement","start_year":500,"end_year":1500,"importance":"city"}},{"type":"Feature","geometry":{"type":"Point","coordinates":[-7.5,40.5]},"properties":{"id":"set_lusitani_500","name":"Lusitani","kind":"settlement","start_year":500,"end_year":1500,"importance":"city"}},{"type":"Feature","geometry":{"type":"Point","coordinates":[36.8912,37.1866]},"properties":{"id":"set_lutibu_500","name":"Lutibu","kind":"settlement","start_year":500,"end_year":1500,"importance":"city"}},{"type":"Feature","geometry":{"type":"Point","coordinates":[18.4322,51.3724]},"properties":{"id":"set_lutut_w_1406","name":"Lututów","kind":"settlement","start_year":1406,"end_year":1500,"importance":"city"}},{"type":"Feature","geometry":{"type":"Point","coordinates":[6.1328,49.6106]},"properties":{"id":"set_luxembourg_963","name":"Luxembourg","kind":"settlement","start_year":963,"end_year":1500,"importance":"city"}},{"type":"Feature","geometry":{"type":"Point","coordinates":[35.318,-4.2579]},"properties":{"id":"set_luxmanda_archaeological_site_500","name":"Luxmanda archaeological site","kind":"settlement","start_year":500,"end_year":1500,"importance":"city"}},{"type":"Feature","geometry":{"type":"Point","coordinates":[16.1808,52.4478]},"properties":{"id":"set_lw_wek_1406","name":"Lwówek","kind":"settlement","start_year":1406,"end_year":1500,"importance":"city"}},{"type":"Feature","geometry":{"type":"Point","coordinates":[20.7938,41.1146]},"properties":{"id":"set_lychnidos_500","name":"Lychnidos","kind":"settlement","start_year":500,"end_year":1500,"importance":"city"}},{"type":"Feature","geometry":{"type":"Point","coordinates":[31.1825,27.1813]},"properties":{"id":"set_lykopolis_siout_500","name":"Lykopolis/Siout","kind":"settlement","start_year":500,"end_year":1500,"importance":"city"}},{"type":"Feature","geometry":{"type":"Point","coordinates":[-3.2923,55.6517]},"properties":{"id":"set_lyne_500","name":"Lyne","kind":"settlement","start_year":500,"end_year":1500,"importance":"city"}},{"type":"Feature","geometry":{"type":"Point","coordinates":[4.847,45.748]},"properties":{"id":"set_lyon","name":"Lyon","kind":"settlement","start_year":500,"end_year":1500,"importance":"city"}},{"type":"Feature","geometry":{"type":"Point","coordinates":[21.3357,38.5298]},"properties":{"id":"set_lysimacheia_500","name":"Lysimacheia","kind":"settlement","start_year":500,"end_year":1500,"importance":"city"}},{"type":"Feature","geometry":{"type":"Point","coordinates":[45.0253,56.0128]},"properties":{"id":"set_lyskovo_1410","name":"Lyskovo","kind":"settlement","start_year":1410,"end_year":1500,"importance":"city"}},{"type":"Feature","geometry":{"type":"Point","coordinates":[35.9034,49.9668]},"properties":{"id":"set_lyubotin_gorodishche_500","name":"Lyubotin Gorodishche","kind":"settlement","start_year":500,"end_year":1500,"importance":"city"}},{"type":"Feature","geometry":{"type":"Point","coordinates":[-0.1805,40.0684]},"properties":{"id":"set_l_alcora_500","name":"L'Alcora","kind":"settlement","start_year":500,"end_year":1500,"importance":"city"}},{"type":"Feature","geometry":{"type":"Point","coordinates":[13.392,42.354]},"properties":{"id":"set_l_aquila_1201","name":"L'Aquila","kind":"settlement","start_year":1201,"end_year":1500,"importance":"city"}},{"type":"Feature","geometry":{"type":"Point","coordinates":[1.2835,44.4872]},"properties":{"id":"set_l_impernal_500","name":"L’Impernal","kind":"settlement","start_year":500,"end_year":1500,"importance":"city"}},{"type":"Feature","geometry":{"type":"Point","coordinates":[23.7216,41.4459]},"properties":{"id":"set_l_ki_500","name":"Lâki","kind":"settlement","start_year":500,"end_year":1500,"importance":"city"}},{"type":"Feature","geometry":{"type":"Point","coordinates":[-2.3049,37.3323]},"properties":{"id":"set_macael_500","name":"Macael","kind":"settlement","start_year":500,"end_year":1500,"importance":"city"}},{"type":"Feature","geometry":{"type":"Point","coordinates":[-7.105,41.4052]},"properties":{"id":"set_macedinho_500","name":"Macedinho","kind":"settlement","start_year":500,"end_year":1500,"importance":"city"}},{"type":"Feature","geometry":{"type":"Point","coordinates":[7.7497,36.8827]},"properties":{"id":"set_macellum_of_hippo_regius_500","name":"Macellum of Hippo Regius","kind":"settlement","start_year":500,"end_year":1500,"importance":"city"}},{"type":"Feature","geometry":{"type":"Point","coordinates":[14.4851,40.7501]},"properties":{"id":"set_macellum_pompeii_500","name":"Macellum (Pompeii)","kind":"settlement","start_year":500,"end_year":1500,"importance":"city"}},{"type":"Feature","geometry":{"type":"Point","coordinates":[35.6241,31.5674]},"properties":{"id":"set_machairous_500","name":"Machairous","kind":"settlement","start_year":500,"end_year":1500,"importance":"city"}},{"type":"Feature","geometry":{"type":"Point","coordinates":[81.1348,16.1817]},"properties":{"id":"set_machilipatnam_500","name":"Machilipatnam","kind":"settlement","start_year":500,"end_year":1500,"importance":"city"}},{"type":"Feature","geometry":{"type":"Point","coordinates":[9.2065,35.8532]},"properties":{"id":"set_mactaris_500","name":"Mactaris","kind":"settlement","start_year":500,"end_year":1500,"importance":"city"}},{"type":"Feature","geometry":{"type":"Point","coordinates":[35.7941,31.7177]},"properties":{"id":"set_madaba_500","name":"Madaba","kind":"settlement","start_year":500,"end_year":1500,"importance":"city"}},{"type":"Feature","geometry":{"type":"Point","coordinates":[7.9023,36.0776]},"properties":{"id":"set_madauros_500","name":"Madauros","kind":"settlement","start_year":500,"end_year":1500,"importance":"city"}},{"type":"Feature","geometry":{"type":"Point","coordinates":[-1.5566,51.5304]},"properties":{"id":"set_maddle_farm_500","name":"Maddle Farm","kind":"settlement","start_year":500,"end_year":1500,"importance":"city"}},{"type":"Feature","geometry":{"type":"Point","coordinates":[-4.8678,37.8861]},"properties":{"id":"set_madinat_al_zahra_1000","name":"Madinat Al-Zahra","kind":"settlement","start_year":1000,"end_year":1500,"importance":"city"}},{"type":"Feature","geometry":{"type":"Point","coordinates":[13.9082,41.6783]},"properties":{"id":"set_madonnna_del_canneto_500","name":"Madonnna del Canneto","kind":"settlement","start_year":500,"end_year":1500,"importance":"city"}},{"type":"Feature","geometry":{"type":"Point","coordinates":[-3.7026,40.4165]},"properties":{"id":"set_madrid_city_1083","name":"Madrid city","kind":"settlement","start_year":1083,"end_year":1500,"importance":"city"}},{"type":"Feature","geometry":{"type":"Point","coordinates":[-5.708,50.0727]},"properties":{"id":"set_maen_castle_500","name":"Maen Castle","kind":"settlement","start_year":500,"end_year":1500,"importance":"city"}},{"type":"Feature","geometry":{"type":"Point","coordinates":[14.6072,36.7785]},"properties":{"id":"set_maestro_500","name":"Maestro","kind":"settlement","start_year":500,"end_year":1500,"importance":"city"}},{"type":"Feature","geometry":{"type":"Point","coordinates":[16.0183,31.0613]},"properties":{"id":"set_magen_el_kanshiya_500","name":"Magen el-Kanshiya","kind":"settlement","start_year":500,"end_year":1500,"importance":"city"}},{"type":"Feature","geometry":{"type":"Point","coordinates":[35.1837,32.5838]},"properties":{"id":"set_magid_500","name":"Magidû","kind":"settlement","start_year":500,"end_year":1500,"importance":"city"}},{"type":"Feature","geometry":{"type":"Point","coordinates":[27.5254,37.85]},"properties":{"id":"set_magnesia_theater_1_500","name":"Magnesia Theater 1","kind":"settlement","start_year":500,"end_year":1500,"importance":"city"}},{"type":"Feature","geometry":{"type":"Point","coordinates":[-2.82,52.0812]},"properties":{"id":"set_magnis_500","name":"Magnis","kind":"settlement","start_year":500,"end_year":1500,"importance":"city"}},{"type":"Feature","geometry":{"type":"Point","coordinates":[-5.3152,50.2338]},"properties":{"id":"set_magor_500","name":"Magor","kind":"settlement","start_year":500,"end_year":1500,"importance":"city"}},{"type":"Feature","geometry":{"type":"Point","coordinates":[4.2647,39.8894]},"properties":{"id":"set_mago_500","name":"Mago","kind":"settlement","start_year":500,"end_year":1500,"importance":"city"}},{"type":"Feature","geometry":{"type":"Point","coordinates":[30.4678,25.3999]},"properties":{"id":"set_mahabat_khanafiss_500","name":"Mahabat Khanafiss","kind":"settlement","start_year":500,"end_year":1500,"importance":"city"}},{"type":"Feature","geometry":{"type":"Point","coordinates":[45.1306,37.3659]},"properties":{"id":"set_mahmudabad_500","name":"Mahmudabad","kind":"settlement","start_year":500,"end_year":1500,"importance":"city"}},{"type":"Feature","geometry":{"type":"Point","coordinates":[19.9026,30.7912]},"properties":{"id":"set_maia_island_500","name":"Maia (island)","kind":"settlement","start_year":500,"end_year":1500,"importance":"city"}},{"type":"Feature","geometry":{"type":"Point","coordinates":[-2.199,54.5136]},"properties":{"id":"set_maiden_castle_roman_fortlet_cumbria_500","name":"Maiden Castle Roman Fortlet (Cumbria)","kind":"settlement","start_year":500,"end_year":1500,"importance":"city"}},{"type":"Feature","geometry":{"type":"Point","coordinates":[8.273,50]},"properties":{"id":"set_mainz","name":"Mainz","kind":"settlement","start_year":500,"end_year":1500,"importance":"city"}},{"type":"Feature","geometry":{"type":"Point","coordinates":[52.5402,30.0933]},"properties":{"id":"set_maitona_500","name":"Maitona","kind":"settlement","start_year":500,"end_year":1500,"importance":"city"}},{"type":"Feature","geometry":{"type":"Point","coordinates":[52.6924,29.8638]},"properties":{"id":"set_majdabad_500","name":"Majdabad","kind":"settlement","start_year":500,"end_year":1500,"importance":"city"}},{"type":"Feature","geometry":{"type":"Point","coordinates":[45.1271,40.9738]},"properties":{"id":"set_makaravank_500","name":"Makaravank'","kind":"settlement","start_year":500,"end_year":1500,"importance":"city"}},{"type":"Feature","geometry":{"type":"Point","coordinates":[43.8,57.8833]},"properties":{"id":"set_makaryev_1439","name":"Makaryev","kind":"settlement","start_year":1439,"end_year":1500,"importance":"city"}},{"type":"Feature","geometry":{"type":"Point","coordinates":[8.7709,40.2632]},"properties":{"id":"set_makopsisa_500","name":"Makopsisa","kind":"settlement","start_year":500,"end_year":1500,"importance":"city"}},{"type":"Feature","geometry":{"type":"Point","coordinates":[-4.4202,36.7197]},"properties":{"id":"set_malaca_500","name":"Malaca","kind":"settlement","start_year":500,"end_year":1500,"importance":"city"}},{"type":"Feature","geometry":{"type":"Point","coordinates":[102.25,2.192]},"properties":{"id":"set_malacca","name":"Malacca","kind":"settlement","start_year":1400,"end_year":1500,"importance":"city"}},{"type":"Feature","geometry":{"type":"Point","coordinates":[17.0236,48.4381]},"properties":{"id":"set_malacky_1206","name":"Malacky","kind":"settlement","start_year":1206,"end_year":1500,"importance":"city"}},{"type":"Feature","geometry":{"type":"Point","coordinates":[79.6996,12.839]},"properties":{"id":"set_malanga_500","name":"Malanga","kind":"settlement","start_year":500,"end_year":1500,"importance":"city"}},{"type":"Feature","geometry":{"type":"Point","coordinates":[19.0444,54.0285]},"properties":{"id":"set_malbork_1201","name":"Malbork","kind":"settlement","start_year":1201,"end_year":1500,"importance":"city"}},{"type":"Feature","geometry":{"type":"Point","coordinates":[34.0099,25.8794]},"properties":{"id":"set_malge_500","name":"Malge","kind":"settlement","start_year":500,"end_year":1500,"importance":"city"}},{"type":"Feature","geometry":{"type":"Point","coordinates":[35.4852,36.7562]},"properties":{"id":"set_mallos_antiochia_ad_pyramum_500","name":"Mallos/Antiochia ad Pyramum","kind":"settlement","start_year":500,"end_year":1500,"importance":"city"}},{"type":"Feature","geometry":{"type":"Point","coordinates":[13,55.5833]},"properties":{"id":"set_malm_1353","name":"Malmö","kind":"settlement","start_year":1353,"end_year":1500,"importance":"city"}},{"type":"Feature","geometry":{"type":"Point","coordinates":[36.4667,55]},"properties":{"id":"set_maloyaroslavets_1301","name":"Maloyaroslavets","kind":"settlement","start_year":1301,"end_year":1500,"importance":"city"}},{"type":"Feature","geometry":{"type":"Point","coordinates":[15.7858,40.6463]},"properties":{"id":"set_malvaccaro_roman_villa_500","name":"Malvaccaro Roman villa","kind":"settlement","start_year":500,"end_year":1500,"importance":"city"}},{"type":"Feature","geometry":{"type":"Point","coordinates":[73.5083,4.175]},"properties":{"id":"set_mal_500","name":"Malé","kind":"settlement","start_year":500,"end_year":1500,"importance":"city"}},{"type":"Feature","geometry":{"type":"Point","coordinates":[51.41,55.716]},"properties":{"id":"set_mamad_1391","name":"Mamadış","kind":"settlement","start_year":1391,"end_year":1500,"importance":"city"}},{"type":"Feature","geometry":{"type":"Point","coordinates":[19.9333,54.4667]},"properties":{"id":"set_mamonovo_1301","name":"Mamonovo","kind":"settlement","start_year":1301,"end_year":1500,"importance":"city"}},{"type":"Feature","geometry":{"type":"Point","coordinates":[35.0643,31.0254]},"properties":{"id":"set_mampsis_500","name":"Mampsis","kind":"settlement","start_year":500,"end_year":1500,"importance":"city"}},{"type":"Feature","geometry":{"type":"Point","coordinates":[-2.2543,53.4753]},"properties":{"id":"set_mamucio_500","name":"‘Mamucio’","kind":"settlement","start_year":500,"end_year":1500,"importance":"city"}},{"type":"Feature","geometry":{"type":"Point","coordinates":[50.5833,26.2167]},"properties":{"id":"set_manama_1345","name":"Manama","kind":"settlement","start_year":1345,"end_year":1500,"importance":"city"}},{"type":"Feature","geometry":{"type":"Point","coordinates":[2.902,46.1027]},"properties":{"id":"set_manatum_500","name":"*Manatum","kind":"settlement","start_year":500,"end_year":1500,"importance":"city"}},{"type":"Feature","geometry":{"type":"Point","coordinates":[31.4415,36.7913]},"properties":{"id":"set_manavgat_1329","name":"Manavgat","kind":"settlement","start_year":1329,"end_year":1500,"importance":"city"}},{"type":"Feature","geometry":{"type":"Point","coordinates":[30.6765,24.5745]},"properties":{"id":"set_manawir_el_biyut_500","name":"Manawir el-Biyut","kind":"settlement","start_year":500,"end_year":1500,"importance":"city"}},{"type":"Feature","geometry":{"type":"Point","coordinates":[-2.2333,53.4667]},"properties":{"id":"set_manchester_1301","name":"Manchester","kind":"settlement","start_year":1301,"end_year":1500,"importance":"city"}},{"type":"Feature","geometry":{"type":"Point","coordinates":[11.4933,48.717]},"properties":{"id":"set_manching_500","name":"Manching","kind":"settlement","start_year":500,"end_year":1500,"importance":"city"}},{"type":"Feature","geometry":{"type":"Point","coordinates":[25.0155,36.9703]},"properties":{"id":"set_mandra_despotiko_500","name":"Mandra (Despotiko)","kind":"settlement","start_year":500,"end_year":1500,"importance":"city"}},{"type":"Feature","geometry":{"type":"Point","coordinates":[-1.5293,52.5669]},"properties":{"id":"set_manduessedum_500","name":"Manduessedum","kind":"settlement","start_year":500,"end_year":1500,"importance":"city"}},{"type":"Feature","geometry":{"type":"Point","coordinates":[76.6222,8.9111]},"properties":{"id":"set_mangadu_megalithic_site_500","name":"Mangadu Megalithic Site","kind":"settlement","start_year":500,"end_year":1500,"importance":"city"}},{"type":"Feature","geometry":{"type":"Point","coordinates":[11.7716,43.1668]},"properties":{"id":"set_manliana_500","name":"Manliana","kind":"settlement","start_year":500,"end_year":1500,"importance":"city"}},{"type":"Feature","geometry":{"type":"Point","coordinates":[79.9613,8.9563]},"properties":{"id":"set_mantai_500","name":"Mantai","kind":"settlement","start_year":500,"end_year":1500,"importance":"city"}},{"type":"Feature","geometry":{"type":"Point","coordinates":[32.0192,40.8073]},"properties":{"id":"set_mantineion_500","name":"Mantineion","kind":"settlement","start_year":500,"end_year":1500,"importance":"city"}},{"type":"Feature","geometry":{"type":"Point","coordinates":[10.7976,45.1606]},"properties":{"id":"set_mantua_500","name":"Mantua","kind":"settlement","start_year":500,"end_year":1500,"importance":"city"}},{"type":"Feature","geometry":{"type":"Point","coordinates":[36.3433,35.0662]},"properties":{"id":"set_man_u_te_500","name":"Manṣuāte","kind":"settlement","start_year":500,"end_year":1500,"importance":"city"}},{"type":"Feature","geometry":{"type":"Point","coordinates":[-3.2152,47.6683]},"properties":{"id":"set_man_vechen_plouhinec_500","name":"Mané-Vechen, Plouhinec","kind":"settlement","start_year":500,"end_year":1500,"importance":"city"}},{"type":"Feature","geometry":{"type":"Point","coordinates":[79.9442,12.1959]},"properties":{"id":"set_marakkanam_500","name":"Marakkanam","kind":"settlement","start_year":500,"end_year":1500,"importance":"city"}},{"type":"Feature","geometry":{"type":"Point","coordinates":[1.7702,44.5518]},"properties":{"id":"set_marcelliago_500","name":"Marcelliago","kind":"settlement","start_year":500,"end_year":1500,"importance":"city"}},{"type":"Feature","geometry":{"type":"Point","coordinates":[-5.4162,37.3269]},"properties":{"id":"set_marchena_500","name":"Marchena","kind":"settlement","start_year":500,"end_year":1500,"importance":"city"}},{"type":"Feature","geometry":{"type":"Point","coordinates":[2.8645,49.8336]},"properties":{"id":"set_march_lepot_500","name":"Marchélepot","kind":"settlement","start_year":500,"end_year":1500,"importance":"city"}},{"type":"Feature","geometry":{"type":"Point","coordinates":[2.2871,43.9297]},"properties":{"id":"set_marcialio_500","name":"Marcialio","kind":"settlement","start_year":500,"end_year":1500,"importance":"city"}},{"type":"Feature","geometry":{"type":"Point","coordinates":[6.622,50.4773]},"properties":{"id":"set_marcomagus_500","name":"Marcomagus?","kind":"settlement","start_year":500,"end_year":1500,"importance":"city"}},{"type":"Feature","geometry":{"type":"Point","coordinates":[42.7213,36.9588]},"properties":{"id":"set_mardaman_500","name":"Mardaman","kind":"settlement","start_year":500,"end_year":1500,"importance":"city"}},{"type":"Feature","geometry":{"type":"Point","coordinates":[2.9962,46.6415]},"properties":{"id":"set_margeat_500","name":"Margeat","kind":"settlement","start_year":500,"end_year":1500,"importance":"city"}},{"type":"Feature","geometry":{"type":"Point","coordinates":[17.0833,52.9667]},"properties":{"id":"set_margonin_1364","name":"Margonin","kind":"settlement","start_year":1364,"end_year":1500,"importance":"city"}},{"type":"Feature","geometry":{"type":"Point","coordinates":[9.4957,42.5391]},"properties":{"id":"set_mariana_500","name":"Mariana","kind":"settlement","start_year":500,"end_year":1500,"importance":"city"}},{"type":"Feature","geometry":{"type":"Point","coordinates":[4.8772,46.4429]},"properties":{"id":"set_marigny_fleurville_gallo_roman_villa_500","name":"Marigny à Fleurville Gallo-Roman Villa","kind":"settlement","start_year":500,"end_year":1500,"importance":"city"}},{"type":"Feature","geometry":{"type":"Point","coordinates":[43.7525,40.8514]},"properties":{"id":"set_marmachyn_500","name":"Marmachyn","kind":"settlement","start_year":500,"end_year":1500,"importance":"city"}},{"type":"Feature","geometry":{"type":"Point","coordinates":[22.3567,38.1435]},"properties":{"id":"set_marmara_sanctuary_500","name":"Marmara sanctuary","kind":"settlement","start_year":500,"end_year":1500,"importance":"city"}},{"type":"Feature","geometry":{"type":"Point","coordinates":[42.7026,39.2317]},"properties":{"id":"set_marmos_500","name":"Marmos","kind":"settlement","start_year":500,"end_year":1500,"importance":"city"}},{"type":"Feature","geometry":{"type":"Point","coordinates":[0.7185,47.4047]},"properties":{"id":"set_marmoutier_abbey_500","name":"Marmoutier Abbey","kind":"settlement","start_year":500,"end_year":1500,"importance":"city"}},{"type":"Feature","geometry":{"type":"Point","coordinates":[-7.989,31.632]},"properties":{"id":"set_marrakesh","name":"Marrakesh","kind":"settlement","start_year":1062,"end_year":1500,"importance":"capital"}},{"type":"Feature","geometry":{"type":"Point","coordinates":[13.6143,42.0127]},"properties":{"id":"set_marruvium_500","name":"Marruvium","kind":"settlement","start_year":500,"end_year":1500,"importance":"city"}},{"type":"Feature","geometry":{"type":"Point","coordinates":[5.381,43.297]},"properties":{"id":"set_marseille","name":"Marseille","kind":"settlement","start_year":500,"end_year":1500,"importance":"city"}},{"type":"Feature","geometry":{"type":"Point","coordinates":[41.028,34.3897]},"properties":{"id":"set_martu_500","name":"Martu","kind":"settlement","start_year":500,"end_year":1500,"importance":"city"}},{"type":"Feature","geometry":{"type":"Point","coordinates":[43.4423,36.4903]},"properties":{"id":"set_mar_matta_500","name":"Mar Matta","kind":"settlement","start_year":500,"end_year":1500,"importance":"city"}},{"type":"Feature","geometry":{"type":"Point","coordinates":[41.4111,37.2319]},"properties":{"id":"set_mar_melki_500","name":"Mar Melki","kind":"settlement","start_year":500,"end_year":1500,"importance":"city"}},{"type":"Feature","geometry":{"type":"Point","coordinates":[41.5385,37.3218]},"properties":{"id":"set_mar_samuel_simeon_500","name":"Mar Samuel, Simeon","kind":"settlement","start_year":500,"end_year":1500,"importance":"city"}},{"type":"Feature","geometry":{"type":"Point","coordinates":[0.973,46.3992]},"properties":{"id":"set_masamas_500","name":"Masamas","kind":"settlement","start_year":500,"end_year":1500,"importance":"city"}},{"type":"Feature","geometry":{"type":"Point","coordinates":[3.197,45.251]},"properties":{"id":"set_massiac_500","name":"Massiac","kind":"settlement","start_year":500,"end_year":1500,"importance":"city"}},{"type":"Feature","geometry":{"type":"Point","coordinates":[8.4376,35.1765]},"properties":{"id":"set_masticana_fundus_500","name":"Masticana Fundus","kind":"settlement","start_year":500,"end_year":1500,"importance":"city"}},{"type":"Feature","geometry":{"type":"Point","coordinates":[3.5456,43.4138]},"properties":{"id":"set_mas_lavit_500","name":"Mas Lavit","kind":"settlement","start_year":500,"end_year":1500,"importance":"city"}},{"type":"Feature","geometry":{"type":"Point","coordinates":[30.7748,28.4216]},"properties":{"id":"set_mataei_500","name":"Mataei","kind":"settlement","start_year":500,"end_year":1500,"importance":"city"}},{"type":"Feature","geometry":{"type":"Point","coordinates":[80.5108,5.9521]},"properties":{"id":"set_matara_500","name":"Matara","kind":"settlement","start_year":500,"end_year":1500,"importance":"city"}},{"type":"Feature","geometry":{"type":"Point","coordinates":[41.3637,37.4172]},"properties":{"id":"set_mati_tu_500","name":"Matiātu","kind":"settlement","start_year":500,"end_year":1500,"importance":"city"}},{"type":"Feature","geometry":{"type":"Point","coordinates":[-5.5657,36.8073]},"properties":{"id":"set_matrera_castle_500","name":"Matrera castle","kind":"settlement","start_year":500,"end_year":1500,"importance":"city"}},{"type":"Feature","geometry":{"type":"Point","coordinates":[14.7105,41.6137]},"properties":{"id":"set_matrice_500","name":"Matrice","kind":"settlement","start_year":500,"end_year":1500,"importance":"city"}},{"type":"Feature","geometry":{"type":"Point","coordinates":[0.1604,41.1847]},"properties":{"id":"set_mausoleum_of_lucius_aemilius_lupus_500","name":"Mausoleum of Lucius Aemilius Lupus","kind":"settlement","start_year":500,"end_year":1500,"importance":"city"}},{"type":"Feature","geometry":{"type":"Point","coordinates":[12.2091,44.425]},"properties":{"id":"set_mausoleum_of_theodoric_500","name":"Mausoleum of Theodoric","kind":"settlement","start_year":500,"end_year":1500,"importance":"city"}},{"type":"Feature","geometry":{"type":"Point","coordinates":[35.4744,38.7264]},"properties":{"id":"set_mazaka_eusebeia_caesarea_500","name":"Mazaka/Eusebeia/Caesarea","kind":"settlement","start_year":500,"end_year":1500,"importance":"city"}},{"type":"Feature","geometry":{"type":"Point","coordinates":[12.5908,37.6509]},"properties":{"id":"set_mazara_500","name":"Mazara","kind":"settlement","start_year":500,"end_year":1500,"importance":"city"}},{"type":"Feature","geometry":{"type":"Point","coordinates":[1.9022,45.5401]},"properties":{"id":"set_mazi_res_gallo_roman_villa_500","name":"Mazières Gallo-Roman villa","kind":"settlement","start_year":500,"end_year":1500,"importance":"city"}},{"type":"Feature","geometry":{"type":"Point","coordinates":[39.857,21.389]},"properties":{"id":"set_mecca","name":"Mecca","kind":"settlement","start_year":500,"end_year":1500,"importance":"megacity"}},{"type":"Feature","geometry":{"type":"Point","coordinates":[-5.7006,34.1805]},"properties":{"id":"set_mechra_sfa_500","name":"Mechra Sfa","kind":"settlement","start_year":500,"end_year":1500,"importance":"city"}},{"type":"Feature","geometry":{"type":"Point","coordinates":[13.6546,46.5444]},"properties":{"id":"set_meclaria_500","name":"Meclaria","kind":"settlement","start_year":500,"end_year":1500,"importance":"city"}},{"type":"Feature","geometry":{"type":"Point","coordinates":[24.3508,46.1639]},"properties":{"id":"set_media_1267","name":"Mediaș","kind":"settlement","start_year":1267,"end_year":1500,"importance":"city"}},{"type":"Feature","geometry":{"type":"Point","coordinates":[39.612,24.47]},"properties":{"id":"set_medina","name":"Medina","kind":"settlement","start_year":622,"end_year":1500,"importance":"capital"}},{"type":"Feature","geometry":{"type":"Point","coordinates":[-4.8674,37.8862]},"properties":{"id":"set_medina_azahara_500","name":"Medina Azahara","kind":"settlement","start_year":500,"end_year":1010,"importance":"city"}},{"type":"Feature","geometry":{"type":"Point","coordinates":[-9.7699,31.5128]},"properties":{"id":"set_medina_of_essaouira_500","name":"Medina of Essaouira","kind":"settlement","start_year":500,"end_year":1500,"importance":"city"}},{"type":"Feature","geometry":{"type":"Point","coordinates":[2.7844,46.2285]},"properties":{"id":"set_mediocantus_500","name":"Mediocantus","kind":"settlement","start_year":500,"end_year":1500,"importance":"city"}},{"type":"Feature","geometry":{"type":"Point","coordinates":[-2.681,52.967]},"properties":{"id":"set_mediolanum_500","name":"Mediolanum","kind":"settlement","start_year":500,"end_year":1500,"importance":"city"}},{"type":"Feature","geometry":{"type":"Point","coordinates":[1.151,49.0243]},"properties":{"id":"set_mediolanum_aulercorum_500","name":"Mediolanum Aulercorum","kind":"settlement","start_year":500,"end_year":1500,"importance":"city"}},{"type":"Feature","geometry":{"type":"Point","coordinates":[6.4346,35.7071]},"properties":{"id":"set_medracen_500","name":"Medracen","kind":"settlement","start_year":500,"end_year":1500,"importance":"city"}},{"type":"Feature","geometry":{"type":"Point","coordinates":[20.8928,48.7003]},"properties":{"id":"set_medzev_1359","name":"Medzev","kind":"settlement","start_year":1359,"end_year":1500,"importance":"city"}},{"type":"Feature","geometry":{"type":"Point","coordinates":[25.8734,40.2099]},"properties":{"id":"set_megaloi_theoi_sanctuary_imbros_500","name":"Megaloi Theoi (sanctuary, Imbros)","kind":"settlement","start_year":500,"end_year":1500,"importance":"city"}},{"type":"Feature","geometry":{"type":"Point","coordinates":[23.3402,37.9851]},"properties":{"id":"set_megara_500","name":"Megara","kind":"settlement","start_year":500,"end_year":1500,"importance":"city"}},{"type":"Feature","geometry":{"type":"Point","coordinates":[40.6401,37.4378]},"properties":{"id":"set_meiacarire_aquae_frigidae_500","name":"Meiacarire/*Aquae Frigidae","kind":"settlement","start_year":500,"end_year":1500,"importance":"city"}},{"type":"Feature","geometry":{"type":"Point","coordinates":[30.5778,21.0069]},"properties":{"id":"set_meinarti_island_500","name":"Meinarti (island)","kind":"settlement","start_year":500,"end_year":1500,"importance":"city"}},{"type":"Feature","geometry":{"type":"Point","coordinates":[32.9402,35.304]},"properties":{"id":"set_melabron_500","name":"Melabron?","kind":"settlement","start_year":500,"end_year":1500,"importance":"city"}},{"type":"Feature","geometry":{"type":"Point","coordinates":[22.4166,37.6426]},"properties":{"id":"set_melangeia_500","name":"Melangeia","kind":"settlement","start_year":500,"end_year":1500,"importance":"city"}},{"type":"Feature","geometry":{"type":"Point","coordinates":[14.4001,35.8852]},"properties":{"id":"set_melita_500","name":"Melita","kind":"settlement","start_year":500,"end_year":1500,"importance":"city"}},{"type":"Feature","geometry":{"type":"Point","coordinates":[2.4301,45.2554]},"properties":{"id":"set_melita_500_2","name":"*Melita","kind":"settlement","start_year":500,"end_year":1500,"importance":"city"}},{"type":"Feature","geometry":{"type":"Point","coordinates":[22.4567,39.0384]},"properties":{"id":"set_meliteia_500","name":"Meliteia","kind":"settlement","start_year":500,"end_year":1500,"importance":"city"}},{"type":"Feature","geometry":{"type":"Point","coordinates":[38.3612,38.3822]},"properties":{"id":"set_melitene_500","name":"Melitene","kind":"settlement","start_year":500,"end_year":1500,"importance":"city"}},{"type":"Feature","geometry":{"type":"Point","coordinates":[5.7436,47.5792]},"properties":{"id":"set_membrey_500","name":"Membrey","kind":"settlement","start_year":500,"end_year":1500,"importance":"city"}},{"type":"Feature","geometry":{"type":"Point","coordinates":[23.4223,39.9638]},"properties":{"id":"set_mende_500","name":"Mende","kind":"settlement","start_year":500,"end_year":1500,"importance":"city"}},{"type":"Feature","geometry":{"type":"Point","coordinates":[10.9228,33.6879]},"properties":{"id":"set_meninx_settlement_500","name":"Meninx (settlement)","kind":"settlement","start_year":500,"end_year":1500,"importance":"city"}},{"type":"Feature","geometry":{"type":"Point","coordinates":[30.8499,30.3163]},"properties":{"id":"set_merimde_500","name":"Merimde","kind":"settlement","start_year":500,"end_year":1500,"importance":"city"}},{"type":"Feature","geometry":{"type":"Point","coordinates":[16.1111,41.9158]},"properties":{"id":"set_merinum_500","name":"Merinum","kind":"settlement","start_year":500,"end_year":1500,"importance":"city"}},{"type":"Feature","geometry":{"type":"Point","coordinates":[34.6041,36.8013]},"properties":{"id":"set_mersin_yumuktepe_500","name":"Mersin-Yumuktepe","kind":"settlement","start_year":500,"end_year":1500,"importance":"city"}},{"type":"Feature","geometry":{"type":"Point","coordinates":[62.187,37.68]},"properties":{"id":"set_merv","name":"Merv","kind":"settlement","start_year":500,"end_year":1221,"importance":"megacity"}},{"type":"Feature","geometry":{"type":"Point","coordinates":[44.706,41.8393]},"properties":{"id":"set_meschistha_500","name":"Meschistha","kind":"settlement","start_year":500,"end_year":1500,"importance":"city"}},{"type":"Feature","geometry":{"type":"Point","coordinates":[27.7244,42.6596]},"properties":{"id":"set_mesembria_500","name":"Mesembria","kind":"settlement","start_year":500,"end_year":1500,"importance":"city"}},{"type":"Feature","geometry":{"type":"Point","coordinates":[35.2833,54.3167]},"properties":{"id":"set_meshchovsk_1238","name":"Meshchovsk","kind":"settlement","start_year":1238,"end_year":1500,"importance":"city"}},{"type":"Feature","geometry":{"type":"Point","coordinates":[26.3054,39.1964]},"properties":{"id":"set_messon_500","name":"Messon","kind":"settlement","start_year":500,"end_year":1500,"importance":"city"}},{"type":"Feature","geometry":{"type":"Point","coordinates":[20.7189,43.0811]},"properties":{"id":"set_metalli_dardanici_500","name":"Metalli Dardanici","kind":"settlement","start_year":500,"end_year":1500,"importance":"city"}},{"type":"Feature","geometry":{"type":"Point","coordinates":[21.5845,38.5253]},"properties":{"id":"set_metapa_500","name":"Metapa","kind":"settlement","start_year":500,"end_year":1500,"importance":"city"}},{"type":"Feature","geometry":{"type":"Point","coordinates":[28.6136,38.3889]},"properties":{"id":"set_meter_phileis_t_500","name":"Meter Phileis, T.","kind":"settlement","start_year":500,"end_year":1500,"importance":"city"}},{"type":"Feature","geometry":{"type":"Point","coordinates":[21.7044,36.8143]},"properties":{"id":"set_methone_mothone_messenian_500","name":"Methone/Mothone (Messenian)","kind":"settlement","start_year":500,"end_year":1500,"importance":"city"}},{"type":"Feature","geometry":{"type":"Point","coordinates":[22.5827,40.4675]},"properties":{"id":"set_methone_pieria_500","name":"Methone (Pieria)","kind":"settlement","start_year":500,"end_year":1500,"importance":"city"}},{"type":"Feature","geometry":{"type":"Point","coordinates":[24.1129,40.865]},"properties":{"id":"set_methone_thracian_500","name":"Methone (Thracian)","kind":"settlement","start_year":500,"end_year":1500,"importance":"city"}},{"type":"Feature","geometry":{"type":"Point","coordinates":[22.1751,37.6359]},"properties":{"id":"set_methydrion_500","name":"Methydrion","kind":"settlement","start_year":500,"end_year":1500,"importance":"city"}},{"type":"Feature","geometry":{"type":"Point","coordinates":[31.4818,41.3468]},"properties":{"id":"set_metroon_aulia_500","name":"Metroon/Aulia","kind":"settlement","start_year":500,"end_year":1500,"importance":"city"}},{"type":"Feature","geometry":{"type":"Point","coordinates":[30.4906,38.2412]},"properties":{"id":"set_metropolis_500","name":"Metropolis","kind":"settlement","start_year":500,"end_year":1500,"importance":"city"}},{"type":"Feature","geometry":{"type":"Point","coordinates":[43.0397,39.1679]},"properties":{"id":"set_metsopay_vank_500","name":"Metsopay-Vank","kind":"settlement","start_year":500,"end_year":1500,"importance":"city"}},{"type":"Feature","geometry":{"type":"Point","coordinates":[4.6585,50.3212]},"properties":{"id":"set_mettet_500","name":"Mettet","kind":"settlement","start_year":500,"end_year":1500,"importance":"city"}},{"type":"Feature","geometry":{"type":"Point","coordinates":[11.9045,43.9881]},"properties":{"id":"set_mevaniola_500","name":"Mevaniola","kind":"settlement","start_year":500,"end_year":1500,"importance":"city"}},{"type":"Feature","geometry":{"type":"Point","coordinates":[33.4411,36.2733]},"properties":{"id":"set_meydanc_kkale_kir_u_500","name":"Meydancıkkale/Kiršu","kind":"settlement","start_year":500,"end_year":1500,"importance":"city"}},{"type":"Feature","geometry":{"type":"Point","coordinates":[21.9183,48.7575]},"properties":{"id":"set_michalovce_1244","name":"Michalovce","kind":"settlement","start_year":1244,"end_year":1500,"importance":"city"}},{"type":"Feature","geometry":{"type":"Point","coordinates":[30.8452,39.8001]},"properties":{"id":"set_midaion_500","name":"Midaion","kind":"settlement","start_year":500,"end_year":1500,"importance":"city"}},{"type":"Feature","geometry":{"type":"Point","coordinates":[3.6136,51.4997]},"properties":{"id":"set_middelburg_1217","name":"Middelburg","kind":"settlement","start_year":1217,"end_year":1500,"importance":"city"}},{"type":"Feature","geometry":{"type":"Point","coordinates":[6.0977,49.7463]},"properties":{"id":"set_miersch_500","name":"Miersch","kind":"settlement","start_year":500,"end_year":1500,"importance":"city"}},{"type":"Feature","geometry":{"type":"Point","coordinates":[80.5089,8.3153]},"properties":{"id":"set_mihintale_500","name":"Mihintale","kind":"settlement","start_year":500,"end_year":1500,"importance":"city"}},{"type":"Feature","geometry":{"type":"Point","coordinates":[39.0333,54.2333]},"properties":{"id":"set_mikhaylov_1137","name":"Mikhaylov","kind":"settlement","start_year":1137,"end_year":1500,"importance":"city"}},{"type":"Feature","geometry":{"type":"Point","coordinates":[18.9039,50.1708]},"properties":{"id":"set_miko_w_1222","name":"Mikołów","kind":"settlement","start_year":1222,"end_year":1500,"importance":"city"}},{"type":"Feature","geometry":{"type":"Point","coordinates":[9.19,45.464]},"properties":{"id":"set_milan","name":"Milan","kind":"settlement","start_year":500,"end_year":1500,"importance":"capital"}},{"type":"Feature","geometry":{"type":"Point","coordinates":[-7.904,37.0952]},"properties":{"id":"set_milreu_500","name":"Milreu","kind":"settlement","start_year":500,"end_year":1500,"importance":"city"}},{"type":"Feature","geometry":{"type":"Point","coordinates":[9.8968,50.5462]},"properties":{"id":"set_milseburg_oppidum_500","name":"Milseburg (oppidum)","kind":"settlement","start_year":500,"end_year":1500,"importance":"city"}},{"type":"Feature","geometry":{"type":"Point","coordinates":[43.1006,44.259]},"properties":{"id":"set_mineralovodsky_burial_ground_500","name":"Mineralovodsky burial ground","kind":"settlement","start_year":500,"end_year":1500,"importance":"city"}},{"type":"Feature","geometry":{"type":"Point","coordinates":[16.0792,41.0853]},"properties":{"id":"set_minervino_murge_500","name":"Minervino Murge","kind":"settlement","start_year":500,"end_year":1500,"importance":"city"}},{"type":"Feature","geometry":{"type":"Point","coordinates":[10.1419,45.3552]},"properties":{"id":"set_minervium_500","name":"*Minervium","kind":"settlement","start_year":500,"end_year":1500,"importance":"city"}},{"type":"Feature","geometry":{"type":"Point","coordinates":[73.0758,22.0608]},"properties":{"id":"set_minnagara_akota_500","name":"Minnagara?/Akota","kind":"settlement","start_year":500,"end_year":1500,"importance":"city"}},{"type":"Feature","geometry":{"type":"Point","coordinates":[-8.6841,38.0097]},"properties":{"id":"set_mirobriga_500","name":"Mirobriga","kind":"settlement","start_year":500,"end_year":1500,"importance":"city"}},{"type":"Feature","geometry":{"type":"Point","coordinates":[43.7158,33.3786]},"properties":{"id":"set_misiche_peroz_shapur_anbar_pumbedita_pallughtha_500","name":"Misiche/Peroz-Shapur/Anbar/Pumbedita/Pallughtha","kind":"settlement","start_year":500,"end_year":1500,"importance":"city"}},{"type":"Feature","geometry":{"type":"Point","coordinates":[20.7833,48.1]},"properties":{"id":"set_miskolc_1365","name":"Miskolc","kind":"settlement","start_year":1365,"end_year":1500,"importance":"city"}},{"type":"Feature","geometry":{"type":"Point","coordinates":[33.1,35.0417]},"properties":{"id":"set_mitsero_500","name":"Mitsero","kind":"settlement","start_year":500,"end_year":1500,"importance":"city"}},{"type":"Feature","geometry":{"type":"Point","coordinates":[-6.8083,43.5308]},"properties":{"id":"set_miudes_500","name":"Miudes","kind":"settlement","start_year":500,"end_year":1500,"importance":"city"}},{"type":"Feature","geometry":{"type":"Point","coordinates":[20.0692,54.0091]},"properties":{"id":"set_mi_akowo_1315","name":"Miłakowo","kind":"settlement","start_year":1315,"end_year":1500,"importance":"city"}},{"type":"Feature","geometry":{"type":"Point","coordinates":[13.9716,49.25]},"properties":{"id":"set_modle_ovice_500","name":"Modlešovice","kind":"settlement","start_year":500,"end_year":1500,"importance":"city"}},{"type":"Feature","geometry":{"type":"Point","coordinates":[80.7763,9.2139]},"properties":{"id":"set_modoutou_emporion_500","name":"Modoutou Emporion","kind":"settlement","start_year":500,"end_year":1500,"importance":"city"}},{"type":"Feature","geometry":{"type":"Point","coordinates":[19.3344,48.2406]},"properties":{"id":"set_modr_kame_1290","name":"Modrý Kameň","kind":"settlement","start_year":1290,"end_year":1500,"importance":"city"}},{"type":"Feature","geometry":{"type":"Point","coordinates":[68.1377,27.3254]},"properties":{"id":"set_moenjodaro_500","name":"Moenjodaro","kind":"settlement","start_year":500,"end_year":1500,"importance":"city"}},{"type":"Feature","geometry":{"type":"Point","coordinates":[94.8037,40.0373]},"properties":{"id":"set_mogao_caves_500","name":"Mogao Caves","kind":"settlement","start_year":500,"end_year":1500,"importance":"city"}},{"type":"Feature","geometry":{"type":"Point","coordinates":[20.7231,51.6897]},"properties":{"id":"set_mogielnica_1249","name":"Mogielnica","kind":"settlement","start_year":1249,"end_year":1500,"importance":"city"}},{"type":"Feature","geometry":{"type":"Point","coordinates":[26.5237,43.022]},"properties":{"id":"set_mogilets_500","name":"Mogilets","kind":"settlement","start_year":500,"end_year":1500,"importance":"city"}},{"type":"Feature","geometry":{"type":"Point","coordinates":[43.2339,13.3098]},"properties":{"id":"set_mokha_500","name":"Mokha","kind":"settlement","start_year":500,"end_year":1500,"importance":"city"}},{"type":"Feature","geometry":{"type":"Point","coordinates":[20.9992,48.6156]},"properties":{"id":"set_moldava_nad_bodvou_1255","name":"Moldava nad Bodvou","kind":"settlement","start_year":1255,"end_year":1500,"importance":"city"}},{"type":"Feature","geometry":{"type":"Point","coordinates":[17.4252,48.5116]},"properties":{"id":"set_molp_r_500","name":"Molpír","kind":"settlement","start_year":500,"end_year":1500,"importance":"city"}},{"type":"Feature","geometry":{"type":"Point","coordinates":[13.556,46.7732]},"properties":{"id":"set_molzbichl_500","name":"Molzbichl","kind":"settlement","start_year":500,"end_year":1500,"importance":"city"}},{"type":"Feature","geometry":{"type":"Point","coordinates":[10.302,42.3377]},"properties":{"id":"set_monastero_di_san_mamiliano_500","name":"Monastero di San Mamiliano","kind":"settlement","start_year":500,"end_year":1500,"importance":"city"}},{"type":"Feature","geometry":{"type":"Point","coordinates":[16.3317,38.8249]},"properties":{"id":"set_monastery_of_s_elia_vecchio_500","name":"Monastery of S. Elia Vecchio","kind":"settlement","start_year":500,"end_year":1500,"importance":"city"}},{"type":"Feature","geometry":{"type":"Point","coordinates":[70.2467,21.0208]},"properties":{"id":"set_monoglosson_emporion_500","name":"Monoglosson Emporion","kind":"settlement","start_year":500,"end_year":1500,"importance":"city"}},{"type":"Feature","geometry":{"type":"Point","coordinates":[5.5707,36.2603]},"properties":{"id":"set_mons_500","name":"Mons","kind":"settlement","start_year":500,"end_year":1500,"importance":"city"}},{"type":"Feature","geometry":{"type":"Point","coordinates":[5.7499,44.456]},"properties":{"id":"set_mons_seleucus_500","name":"Mons Seleucus","kind":"settlement","start_year":500,"end_year":1500,"importance":"city"}},{"type":"Feature","geometry":{"type":"Point","coordinates":[13.4151,37.9516]},"properties":{"id":"set_montagnola_di_marineo_500","name":"Montagnola di Marineo","kind":"settlement","start_year":500,"end_year":1500,"importance":"city"}},{"type":"Feature","geometry":{"type":"Point","coordinates":[13.6693,37.6302]},"properties":{"id":"set_montagnola_di_s_giovanni_gemini_500","name":"Montagnola di S. Giovanni Gemini","kind":"settlement","start_year":500,"end_year":1500,"importance":"city"}},{"type":"Feature","geometry":{"type":"Point","coordinates":[4.7475,45.6284]},"properties":{"id":"set_montagny_500","name":"Montagny","kind":"settlement","start_year":500,"end_year":1500,"importance":"city"}},{"type":"Feature","geometry":{"type":"Point","coordinates":[2.3105,46.3256]},"properties":{"id":"set_montebras_500","name":"Montebras","kind":"settlement","start_year":500,"end_year":1500,"importance":"city"}},{"type":"Feature","geometry":{"type":"Point","coordinates":[-7.2067,42.3914]},"properties":{"id":"set_montefurado_500","name":"Montefurado","kind":"settlement","start_year":500,"end_year":1500,"importance":"city"}},{"type":"Feature","geometry":{"type":"Point","coordinates":[10.9942,43.748]},"properties":{"id":"set_montereggi_500","name":"Montereggi","kind":"settlement","start_year":500,"end_year":1500,"importance":"city"}},{"type":"Feature","geometry":{"type":"Point","coordinates":[-6.657,43.1371]},"properties":{"id":"set_monterroso_500","name":"Monterroso","kind":"settlement","start_year":500,"end_year":1500,"importance":"city"}},{"type":"Feature","geometry":{"type":"Point","coordinates":[13.2353,37.5609]},"properties":{"id":"set_montevergine_di_s_anna_500","name":"Montevergine di S. Anna","kind":"settlement","start_year":500,"end_year":1500,"importance":"city"}},{"type":"Feature","geometry":{"type":"Point","coordinates":[8.3971,40.6324]},"properties":{"id":"set_monte_baranta_500","name":"Monte Baranta","kind":"settlement","start_year":500,"end_year":1500,"importance":"city"}},{"type":"Feature","geometry":{"type":"Point","coordinates":[9.3669,45.8321]},"properties":{"id":"set_monte_barro_500","name":"Monte Barro","kind":"settlement","start_year":500,"end_year":1500,"importance":"city"}},{"type":"Feature","geometry":{"type":"Point","coordinates":[-4.1929,42.7938]},"properties":{"id":"set_monte_bernorio_500","name":"Monte Bernorio","kind":"settlement","start_year":500,"end_year":1500,"importance":"city"}},{"type":"Feature","geometry":{"type":"Point","coordinates":[14.2742,41.8021]},"properties":{"id":"set_monte_cavallerizzo_500","name":"Monte Cavallerizzo","kind":"settlement","start_year":500,"end_year":1500,"importance":"city"}},{"type":"Feature","geometry":{"type":"Point","coordinates":[12.9385,43.4925]},"properties":{"id":"set_monte_croce_guardia_500","name":"Monte Croce Guardia","kind":"settlement","start_year":500,"end_year":1500,"importance":"city"}},{"type":"Feature","geometry":{"type":"Point","coordinates":[-7.4647,39.8041]},"properties":{"id":"set_monte_de_s_martinho_500","name":"Monte de S. Martinho","kind":"settlement","start_year":500,"end_year":1500,"importance":"city"}},{"type":"Feature","geometry":{"type":"Point","coordinates":[-7.838,37.5451]},"properties":{"id":"set_monte_do_manuel_galo_500","name":"Monte do Manuel Galo","kind":"settlement","start_year":500,"end_year":1500,"importance":"city"}},{"type":"Feature","geometry":{"type":"Point","coordinates":[9.308,39.7611]},"properties":{"id":"set_monte_nuxi_500","name":"Monte Nuxi","kind":"settlement","start_year":500,"end_year":1500,"importance":"city"}},{"type":"Feature","geometry":{"type":"Point","coordinates":[13.9847,37.2556]},"properties":{"id":"set_monte_saraceno_di_ravanusa_kakyron_500","name":"Monte Saraceno di Ravanusa (Kakyron?)","kind":"settlement","start_year":500,"end_year":1500,"importance":"city"}},{"type":"Feature","geometry":{"type":"Point","coordinates":[10.8188,45.9166]},"properties":{"id":"set_monte_s_martino_500","name":"Monte S. Martino","kind":"settlement","start_year":500,"end_year":1500,"importance":"city"}},{"type":"Feature","geometry":{"type":"Point","coordinates":[0.6449,43.2162]},"properties":{"id":"set_montmaurin_500","name":"Montmaurin","kind":"settlement","start_year":500,"end_year":1500,"importance":"city"}},{"type":"Feature","geometry":{"type":"Point","coordinates":[-4.0521,38.1556]},"properties":{"id":"set_montoro_and_jar_500","name":"Montoro-Andújar","kind":"settlement","start_year":500,"end_year":1500,"importance":"city"}},{"type":"Feature","geometry":{"type":"Point","coordinates":[3.3295,44.5522]},"properties":{"id":"set_montrodat_500","name":"Montrodat","kind":"settlement","start_year":500,"end_year":1500,"importance":"city"}},{"type":"Feature","geometry":{"type":"Point","coordinates":[4.4028,47.2929]},"properties":{"id":"set_mont_st_jean_500","name":"Mont-St-Jean","kind":"settlement","start_year":500,"end_year":1500,"importance":"city"}},{"type":"Feature","geometry":{"type":"Point","coordinates":[21.2753,45.2562]},"properties":{"id":"set_moravi_a_500","name":"Moraviţa","kind":"settlement","start_year":500,"end_year":1500,"importance":"city"}},{"type":"Feature","geometry":{"type":"Point","coordinates":[-7.4501,38.141]},"properties":{"id":"set_mora_500","name":"Mora","kind":"settlement","start_year":500,"end_year":1500,"importance":"city"}},{"type":"Feature","geometry":{"type":"Point","coordinates":[-4.3035,51.8593]},"properties":{"id":"set_moridunum_500","name":"*Moridunum","kind":"settlement","start_year":500,"end_year":1500,"importance":"city"}},{"type":"Feature","geometry":{"type":"Point","coordinates":[-2.9966,50.7717]},"properties":{"id":"set_moridunum_500_1","name":"Moridunum","kind":"settlement","start_year":500,"end_year":1500,"importance":"city"}},{"type":"Feature","geometry":{"type":"Point","coordinates":[0.804,41.823]},"properties":{"id":"set_morulls_500","name":"Morulls","kind":"settlement","start_year":500,"end_year":1500,"importance":"city"}},{"type":"Feature","geometry":{"type":"Point","coordinates":[34.9833,54.4833]},"properties":{"id":"set_mosalsk_1231","name":"Mosalsk","kind":"settlement","start_year":1231,"end_year":1500,"importance":"city"}},{"type":"Feature","geometry":{"type":"Point","coordinates":[37.618,55.751]},"properties":{"id":"set_moscow","name":"Moscow","kind":"settlement","start_year":1147,"end_year":1500,"importance":"capital"}},{"type":"Feature","geometry":{"type":"Point","coordinates":[17.8075,43.3436]},"properties":{"id":"set_mostar_1452","name":"Mostar","kind":"settlement","start_year":1452,"end_year":1500,"importance":"city"}},{"type":"Feature","geometry":{"type":"Point","coordinates":[27.5473,38.5354]},"properties":{"id":"set_mostene_500","name":"Mostene","kind":"settlement","start_year":500,"end_year":1500,"importance":"city"}},{"type":"Feature","geometry":{"type":"Point","coordinates":[43.13,36.34]},"properties":{"id":"set_mosul","name":"Mosul","kind":"settlement","start_year":500,"end_year":1500,"importance":"city"}},{"type":"Feature","geometry":{"type":"Point","coordinates":[48.606,11.2874]},"properties":{"id":"set_mosylon_emporion_500","name":"Mosylon Emporion","kind":"settlement","start_year":500,"end_year":1500,"importance":"city"}},{"type":"Feature","geometry":{"type":"Point","coordinates":[28.9806,25.4832]},"properties":{"id":"set_mothis_500","name":"Mothis","kind":"settlement","start_year":500,"end_year":1500,"importance":"city"}},{"type":"Feature","geometry":{"type":"Point","coordinates":[32.2483,49.1552]},"properties":{"id":"set_motroninskoe_gorodishche_500","name":"Motroninskoe Gorodishche","kind":"settlement","start_year":500,"end_year":1500,"importance":"city"}},{"type":"Feature","geometry":{"type":"Point","coordinates":[45.5218,31.5757]},"properties":{"id":"set_mound_at_ban_t_al_hassan_adams_100_500","name":"Mound at Banāt al-Hassan (Adams 100)","kind":"settlement","start_year":500,"end_year":1500,"importance":"city"}},{"type":"Feature","geometry":{"type":"Point","coordinates":[-0.3126,44.0195]},"properties":{"id":"set_mouneyres_gallo_roman_villa_500","name":"Mouneyres Gallo-Roman villa","kind":"settlement","start_year":500,"end_year":1500,"importance":"city"}},{"type":"Feature","geometry":{"type":"Point","coordinates":[35.2734,32.2336]},"properties":{"id":"set_mount_ebal_500","name":"Mount Ebal","kind":"settlement","start_year":500,"end_year":1500,"importance":"city"}},{"type":"Feature","geometry":{"type":"Point","coordinates":[68.2734,39.4391]},"properties":{"id":"set_mount_mugh_500","name":"Mount Mugh","kind":"settlement","start_year":500,"end_year":1500,"importance":"city"}},{"type":"Feature","geometry":{"type":"Point","coordinates":[43.4215,13.2613]},"properties":{"id":"set_mouza_emporion_500","name":"Mouza Emporion","kind":"settlement","start_year":500,"end_year":1500,"importance":"city"}},{"type":"Feature","geometry":{"type":"Point","coordinates":[36.0333,55.5]},"properties":{"id":"set_mozhaysk_1231","name":"Mozhaysk","kind":"settlement","start_year":1231,"end_year":1500,"importance":"city"}},{"type":"Feature","geometry":{"type":"Point","coordinates":[20.5267,51.9742]},"properties":{"id":"set_mszczon_w_1377","name":"Mszczonów","kind":"settlement","start_year":1377,"end_year":1500,"importance":"city"}},{"type":"Feature","geometry":{"type":"Point","coordinates":[30.5565,18.6038]},"properties":{"id":"set_mulon_hypaton_500","name":"Mulon/Hypaton","kind":"settlement","start_year":500,"end_year":1500,"importance":"city"}},{"type":"Feature","geometry":{"type":"Point","coordinates":[65.5,31.9167]},"properties":{"id":"set_mundigak_500","name":"Mundigak","kind":"settlement","start_year":500,"end_year":1500,"importance":"city"}},{"type":"Feature","geometry":{"type":"Point","coordinates":[11.575,48.1375]},"properties":{"id":"set_munich_1158","name":"Munich","kind":"settlement","start_year":1158,"end_year":1500,"importance":"city"}},{"type":"Feature","geometry":{"type":"Point","coordinates":[43.7612,38.9903]},"properties":{"id":"set_muradiye_500","name":"Muradiye","kind":"settlement","start_year":500,"end_year":1500,"importance":"city"}},{"type":"Feature","geometry":{"type":"Point","coordinates":[2.8544,43.6859]},"properties":{"id":"set_murato_500","name":"Murato","kind":"settlement","start_year":500,"end_year":1500,"importance":"city"}},{"type":"Feature","geometry":{"type":"Point","coordinates":[40.9603,38.8914]},"properties":{"id":"set_murat_tepe_500","name":"Murat Tepe","kind":"settlement","start_year":500,"end_year":1500,"importance":"city"}},{"type":"Feature","geometry":{"type":"Point","coordinates":[16.1191,38.6824]},"properties":{"id":"set_mura_greche_di_hipponion_500","name":"Mura greche di Hipponion","kind":"settlement","start_year":500,"end_year":1500,"importance":"city"}},{"type":"Feature","geometry":{"type":"Point","coordinates":[-1.1305,37.9924]},"properties":{"id":"set_murcia_500","name":"Murcia","kind":"settlement","start_year":500,"end_year":1500,"importance":"city"}},{"type":"Feature","geometry":{"type":"Point","coordinates":[-3.8213,37.4224]},"properties":{"id":"set_mures_500","name":"Mures","kind":"settlement","start_year":500,"end_year":1500,"importance":"city"}},{"type":"Feature","geometry":{"type":"Point","coordinates":[-4.6774,38.4745]},"properties":{"id":"set_murgaual_castle_500","name":"Murgaual (castle)","kind":"settlement","start_year":500,"end_year":1500,"importance":"city"}},{"type":"Feature","geometry":{"type":"Point","coordinates":[18.6757,45.56]},"properties":{"id":"set_mursa_500","name":"Mursa","kind":"settlement","start_year":500,"end_year":1500,"importance":"city"}},{"type":"Feature","geometry":{"type":"Point","coordinates":[16.1619,46.6586]},"properties":{"id":"set_murska_sobota_1348","name":"Murska Sobota","kind":"settlement","start_year":1348,"end_year":1500,"importance":"city"}},{"type":"Feature","geometry":{"type":"Point","coordinates":[20.8972,49.3566]},"properties":{"id":"set_muszyna_1209","name":"Muszyna","kind":"settlement","start_year":1209,"end_year":1500,"importance":"city"}},{"type":"Feature","geometry":{"type":"Point","coordinates":[14.7608,36.859]},"properties":{"id":"set_mutyce_500","name":"Mutyce","kind":"settlement","start_year":500,"end_year":1500,"importance":"city"}},{"type":"Feature","geometry":{"type":"Point","coordinates":[55.4973,25.2989]},"properties":{"id":"set_muweilah_500","name":"Muweilah","kind":"settlement","start_year":500,"end_year":1500,"importance":"city"}},{"type":"Feature","geometry":{"type":"Point","coordinates":[76.2131,10.154]},"properties":{"id":"set_muziris_500","name":"Muziris","kind":"settlement","start_year":500,"end_year":1500,"importance":"city"}},{"type":"Feature","geometry":{"type":"Point","coordinates":[44.3033,36.8394]},"properties":{"id":"set_mu_a_ir_500","name":"Muṣaṣir","kind":"settlement","start_year":500,"end_year":1500,"importance":"city"}},{"type":"Feature","geometry":{"type":"Point","coordinates":[17.5686,48.7578]},"properties":{"id":"set_myjava_1262","name":"Myjava","kind":"settlement","start_year":1262,"end_year":1500,"importance":"city"}},{"type":"Feature","geometry":{"type":"Point","coordinates":[15.2404,38.2194]},"properties":{"id":"set_mylae_500","name":"Mylae","kind":"settlement","start_year":500,"end_year":1500,"importance":"city"}},{"type":"Feature","geometry":{"type":"Point","coordinates":[34.244,26.1566]},"properties":{"id":"set_myos_hormos_500","name":"Myos Hormos?","kind":"settlement","start_year":500,"end_year":1500,"importance":"city"}},{"type":"Feature","geometry":{"type":"Point","coordinates":[25.75,41.75]},"properties":{"id":"set_myrtonion_500","name":"Myrtonion","kind":"settlement","start_year":500,"end_year":1500,"importance":"city"}},{"type":"Feature","geometry":{"type":"Point","coordinates":[37.7592,44.6552]},"properties":{"id":"set_myskhako_necropolis_500","name":"Myskhako necropolis","kind":"settlement","start_year":500,"end_year":1500,"importance":"city"}},{"type":"Feature","geometry":{"type":"Point","coordinates":[26.547,39.1105]},"properties":{"id":"set_mytilene_500","name":"Mytilene","kind":"settlement","start_year":500,"end_year":1500,"importance":"city"}},{"type":"Feature","geometry":{"type":"Point","coordinates":[37.7333,55.9167]},"properties":{"id":"set_mytishchi_1460","name":"Mytishchi","kind":"settlement","start_year":1460,"end_year":1500,"importance":"city"}},{"type":"Feature","geometry":{"type":"Point","coordinates":[13.934,37.6043]},"properties":{"id":"set_myttistraton_500","name":"Myttistraton","kind":"settlement","start_year":500,"end_year":1500,"importance":"city"}},{"type":"Feature","geometry":{"type":"Point","coordinates":[14.8667,52.925]},"properties":{"id":"set_my_lib_rz_700","name":"Myślibórz","kind":"settlement","start_year":700,"end_year":1500,"importance":"city"}},{"type":"Feature","geometry":{"type":"Point","coordinates":[43.4834,41.7921]},"properties":{"id":"set_mzetamze_500","name":"Mzetamze","kind":"settlement","start_year":500,"end_year":1500,"importance":"city"}},{"type":"Feature","geometry":{"type":"Point","coordinates":[20.3667,53.1167]},"properties":{"id":"set_m_awa_1429","name":"Mława","kind":"settlement","start_year":1429,"end_year":1500,"importance":"city"}},{"type":"Feature","geometry":{"type":"Point","coordinates":[22.0264,60.4681]},"properties":{"id":"set_naantali_1443","name":"Naantali","kind":"settlement","start_year":1443,"end_year":1500,"importance":"city"}},{"type":"Feature","geometry":{"type":"Point","coordinates":[35.4154,29.5779]},"properties":{"id":"set_nabataean_temple_wadi_rum_500","name":"Nabataean Temple (Wadi Rum)","kind":"settlement","start_year":500,"end_year":1500,"importance":"city"}},{"type":"Feature","geometry":{"type":"Point","coordinates":[14.466,45.7047]},"properties":{"id":"set_nadlesk_500","name":"Nadlesk","kind":"settlement","start_year":500,"end_year":1500,"importance":"city"}},{"type":"Feature","geometry":{"type":"Point","coordinates":[80.5019,9.0898]},"properties":{"id":"set_nagadiba_500","name":"Nagadiba","kind":"settlement","start_year":500,"end_year":1500,"importance":"city"}},{"type":"Feature","geometry":{"type":"Point","coordinates":[79.8431,10.7648]},"properties":{"id":"set_nagappattinam_500","name":"Nagappattinam","kind":"settlement","start_year":500,"end_year":1500,"importance":"city"}},{"type":"Feature","geometry":{"type":"Point","coordinates":[44.3451,17.2163]},"properties":{"id":"set_nagara_500","name":"Nagara","kind":"settlement","start_year":500,"end_year":1500,"importance":"city"}},{"type":"Feature","geometry":{"type":"Point","coordinates":[31.9,26.3667]},"properties":{"id":"set_naga_ed_deir_500","name":"Naga ed-Deir","kind":"settlement","start_year":500,"end_year":1500,"importance":"city"}},{"type":"Feature","geometry":{"type":"Point","coordinates":[45.6383,15.4306]},"properties":{"id":"set_nagia_500","name":"Nagia","kind":"settlement","start_year":500,"end_year":1500,"importance":"city"}},{"type":"Feature","geometry":{"type":"Point","coordinates":[32.9366,24.7559]},"properties":{"id":"set_nag_el_hasaya_500","name":"Nag el-Hasaya","kind":"settlement","start_year":500,"end_year":1500,"importance":"city"}},{"type":"Feature","geometry":{"type":"Point","coordinates":[32.6767,23.0818]},"properties":{"id":"set_nag_el_scheima_500","name":"Nag' el-Scheima","kind":"settlement","start_year":500,"end_year":1500,"importance":"city"}},{"type":"Feature","geometry":{"type":"Point","coordinates":[47.9752,34.6524]},"properties":{"id":"set_najafabad_500","name":"Najafabad","kind":"settlement","start_year":500,"end_year":1500,"importance":"city"}},{"type":"Feature","geometry":{"type":"Point","coordinates":[4.8604,50.4615]},"properties":{"id":"set_namur_500","name":"Namur","kind":"settlement","start_year":500,"end_year":1500,"importance":"city"}},{"type":"Feature","geometry":{"type":"Point","coordinates":[17.7168,51.0767]},"properties":{"id":"set_namys_w_1249","name":"Namysłów","kind":"settlement","start_year":1249,"end_year":1500,"importance":"city"}},{"type":"Feature","geometry":{"type":"Point","coordinates":[118.796,32.06]},"properties":{"id":"set_nanjing_yuan","name":"Nanjing","kind":"settlement","start_year":1368,"end_year":1500,"importance":"capital"}},{"type":"Feature","geometry":{"type":"Point","coordinates":[31.8537,18.566]},"properties":{"id":"set_napata_500","name":"Napata","kind":"settlement","start_year":500,"end_year":1500,"importance":"city"}},{"type":"Feature","geometry":{"type":"Point","coordinates":[14.267,40.851]},"properties":{"id":"set_naples","name":"Naples","kind":"settlement","start_year":500,"end_year":1500,"importance":"city"}},{"type":"Feature","geometry":{"type":"Point","coordinates":[33.2746,16.2695]},"properties":{"id":"set_naqa_500","name":"Naqa","kind":"settlement","start_year":500,"end_year":1500,"importance":"city"}},{"type":"Feature","geometry":{"type":"Point","coordinates":[135.805,34.685]},"properties":{"id":"set_nara","name":"Nara (Heijōkyō)","kind":"settlement","start_year":710,"end_year":794,"importance":"capital"}},{"type":"Feature","geometry":{"type":"Point","coordinates":[21.6135,32.6152]},"properties":{"id":"set_narbek_500","name":"Narbek","kind":"settlement","start_year":500,"end_year":1500,"importance":"city"}},{"type":"Feature","geometry":{"type":"Point","coordinates":[42.9282,38.2968]},"properties":{"id":"set_narekavank_500","name":"Narekavank","kind":"settlement","start_year":500,"end_year":1500,"importance":"city"}},{"type":"Feature","geometry":{"type":"Point","coordinates":[44.652,16.5582]},"properties":{"id":"set_nascus_500","name":"Nascus","kind":"settlement","start_year":500,"end_year":1500,"importance":"city"}},{"type":"Feature","geometry":{"type":"Point","coordinates":[34.2473,20.1626]},"properties":{"id":"set_nauarai_500","name":"Nauarai","kind":"settlement","start_year":500,"end_year":1500,"importance":"city"}},{"type":"Feature","geometry":{"type":"Point","coordinates":[30.5919,30.9005]},"properties":{"id":"set_naucratis_500","name":"Naucratis","kind":"settlement","start_year":500,"end_year":1500,"importance":"city"}},{"type":"Feature","geometry":{"type":"Point","coordinates":[27.1704,38.464]},"properties":{"id":"set_naulochon_smyrna_palaia_smyrna_500","name":"Naulochon/Smyrna/Palaia Smyrna","kind":"settlement","start_year":500,"end_year":1500,"importance":"city"}},{"type":"Feature","geometry":{"type":"Point","coordinates":[27.8833,42.8167]},"properties":{"id":"set_naulochos_templum_iovis_500","name":"Naulochos/Templum Iovis?","kind":"settlement","start_year":500,"end_year":1500,"importance":"city"}},{"type":"Feature","geometry":{"type":"Point","coordinates":[21.8313,38.3997]},"properties":{"id":"set_naupactus_500","name":"Naupactus","kind":"settlement","start_year":500,"end_year":1500,"importance":"city"}},{"type":"Feature","geometry":{"type":"Point","coordinates":[22.8087,37.5681]},"properties":{"id":"set_nauplia_500","name":"Nauplia","kind":"settlement","start_year":500,"end_year":1500,"importance":"city"}},{"type":"Feature","geometry":{"type":"Point","coordinates":[-5.5766,38.4095]},"properties":{"id":"set_navalespino_500","name":"Navalespino","kind":"settlement","start_year":500,"end_year":1500,"importance":"city"}},{"type":"Feature","geometry":{"type":"Point","coordinates":[-3.138,41.0866]},"properties":{"id":"set_nava_de_jadraque_500","name":"Nava de Jadraque","kind":"settlement","start_year":500,"end_year":1500,"importance":"city"}},{"type":"Feature","geometry":{"type":"Point","coordinates":[1.0214,47.7868]},"properties":{"id":"set_naveil_roman_villa_500","name":"Naveil Roman Villa","kind":"settlement","start_year":500,"end_year":1500,"importance":"city"}},{"type":"Feature","geometry":{"type":"Point","coordinates":[25.4819,37.0582]},"properties":{"id":"set_naxos_island_500","name":"Naxos (island)","kind":"settlement","start_year":500,"end_year":1500,"importance":"city"}},{"type":"Feature","geometry":{"type":"Point","coordinates":[15.0514,36.911]},"properties":{"id":"set_neaition_netum_500","name":"Neaition/Netum","kind":"settlement","start_year":500,"end_year":1500,"importance":"city"}},{"type":"Feature","geometry":{"type":"Point","coordinates":[26.2732,39.7237]},"properties":{"id":"set_neandria_500","name":"Neandria","kind":"settlement","start_year":500,"end_year":1500,"importance":"city"}},{"type":"Feature","geometry":{"type":"Point","coordinates":[34.1202,44.9423]},"properties":{"id":"set_neapolis_500","name":"Neapolis","kind":"settlement","start_year":500,"end_year":1500,"importance":"city"}},{"type":"Feature","geometry":{"type":"Point","coordinates":[8.5533,39.6871]},"properties":{"id":"set_neapolis_sardinia_500","name":"Neapolis (Sardinia)","kind":"settlement","start_year":500,"end_year":1500,"importance":"city"}},{"type":"Feature","geometry":{"type":"Point","coordinates":[21.3951,32.6285]},"properties":{"id":"set_neapolis_theodorias_500","name":"Neapolis Theodorias","kind":"settlement","start_year":500,"end_year":1500,"importance":"city"}},{"type":"Feature","geometry":{"type":"Point","coordinates":[5.6867,50.9076]},"properties":{"id":"set_neerhaaren_rekem_500","name":"Neerhaaren-Rekem","kind":"settlement","start_year":500,"end_year":1500,"importance":"city"}},{"type":"Feature","geometry":{"type":"Point","coordinates":[0.9855,45.4067]},"properties":{"id":"set_negiacum_500","name":"Negiacum","kind":"settlement","start_year":500,"end_year":1500,"importance":"city"}},{"type":"Feature","geometry":{"type":"Point","coordinates":[7.4926,34.4452]},"properties":{"id":"set_negrenenses_maiores_ad_maiores_500","name":"Negrenenses Maiores/Ad Maiores","kind":"settlement","start_year":500,"end_year":1500,"importance":"city"}},{"type":"Feature","geometry":{"type":"Point","coordinates":[23.3154,38.3215]},"properties":{"id":"set_neistan_gate_thebes_500","name":"Neistan Gate (Thebes)","kind":"settlement","start_year":500,"end_year":1500,"importance":"city"}},{"type":"Feature","geometry":{"type":"Point","coordinates":[0.6131,36.1685]},"properties":{"id":"set_nekmaria_500","name":"Nekmaria","kind":"settlement","start_year":500,"end_year":1500,"importance":"city"}},{"type":"Feature","geometry":{"type":"Point","coordinates":[22.0333,55.0333]},"properties":{"id":"set_neman_1277","name":"Neman","kind":"settlement","start_year":1277,"end_year":1500,"importance":"city"}},{"type":"Feature","geometry":{"type":"Point","coordinates":[48.3769,34.1889]},"properties":{"id":"set_nemavand_laodicea_niphaunda_500","name":"Nemavand/Laodicea/Niphaunda","kind":"settlement","start_year":500,"end_year":1500,"importance":"city"}},{"type":"Feature","geometry":{"type":"Point","coordinates":[28.8909,48.9481]},"properties":{"id":"set_nemyriv_hillfort_500","name":"Nemyriv Hillfort","kind":"settlement","start_year":500,"end_year":1500,"importance":"city"}},{"type":"Feature","geometry":{"type":"Point","coordinates":[40.5833,57.45]},"properties":{"id":"set_nerekhta_1214","name":"Nerekhta","kind":"settlement","start_year":1214,"end_year":1500,"importance":"city"}},{"type":"Feature","geometry":{"type":"Point","coordinates":[13.1816,42.2089]},"properties":{"id":"set_nersa_500","name":"Nersa","kind":"settlement","start_year":500,"end_year":1500,"importance":"city"}},{"type":"Feature","geometry":{"type":"Point","coordinates":[34.4317,30.8748]},"properties":{"id":"set_nessana_500","name":"Nessana","kind":"settlement","start_year":500,"end_year":1500,"importance":"city"}},{"type":"Feature","geometry":{"type":"Point","coordinates":[13.2608,53.5569]},"properties":{"id":"set_neubrandenburg_1248","name":"Neubrandenburg","kind":"settlement","start_year":1248,"end_year":1500,"importance":"city"}},{"type":"Feature","geometry":{"type":"Point","coordinates":[7.5619,47.8147]},"properties":{"id":"set_neuenburg_am_rhein_1219","name":"Neuenburg am Rhein","kind":"settlement","start_year":1219,"end_year":1500,"importance":"city"}},{"type":"Feature","geometry":{"type":"Point","coordinates":[-1.6133,54.9778]},"properties":{"id":"set_newcastle_upon_tyne_200","name":"Newcastle upon Tyne","kind":"settlement","start_year":200,"end_year":1500,"importance":"city"}},{"type":"Feature","geometry":{"type":"Point","coordinates":[-1.307,53.9027]},"properties":{"id":"set_newton_kyme_500","name":"Newton Kyme","kind":"settlement","start_year":500,"end_year":1500,"importance":"city"}},{"type":"Feature","geometry":{"type":"Point","coordinates":[30.3316,20.7373]},"properties":{"id":"set_new_kingdom_town_of_sai_island_500","name":"New Kingdom Town of Sai Island","kind":"settlement","start_year":500,"end_year":1500,"importance":"city"}},{"type":"Feature","geometry":{"type":"Point","coordinates":[29.723,40.43]},"properties":{"id":"set_nicea","name":"Nicaea (İznik)","kind":"settlement","start_year":325,"end_year":1261,"importance":"capital"}},{"type":"Feature","geometry":{"type":"Point","coordinates":[45.4108,37.7249]},"properties":{"id":"set_nicea_nialia_barsa_500","name":"Nicea Nialia/Barsa","kind":"settlement","start_year":500,"end_year":1500,"importance":"city"}},{"type":"Feature","geometry":{"type":"Point","coordinates":[29.9199,40.7652]},"properties":{"id":"set_nicomedia_500","name":"Nicomedia","kind":"settlement","start_year":500,"end_year":1500,"importance":"city"}},{"type":"Feature","geometry":{"type":"Point","coordinates":[20.736,39.0157]},"properties":{"id":"set_nicopolis_500","name":"Nicopolis","kind":"settlement","start_year":500,"end_year":1500,"importance":"city"}},{"type":"Feature","geometry":{"type":"Point","coordinates":[25.612,43.2176]},"properties":{"id":"set_nicopolis_ad_istrum_500","name":"Nicopolis ad Istrum","kind":"settlement","start_year":500,"end_year":1500,"importance":"city"}},{"type":"Feature","geometry":{"type":"Point","coordinates":[8.6377,50.1541]},"properties":{"id":"set_nida_500","name":"Nida","kind":"settlement","start_year":500,"end_year":1500,"importance":"city"}},{"type":"Feature","geometry":{"type":"Point","coordinates":[27.3565,38.3879]},"properties":{"id":"set_nif_olympos_mountain_500","name":"Nif/Olympos? (mountain)","kind":"settlement","start_year":500,"end_year":1500,"importance":"city"}},{"type":"Feature","geometry":{"type":"Point","coordinates":[34.2667,19.4833]},"properties":{"id":"set_nigeim_500","name":"Nigeim","kind":"settlement","start_year":500,"end_year":1500,"importance":"city"}},{"type":"Feature","geometry":{"type":"Point","coordinates":[4.7159,52.105]},"properties":{"id":"set_nigrum_pullum_500","name":"Nigrum Pullum","kind":"settlement","start_year":500,"end_year":1500,"importance":"city"}},{"type":"Feature","geometry":{"type":"Point","coordinates":[30.4585,46.1748]},"properties":{"id":"set_nikonion_500","name":"Nikonion","kind":"settlement","start_year":500,"end_year":1500,"importance":"city"}},{"type":"Feature","geometry":{"type":"Point","coordinates":[18.94,42.78]},"properties":{"id":"set_nik_i_400","name":"Nikšić","kind":"settlement","start_year":400,"end_year":1500,"importance":"city"}},{"type":"Feature","geometry":{"type":"Point","coordinates":[58.205,37.9591]},"properties":{"id":"set_nisa_ia_parthaunisa_mithradatkert_shahr_ram_peroz_500","name":"Nisa(ia)/Parthaunisa/Mithradatkert/Shahr-ram-Peroz","kind":"settlement","start_year":500,"end_year":1500,"importance":"city"}},{"type":"Feature","geometry":{"type":"Point","coordinates":[58.796,36.213]},"properties":{"id":"set_nishapur","name":"Nishapur","kind":"settlement","start_year":500,"end_year":1221,"importance":"capital"}},{"type":"Feature","geometry":{"type":"Point","coordinates":[41.2154,37.0675]},"properties":{"id":"set_nisibis_antiochia_500","name":"Nisibis/Antiochia","kind":"settlement","start_year":500,"end_year":1500,"importance":"city"}},{"type":"Feature","geometry":{"type":"Point","coordinates":[0.5081,42.9991]},"properties":{"id":"set_nistos_500","name":"Nistos","kind":"settlement","start_year":500,"end_year":1500,"importance":"city"}},{"type":"Feature","geometry":{"type":"Point","coordinates":[18.0875,48.3147]},"properties":{"id":"set_nitra_826","name":"Nitra","kind":"settlement","start_year":826,"end_year":1500,"importance":"city"}},{"type":"Feature","geometry":{"type":"Point","coordinates":[44.008,56.329]},"properties":{"id":"set_nizhny_novgorod","name":"Nizhny Novgorod","kind":"settlement","start_year":1221,"end_year":1500,"importance":"town"}},{"type":"Feature","geometry":{"type":"Point","coordinates":[21.8954,43.3258]},"properties":{"id":"set_ni_fortress_500","name":"Niš Fortress","kind":"settlement","start_year":500,"end_year":1500,"importance":"city"}},{"type":"Feature","geometry":{"type":"Point","coordinates":[9.2849,40.3874]},"properties":{"id":"set_noddule_nuragic_complex_500","name":"Noddule nuragic complex","kind":"settlement","start_year":500,"end_year":1500,"importance":"city"}},{"type":"Feature","geometry":{"type":"Point","coordinates":[38.4333,55.85]},"properties":{"id":"set_noginsk_1389","name":"Noginsk","kind":"settlement","start_year":1389,"end_year":1500,"importance":"city"}},{"type":"Feature","geometry":{"type":"Point","coordinates":[-2.2594,40.1835]},"properties":{"id":"set_noheda_roman_villa_500","name":"Noheda Roman villa","kind":"settlement","start_year":500,"end_year":1500,"importance":"city"}},{"type":"Feature","geometry":{"type":"Point","coordinates":[-0.4961,48.2575]},"properties":{"id":"set_noiodounon_diablintum_500","name":"Noiodounon Diablintum","kind":"settlement","start_year":500,"end_year":1500,"importance":"city"}},{"type":"Feature","geometry":{"type":"Point","coordinates":[14.5245,40.9268]},"properties":{"id":"set_nola_500","name":"Nola","kind":"settlement","start_year":500,"end_year":1500,"importance":"city"}},{"type":"Feature","geometry":{"type":"Point","coordinates":[12.6423,42.0337]},"properties":{"id":"set_nomentum_500","name":"Nomentum","kind":"settlement","start_year":500,"end_year":1500,"importance":"city"}},{"type":"Feature","geometry":{"type":"Point","coordinates":[9.016,38.9844]},"properties":{"id":"set_nora_500","name":"Nora","kind":"settlement","start_year":500,"end_year":1500,"importance":"city"}},{"type":"Feature","geometry":{"type":"Point","coordinates":[17.1159,40.9671]},"properties":{"id":"set_norba_500","name":"Norba","kind":"settlement","start_year":500,"end_year":1500,"importance":"city"}},{"type":"Feature","geometry":{"type":"Point","coordinates":[23.5641,46.0779]},"properties":{"id":"set_northern_necropolis_at_apulum_500","name":"Northern necropolis at Apulum","kind":"settlement","start_year":500,"end_year":1500,"importance":"city"}},{"type":"Feature","geometry":{"type":"Point","coordinates":[33.2734,27.255]},"properties":{"id":"set_northwest_village_500","name":"Northwest Village","kind":"settlement","start_year":500,"end_year":1500,"importance":"city"}},{"type":"Feature","geometry":{"type":"Point","coordinates":[1.2928,52.6286]},"properties":{"id":"set_norwich_1004","name":"Norwich","kind":"settlement","start_year":1004,"end_year":1500,"importance":"city"}},{"type":"Feature","geometry":{"type":"Point","coordinates":[-7.2571,40.5433]},"properties":{"id":"set_nossa_senhora_da_p_voa_de_mileu_500","name":"Nossa Senhora da Póvoa de Mileu","kind":"settlement","start_year":500,"end_year":1500,"importance":"city"}},{"type":"Feature","geometry":{"type":"Point","coordinates":[-8.6837,40.1753]},"properties":{"id":"set_nossa_senhora_do_desterro_500","name":"Nossa Senhora do Desterro","kind":"settlement","start_year":500,"end_year":1500,"importance":"city"}},{"type":"Feature","geometry":{"type":"Point","coordinates":[8.7465,40.5864]},"properties":{"id":"set_nostra_segnora_de_mesumundu_500","name":"Nostra Segnora de Mesumundu","kind":"settlement","start_year":500,"end_year":1500,"importance":"city"}},{"type":"Feature","geometry":{"type":"Point","coordinates":[-1.1492,52.955]},"properties":{"id":"set_nottingham_600","name":"Nottingham","kind":"settlement","start_year":600,"end_year":1500,"importance":"city"}},{"type":"Feature","geometry":{"type":"Point","coordinates":[31.269,58.521]},"properties":{"id":"set_novgorod","name":"Novgorod","kind":"settlement","start_year":862,"end_year":1478,"importance":"capital"}},{"type":"Feature","geometry":{"type":"Point","coordinates":[1.8063,47.5345]},"properties":{"id":"set_noviodunum_500","name":"Noviodunum","kind":"settlement","start_year":500,"end_year":1500,"importance":"city"}},{"type":"Feature","geometry":{"type":"Point","coordinates":[-0.79,50.8351]},"properties":{"id":"set_noviomagus_500","name":"Noviomagus","kind":"settlement","start_year":500,"end_year":1500,"importance":"city"}},{"type":"Feature","geometry":{"type":"Point","coordinates":[6.8946,49.8525]},"properties":{"id":"set_noviomagus_treverorum_500","name":"Noviomagus Treverorum","kind":"settlement","start_year":500,"end_year":1500,"importance":"city"}},{"type":"Feature","geometry":{"type":"Point","coordinates":[0.5951,47.6036]},"properties":{"id":"set_novivicum_500","name":"*Novivicum","kind":"settlement","start_year":500,"end_year":1500,"importance":"city"}},{"type":"Feature","geometry":{"type":"Point","coordinates":[20.5167,43.15]},"properties":{"id":"set_novi_pazar_1461","name":"Novi Pazar","kind":"settlement","start_year":1461,"end_year":1500,"importance":"city"}},{"type":"Feature","geometry":{"type":"Point","coordinates":[40.5126,51.2221]},"properties":{"id":"set_novochigol_skie_kurgan_500","name":"Novochigol'skie kurgan","kind":"settlement","start_year":500,"end_year":1500,"importance":"city"}},{"type":"Feature","geometry":{"type":"Point","coordinates":[21.4252,42.5644]},"properties":{"id":"set_novo_brdo_500","name":"Novo Brdo","kind":"settlement","start_year":500,"end_year":1500,"importance":"city"}},{"type":"Feature","geometry":{"type":"Point","coordinates":[40.8126,43.0878]},"properties":{"id":"set_novyy_afon_300","name":"Novyy Afon","kind":"settlement","start_year":300,"end_year":1500,"importance":"city"}},{"type":"Feature","geometry":{"type":"Point","coordinates":[58.6555,51.2297]},"properties":{"id":"set_novyy_kumak_500","name":"Novyy Kumak","kind":"settlement","start_year":500,"end_year":1500,"importance":"city"}},{"type":"Feature","geometry":{"type":"Point","coordinates":[18.6392,48.4244]},"properties":{"id":"set_nov_ba_a_1337","name":"Nová Baňa","kind":"settlement","start_year":1337,"end_year":1500,"importance":"city"}},{"type":"Feature","geometry":{"type":"Point","coordinates":[17.8333,48.7833]},"properties":{"id":"set_nov_mesto_nad_v_hom_1253","name":"Nové Mesto nad Váhom","kind":"settlement","start_year":1253,"end_year":1500,"importance":"city"}},{"type":"Feature","geometry":{"type":"Point","coordinates":[20.6306,52.6561]},"properties":{"id":"set_nowe_miasto_1420","name":"Nowe Miasto","kind":"settlement","start_year":1420,"end_year":1500,"importance":"city"}},{"type":"Feature","geometry":{"type":"Point","coordinates":[20.5761,51.6194]},"properties":{"id":"set_nowe_miasto_nad_pilic_1400","name":"Nowe Miasto nad Pilicą","kind":"settlement","start_year":1400,"end_year":1500,"importance":"city"}},{"type":"Feature","geometry":{"type":"Point","coordinates":[32.7092,25.9406]},"properties":{"id":"set_nubt_500","name":"Nubt","kind":"settlement","start_year":500,"end_year":1500,"importance":"city"}},{"type":"Feature","geometry":{"type":"Point","coordinates":[15.4858,40.7525]},"properties":{"id":"set_numistro_500","name":"Numistro?","kind":"settlement","start_year":500,"end_year":1500,"importance":"city"}},{"type":"Feature","geometry":{"type":"Point","coordinates":[9.4094,41.0678]},"properties":{"id":"set_nuraghe_albucciu_500","name":"Nuraghe Albucciu","kind":"settlement","start_year":500,"end_year":1500,"importance":"city"}},{"type":"Feature","geometry":{"type":"Point","coordinates":[8.42,40.4455]},"properties":{"id":"set_nuraghe_appiu_500","name":"Nuraghe Appiu","kind":"settlement","start_year":500,"end_year":1500,"importance":"city"}},{"type":"Feature","geometry":{"type":"Point","coordinates":[8.4977,39.3924]},"properties":{"id":"set_nuragic_settlement_antas_500","name":"Nuragic settlement, Antas","kind":"settlement","start_year":500,"end_year":1500,"importance":"city"}},{"type":"Feature","geometry":{"type":"Point","coordinates":[11.077,49.453]},"properties":{"id":"set_nuremberg","name":"Nuremberg","kind":"settlement","start_year":1050,"end_year":1500,"importance":"town"}},{"type":"Feature","geometry":{"type":"Point","coordinates":[13.0964,42.7942]},"properties":{"id":"set_nursia_500","name":"Nursia","kind":"settlement","start_year":500,"end_year":1500,"importance":"city"}},{"type":"Feature","geometry":{"type":"Point","coordinates":[44.2548,35.3708]},"properties":{"id":"set_nuzi_500","name":"[Nuzi]","kind":"settlement","start_year":500,"end_year":1500,"importance":"city"}},{"type":"Feature","geometry":{"type":"Point","coordinates":[10.7917,55.3097]},"properties":{"id":"set_nyborg_1175","name":"Nyborg","kind":"settlement","start_year":1175,"end_year":1500,"importance":"city"}},{"type":"Feature","geometry":{"type":"Point","coordinates":[23.1401,36.4402]},"properties":{"id":"set_nymphaion_500","name":"Nymphaion","kind":"settlement","start_year":500,"end_year":1500,"importance":"city"}},{"type":"Feature","geometry":{"type":"Point","coordinates":[85.4435,25.1364]},"properties":{"id":"set_n_land_mahavihara_500","name":"Nālandā Mahavihara","kind":"settlement","start_year":500,"end_year":1500,"importance":"city"}},{"type":"Feature","geometry":{"type":"Point","coordinates":[17.25,53.2667]},"properties":{"id":"set_ob_enica_1398","name":"Łobżenica","kind":"settlement","start_year":1398,"end_year":1500,"importance":"city"}},{"type":"Feature","geometry":{"type":"Point","coordinates":[21.7,52.5333]},"properties":{"id":"set_och_w_1378","name":"Łochów","kind":"settlement","start_year":1378,"end_year":1500,"importance":"city"}},{"type":"Feature","geometry":{"type":"Point","coordinates":[23.8516,47.1147]},"properties":{"id":"set_ocna_dejului_500","name":"Ocna Dejului","kind":"settlement","start_year":500,"end_year":1500,"importance":"city"}},{"type":"Feature","geometry":{"type":"Point","coordinates":[43.1097,15.2539]},"properties":{"id":"set_odanda_500","name":"Odanda","kind":"settlement","start_year":500,"end_year":1500,"importance":"city"}},{"type":"Feature","geometry":{"type":"Point","coordinates":[10.3833,55.4]},"properties":{"id":"set_odense_1355","name":"Odense","kind":"settlement","start_year":1355,"end_year":1500,"importance":"city"}},{"type":"Feature","geometry":{"type":"Point","coordinates":[27.9135,43.2062]},"properties":{"id":"set_odessus_500","name":"Odessus","kind":"settlement","start_year":500,"end_year":1500,"importance":"city"}},{"type":"Feature","geometry":{"type":"Point","coordinates":[37.2733,55.6733]},"properties":{"id":"set_odintsovo_1470","name":"Odintsovo","kind":"settlement","start_year":1470,"end_year":1500,"importance":"city"}},{"type":"Feature","geometry":{"type":"Point","coordinates":[18.0175,53.891]},"properties":{"id":"set_odry_500","name":"Odry","kind":"settlement","start_year":500,"end_year":1500,"importance":"city"}},{"type":"Feature","geometry":{"type":"Point","coordinates":[15.0062,36.7124]},"properties":{"id":"set_odysseae_portus_500","name":"Odysseae Portus","kind":"settlement","start_year":500,"end_year":1500,"importance":"city"}},{"type":"Feature","geometry":{"type":"Point","coordinates":[10.3305,36.8587]},"properties":{"id":"set_od_on_at_carthage_500","name":"Odéon at Carthage","kind":"settlement","start_year":500,"end_year":698,"importance":"city"}},{"type":"Feature","geometry":{"type":"Point","coordinates":[13.1753,32.8976]},"properties":{"id":"set_oea_500","name":"Oea","kind":"settlement","start_year":500,"end_year":1500,"importance":"city"}},{"type":"Feature","geometry":{"type":"Point","coordinates":[16.4431,40.431]},"properties":{"id":"set_oenotri_500","name":"Oenotri","kind":"settlement","start_year":500,"end_year":1500,"importance":"city"}},{"type":"Feature","geometry":{"type":"Point","coordinates":[24.4661,43.7104]},"properties":{"id":"set_oescus_500","name":"Oescus","kind":"settlement","start_year":500,"end_year":1500,"importance":"city"}},{"type":"Feature","geometry":{"type":"Point","coordinates":[7.9408,48.4708]},"properties":{"id":"set_offenburg_1148","name":"Offenburg","kind":"settlement","start_year":1148,"end_year":1500,"importance":"city"}},{"type":"Feature","geometry":{"type":"Point","coordinates":[22.191,38.3421]},"properties":{"id":"set_oiantheia_euantheia_500","name":"Oiantheia/Euantheia?","kind":"settlement","start_year":500,"end_year":1500,"importance":"city"}},{"type":"Feature","geometry":{"type":"Point","coordinates":[-1.7892,43.3382]},"properties":{"id":"set_oiasso_500","name":"Oiasso","kind":"settlement","start_year":500,"end_year":1500,"importance":"city"}},{"type":"Feature","geometry":{"type":"Point","coordinates":[21.1964,38.4071]},"properties":{"id":"set_oiniadai_500","name":"Oiniadai","kind":"settlement","start_year":500,"end_year":1500,"importance":"city"}},{"type":"Feature","geometry":{"type":"Point","coordinates":[23.4498,38.1687]},"properties":{"id":"set_oinoe_attica_500","name":"Oinoe (Attica)","kind":"settlement","start_year":500,"end_year":1500,"importance":"city"}},{"type":"Feature","geometry":{"type":"Point","coordinates":[26.9684,39.2781]},"properties":{"id":"set_okcular_500","name":"Okcular","kind":"settlement","start_year":500,"end_year":1500,"importance":"city"}},{"type":"Feature","geometry":{"type":"Point","coordinates":[-4.0003,50.7377]},"properties":{"id":"set_okehampton_roman_fort_and_fortlet_500","name":"Okehampton Roman fort and fortlet","kind":"settlement","start_year":500,"end_year":1500,"importance":"city"}},{"type":"Feature","geometry":{"type":"Point","coordinates":[33.9691,36.5844]},"properties":{"id":"set_olba_500","name":"Olba","kind":"settlement","start_year":500,"end_year":1500,"importance":"city"}},{"type":"Feature","geometry":{"type":"Point","coordinates":[9.5004,40.923]},"properties":{"id":"set_olbia_500","name":"Olbia","kind":"settlement","start_year":500,"end_year":1500,"importance":"city"}},{"type":"Feature","geometry":{"type":"Point","coordinates":[-3.5571,51.043]},"properties":{"id":"set_oldberry_castle_500","name":"Oldberry Castle","kind":"settlement","start_year":500,"end_year":1500,"importance":"city"}},{"type":"Feature","geometry":{"type":"Point","coordinates":[-1.1159,53.3915]},"properties":{"id":"set_oldcoates_500","name":"Oldcoates","kind":"settlement","start_year":500,"end_year":1500,"importance":"city"}},{"type":"Feature","geometry":{"type":"Point","coordinates":[-1.5597,54.7787]},"properties":{"id":"set_old_durham_500","name":"Old Durham","kind":"settlement","start_year":500,"end_year":1500,"importance":"city"}},{"type":"Feature","geometry":{"type":"Point","coordinates":[9.4974,30.1329]},"properties":{"id":"set_old_town_of_ghadam_s_500","name":"Old Town of Ghadamès","kind":"settlement","start_year":500,"end_year":1500,"importance":"city"}},{"type":"Feature","geometry":{"type":"Point","coordinates":[21.7417,38.6991]},"properties":{"id":"set_olenon_500","name":"Olenon","kind":"settlement","start_year":500,"end_year":1500,"importance":"city"}},{"type":"Feature","geometry":{"type":"Point","coordinates":[18.4167,50.875]},"properties":{"id":"set_olesno_1226","name":"Olesno","kind":"settlement","start_year":1226,"end_year":1500,"importance":"city"}},{"type":"Feature","geometry":{"type":"Point","coordinates":[-7.1005,38.6827]},"properties":{"id":"set_olivenza_1228","name":"Olivenza","kind":"settlement","start_year":1228,"end_year":1500,"importance":"city"}},{"type":"Feature","geometry":{"type":"Point","coordinates":[7.3101,43.7042]},"properties":{"id":"set_olivula_500","name":"Olivula","kind":"settlement","start_year":500,"end_year":1500,"importance":"city"}},{"type":"Feature","geometry":{"type":"Point","coordinates":[17.2508,49.5939]},"properties":{"id":"set_olomouc_1017","name":"Olomouc","kind":"settlement","start_year":1017,"end_year":1500,"importance":"city"}},{"type":"Feature","geometry":{"type":"Point","coordinates":[32.9667,60.9833]},"properties":{"id":"set_olonets_1137","name":"Olonets","kind":"settlement","start_year":1137,"end_year":1500,"importance":"city"}},{"type":"Feature","geometry":{"type":"Point","coordinates":[7.9078,47.3533]},"properties":{"id":"set_olten_500","name":"Olten","kind":"settlement","start_year":500,"end_year":1500,"importance":"city"}},{"type":"Feature","geometry":{"type":"Point","coordinates":[33.3425,20.2404]},"properties":{"id":"set_omar_kabash_500","name":"Omar Kabash","kind":"settlement","start_year":500,"end_year":1500,"importance":"city"}},{"type":"Feature","geometry":{"type":"Point","coordinates":[14.1832,37.1901]},"properties":{"id":"set_omphake_500","name":"Omphake","kind":"settlement","start_year":500,"end_year":1500,"importance":"city"}},{"type":"Feature","geometry":{"type":"Point","coordinates":[36.642,32.9027]},"properties":{"id":"set_omra_500","name":"Omra","kind":"settlement","start_year":500,"end_year":1500,"importance":"city"}},{"type":"Feature","geometry":{"type":"Point","coordinates":[1.4059,47.0118]},"properties":{"id":"set_onia_500","name":"Onia","kind":"settlement","start_year":500,"end_year":1500,"importance":"city"}},{"type":"Feature","geometry":{"type":"Point","coordinates":[21.7675,39.4549]},"properties":{"id":"set_onthyrion_500","name":"Onthyrion","kind":"settlement","start_year":500,"end_year":1500,"importance":"city"}},{"type":"Feature","geometry":{"type":"Point","coordinates":[4.1039,51.9165]},"properties":{"id":"set_oostvoorne_500","name":"Oostvoorne","kind":"settlement","start_year":500,"end_year":1500,"importance":"city"}},{"type":"Feature","geometry":{"type":"Point","coordinates":[21.4247,50.805]},"properties":{"id":"set_opat_w_1282","name":"Opatów","kind":"settlement","start_year":1282,"end_year":1500,"importance":"city"}},{"type":"Feature","geometry":{"type":"Point","coordinates":[5.8022,51.1261]},"properties":{"id":"set_ophoven_500","name":"Ophoven","kind":"settlement","start_year":500,"end_year":1500,"importance":"city"}},{"type":"Feature","geometry":{"type":"Point","coordinates":[26.3378,40.0247]},"properties":{"id":"set_ophryneion_500","name":"Ophryneion","kind":"settlement","start_year":500,"end_year":1500,"importance":"city"}},{"type":"Feature","geometry":{"type":"Point","coordinates":[44.7015,33.1844]},"properties":{"id":"set_opis_500","name":"Opis","kind":"settlement","start_year":500,"end_year":1500,"importance":"city"}},{"type":"Feature","geometry":{"type":"Point","coordinates":[28.65,56.7167]},"properties":{"id":"set_opochka_1414","name":"Opochka","kind":"settlement","start_year":1414,"end_year":1500,"importance":"city"}},{"type":"Feature","geometry":{"type":"Point","coordinates":[20.2833,51.3833]},"properties":{"id":"set_opoczno_1400","name":"Opoczno","kind":"settlement","start_year":1400,"end_year":1500,"importance":"city"}},{"type":"Feature","geometry":{"type":"Point","coordinates":[17.9242,50.6667]},"properties":{"id":"set_opole_1217","name":"Opole","kind":"settlement","start_year":1217,"end_year":1500,"importance":"city"}},{"type":"Feature","geometry":{"type":"Point","coordinates":[51.2761,10.4161]},"properties":{"id":"set_opone_500","name":"Opone","kind":"settlement","start_year":500,"end_year":1500,"importance":"city"}},{"type":"Feature","geometry":{"type":"Point","coordinates":[-5.9028,35.0085]},"properties":{"id":"set_oppidum_novum_500","name":"Oppidum Novum","kind":"settlement","start_year":500,"end_year":1500,"importance":"city"}},{"type":"Feature","geometry":{"type":"Point","coordinates":[22.3169,41.6053]},"properties":{"id":"set_opur_500","name":"Šopur","kind":"settlement","start_year":500,"end_year":1500,"importance":"city"}},{"type":"Feature","geometry":{"type":"Point","coordinates":[21.9211,47.0722]},"properties":{"id":"set_oradea_1113","name":"Oradea","kind":"settlement","start_year":1113,"end_year":1500,"importance":"city"}},{"type":"Feature","geometry":{"type":"Point","coordinates":[1.2342,47.209]},"properties":{"id":"set_orbaniacum_500","name":"Orbaniacum","kind":"settlement","start_year":500,"end_year":1500,"importance":"city"}},{"type":"Feature","geometry":{"type":"Point","coordinates":[102.6339,47.4143]},"properties":{"id":"set_ordu_baliq_500","name":"Ordu-Baliq","kind":"settlement","start_year":500,"end_year":1500,"importance":"city"}},{"type":"Feature","geometry":{"type":"Point","coordinates":[14.2961,50.0201]},"properties":{"id":"set_orech_500","name":"Orech","kind":"settlement","start_year":500,"end_year":1500,"importance":"city"}},{"type":"Feature","geometry":{"type":"Point","coordinates":[-3.7257,38.7606]},"properties":{"id":"set_oretum_500","name":"Oretum","kind":"settlement","start_year":500,"end_year":1500,"importance":"city"}},{"type":"Feature","geometry":{"type":"Point","coordinates":[90,15]},"properties":{"id":"set_orientale_mare_gangeticus_sinus_eous_oceanus_500","name":"Orientale Mare/Gangeticus Sinus/Eous Oceanus","kind":"settlement","start_year":500,"end_year":1500,"importance":"city"}},{"type":"Feature","geometry":{"type":"Point","coordinates":[-6.0045,37.2739]},"properties":{"id":"set_orippo_500","name":"Orippo","kind":"settlement","start_year":500,"end_year":1500,"importance":"city"}},{"type":"Feature","geometry":{"type":"Point","coordinates":[48.8833,58.5333]},"properties":{"id":"set_orlov_1459","name":"Orlov","kind":"settlement","start_year":1459,"end_year":1500,"importance":"city"}},{"type":"Feature","geometry":{"type":"Point","coordinates":[27.2803,40.9143]},"properties":{"id":"set_ornoi_500","name":"Ornoi","kind":"settlement","start_year":500,"end_year":1500,"importance":"city"}},{"type":"Feature","geometry":{"type":"Point","coordinates":[5.8163,49.6838]},"properties":{"id":"set_orolaunum_500","name":"Orolaunum","kind":"settlement","start_year":500,"end_year":1500,"importance":"city"}},{"type":"Feature","geometry":{"type":"Point","coordinates":[20.9254,39.2712]},"properties":{"id":"set_orraon_horreum_500","name":"Orraon/Horreum","kind":"settlement","start_year":500,"end_year":1500,"importance":"city"}},{"type":"Feature","geometry":{"type":"Point","coordinates":[22.1931,39.7085]},"properties":{"id":"set_orthe_phalanna_500","name":"Orthe/Phalanna","kind":"settlement","start_year":500,"end_year":1500,"importance":"city"}},{"type":"Feature","geometry":{"type":"Point","coordinates":[35.1655,31.2092]},"properties":{"id":"set_orvat_uza_500","name":"Ḥorvat ʻUza","kind":"settlement","start_year":500,"end_year":1500,"importance":"city"}},{"type":"Feature","geometry":{"type":"Point","coordinates":[18.7006,50.045]},"properties":{"id":"set_ory_1272","name":"Żory","kind":"settlement","start_year":1272,"end_year":1500,"importance":"city"}},{"type":"Feature","geometry":{"type":"Point","coordinates":[10.7389,59.9133]},"properties":{"id":"set_oslo_1048","name":"Oslo","kind":"settlement","start_year":1048,"end_year":1500,"importance":"city"}},{"type":"Feature","geometry":{"type":"Point","coordinates":[-0.9887,53.1046]},"properties":{"id":"set_osmanthorpe_roman_vexillation_fortress_500","name":"Osmanthorpe Roman vexillation fortress","kind":"settlement","start_year":500,"end_year":1500,"importance":"city"}},{"type":"Feature","geometry":{"type":"Point","coordinates":[8.0431,52.2789]},"properties":{"id":"set_osnabr_ck_780","name":"Osnabrück","kind":"settlement","start_year":780,"end_year":1500,"importance":"city"}},{"type":"Feature","geometry":{"type":"Point","coordinates":[33.1,57.15]},"properties":{"id":"set_ostashkov_1301","name":"Ostashkov","kind":"settlement","start_year":1301,"end_year":1500,"importance":"city"}},{"type":"Feature","geometry":{"type":"Point","coordinates":[18.2925,49.8356]},"properties":{"id":"set_ostrava_1267","name":"Ostrava","kind":"settlement","start_year":1267,"end_year":1500,"importance":"city"}},{"type":"Feature","geometry":{"type":"Point","coordinates":[28.35,57.3333]},"properties":{"id":"set_ostrov_1341","name":"Ostrov","kind":"settlement","start_year":1341,"end_year":1500,"importance":"city"}},{"type":"Feature","geometry":{"type":"Point","coordinates":[22.855,51.4911]},"properties":{"id":"set_ostr_w_lubelski_1500","name":"Ostrów Lubelski","kind":"settlement","start_year":1500,"end_year":1500,"importance":"city"}},{"type":"Feature","geometry":{"type":"Point","coordinates":[17.1725,50.465]},"properties":{"id":"set_otmuch_w_1115","name":"Otmuchów","kind":"settlement","start_year":1115,"end_year":1500,"importance":"city"}},{"type":"Feature","geometry":{"type":"Point","coordinates":[-1.5275,12.3686]},"properties":{"id":"set_ouagadougou_1050","name":"Ouagadougou","kind":"settlement","start_year":1050,"end_year":1500,"importance":"city"}},{"type":"Feature","geometry":{"type":"Point","coordinates":[3.0046,51.1844]},"properties":{"id":"set_oudenburg_500","name":"Oudenburg","kind":"settlement","start_year":500,"end_year":1500,"importance":"city"}},{"type":"Feature","geometry":{"type":"Point","coordinates":[-6.8,33.93]},"properties":{"id":"set_oued_akrech_500","name":"Oued Akrech","kind":"settlement","start_year":500,"end_year":1500,"importance":"city"}},{"type":"Feature","geometry":{"type":"Point","coordinates":[-5.9339,33.8837]},"properties":{"id":"set_oued_beht_500","name":"Oued Beht","kind":"settlement","start_year":500,"end_year":1500,"importance":"city"}},{"type":"Feature","geometry":{"type":"Point","coordinates":[1.1874,36.1053]},"properties":{"id":"set_oued_sly_500","name":"Oued Sly","kind":"settlement","start_year":500,"end_year":1500,"importance":"city"}},{"type":"Feature","geometry":{"type":"Point","coordinates":[0.1985,48.0072]},"properties":{"id":"set_ouindinon_subdinnum_500","name":"Ouindinon/Subdinnum","kind":"settlement","start_year":500,"end_year":1500,"importance":"city"}},{"type":"Feature","geometry":{"type":"Point","coordinates":[1.4622,35.5433]},"properties":{"id":"set_oukki_500","name":"Oukki","kind":"settlement","start_year":500,"end_year":1500,"importance":"city"}},{"type":"Feature","geometry":{"type":"Point","coordinates":[4.7014,35.9652]},"properties":{"id":"set_ouled_agla_500","name":"Ouled Agla","kind":"settlement","start_year":500,"end_year":1500,"importance":"city"}},{"type":"Feature","geometry":{"type":"Point","coordinates":[80.4977,6.808]},"properties":{"id":"set_oulippada_500","name":"Oulippada?","kind":"settlement","start_year":500,"end_year":1500,"importance":"city"}},{"type":"Feature","geometry":{"type":"Point","coordinates":[14.0146,48.1734]},"properties":{"id":"set_ovilava_500","name":"Ovilava","kind":"settlement","start_year":500,"end_year":1500,"importance":"city"}},{"type":"Feature","geometry":{"type":"Point","coordinates":[-1.257,51.752]},"properties":{"id":"set_oxford","name":"Oxford","kind":"settlement","start_year":912,"end_year":1500,"importance":"town"}},{"type":"Feature","geometry":{"type":"Point","coordinates":[30.6517,28.5426]},"properties":{"id":"set_oxyrhynchus_pemje_500","name":"Oxyrhynchus/Pemje","kind":"settlement","start_year":500,"end_year":1500,"importance":"city"}},{"type":"Feature","geometry":{"type":"Point","coordinates":[30.9275,31.3582]},"properties":{"id":"set_pachnamounis_500","name":"Pachnamounis","kind":"settlement","start_year":500,"end_year":1500,"importance":"city"}},{"type":"Feature","geometry":{"type":"Point","coordinates":[31.4986,22.204]},"properties":{"id":"set_pachoras_500","name":"Pachoras","kind":"settlement","start_year":500,"end_year":1500,"importance":"city"}},{"type":"Feature","geometry":{"type":"Point","coordinates":[17.0064,50.4639]},"properties":{"id":"set_paczk_w_1254","name":"Paczków","kind":"settlement","start_year":1254,"end_year":1500,"importance":"city"}},{"type":"Feature","geometry":{"type":"Point","coordinates":[40.4668,25.9786]},"properties":{"id":"set_padakku_fadak_500","name":"Padakku/Fadak","kind":"settlement","start_year":500,"end_year":1500,"importance":"city"}},{"type":"Feature","geometry":{"type":"Point","coordinates":[66.7704,39.1425]},"properties":{"id":"set_padaytak_tepe_500","name":"Padaytak tepe","kind":"settlement","start_year":500,"end_year":1500,"importance":"city"}},{"type":"Feature","geometry":{"type":"Point","coordinates":[-3.0791,37.8854]},"properties":{"id":"set_pago_de_bru_el_500","name":"Pago de Bruñel","kind":"settlement","start_year":500,"end_year":1500,"importance":"city"}},{"type":"Feature","geometry":{"type":"Point","coordinates":[-4.1942,41.1045]},"properties":{"id":"set_pago_de_los_fetisones_500","name":"Pago de los Fetisones","kind":"settlement","start_year":500,"end_year":1500,"importance":"city"}},{"type":"Feature","geometry":{"type":"Point","coordinates":[8.4272,45.583]},"properties":{"id":"set_pagus_agaminus_500","name":"Pagus Agaminus","kind":"settlement","start_year":500,"end_year":1500,"importance":"city"}},{"type":"Feature","geometry":{"type":"Point","coordinates":[45.5833,35.1]},"properties":{"id":"set_paikuli_500","name":"Paikuli","kind":"settlement","start_year":500,"end_year":1500,"importance":"city"}},{"type":"Feature","geometry":{"type":"Point","coordinates":[18.0853,52.8018]},"properties":{"id":"set_pako_1243","name":"Pakość","kind":"settlement","start_year":1243,"end_year":1500,"importance":"city"}},{"type":"Feature","geometry":{"type":"Point","coordinates":[21.4188,38.3945]},"properties":{"id":"set_palaia_pleuron_500","name":"Palaia Pleuron","kind":"settlement","start_year":500,"end_year":1500,"importance":"city"}},{"type":"Feature","geometry":{"type":"Point","coordinates":[21.9034,38.9764]},"properties":{"id":"set_palaiokastro_500","name":"Palaiokastro","kind":"settlement","start_year":500,"end_year":1500,"importance":"city"}},{"type":"Feature","geometry":{"type":"Point","coordinates":[26.8553,37.7597]},"properties":{"id":"set_palaiomonastero_500","name":"Palaiomonastero","kind":"settlement","start_year":500,"end_year":1500,"importance":"city"}},{"type":"Feature","geometry":{"type":"Point","coordinates":[33.5887,44.8438]},"properties":{"id":"set_palakion_placia_500","name":"Palakion/Placia","kind":"settlement","start_year":500,"end_year":1500,"importance":"city"}},{"type":"Feature","geometry":{"type":"Point","coordinates":[-4.5312,42.0125]},"properties":{"id":"set_palantia_500","name":"Palantia","kind":"settlement","start_year":500,"end_year":1500,"importance":"city"}},{"type":"Feature","geometry":{"type":"Point","coordinates":[35.0653,39.7424]},"properties":{"id":"set_palatial_complex_at_pteria_500","name":"Palatial complex at Pteria","kind":"settlement","start_year":500,"end_year":1500,"importance":"city"}},{"type":"Feature","geometry":{"type":"Point","coordinates":[9.5739,45.3924]},"properties":{"id":"set_palazzo_pignano_500","name":"Palazzo Pignano","kind":"settlement","start_year":500,"end_year":1500,"importance":"city"}},{"type":"Feature","geometry":{"type":"Point","coordinates":[22.7879,39.5367]},"properties":{"id":"set_paleoskala_500","name":"Paleoskala","kind":"settlement","start_year":500,"end_year":1500,"importance":"city"}},{"type":"Feature","geometry":{"type":"Point","coordinates":[13.362,38.116]},"properties":{"id":"set_palermo","name":"Palermo","kind":"settlement","start_year":831,"end_year":1500,"importance":"capital"}},{"type":"Feature","geometry":{"type":"Point","coordinates":[14.6974,37.33]},"properties":{"id":"set_palike_500","name":"Palike","kind":"settlement","start_year":500,"end_year":1500,"importance":"city"}},{"type":"Feature","geometry":{"type":"Point","coordinates":[23.0612,32.3358]},"properties":{"id":"set_paliouros_500","name":"Paliouros","kind":"settlement","start_year":500,"end_year":1500,"importance":"city"}},{"type":"Feature","geometry":{"type":"Point","coordinates":[22.3314,37.4536]},"properties":{"id":"set_pallantion_500","name":"Pallantion","kind":"settlement","start_year":500,"end_year":1500,"importance":"city"}},{"type":"Feature","geometry":{"type":"Point","coordinates":[-5.2804,37.695]},"properties":{"id":"set_palma_500","name":"Palma","kind":"settlement","start_year":500,"end_year":1500,"importance":"city"}},{"type":"Feature","geometry":{"type":"Point","coordinates":[-6.8932,37.2278]},"properties":{"id":"set_palos_de_la_frontera_1322","name":"Palos de la Frontera","kind":"settlement","start_year":1322,"end_year":1500,"importance":"city"}},{"type":"Feature","geometry":{"type":"Point","coordinates":[39.9535,38.7022]},"properties":{"id":"set_palu_500","name":"Palu","kind":"settlement","start_year":500,"end_year":1500,"importance":"city"}},{"type":"Feature","geometry":{"type":"Point","coordinates":[-3.9876,42.2058]},"properties":{"id":"set_pampligua_500","name":"Pampligua","kind":"settlement","start_year":500,"end_year":1500,"importance":"city"}},{"type":"Feature","geometry":{"type":"Point","coordinates":[-1.6443,42.8128]},"properties":{"id":"set_pamplona_city_1423","name":"Pamplona city","kind":"settlement","start_year":1423,"end_year":1500,"importance":"city"}},{"type":"Feature","geometry":{"type":"Point","coordinates":[25.3503,36.4132]},"properties":{"id":"set_panaghia_koimisis_500","name":"Panaghia Koimisis","kind":"settlement","start_year":500,"end_year":1500,"importance":"city"}},{"type":"Feature","geometry":{"type":"Point","coordinates":[34.165,35.4784]},"properties":{"id":"set_panagia_kanakaria_500","name":"Panagia Kanakaria","kind":"settlement","start_year":500,"end_year":1500,"importance":"city"}},{"type":"Feature","geometry":{"type":"Point","coordinates":[66.8994,38.9611]},"properties":{"id":"set_panda_500","name":"Panda","kind":"settlement","start_year":500,"end_year":1500,"importance":"city"}},{"type":"Feature","geometry":{"type":"Point","coordinates":[16.1942,39.3088]},"properties":{"id":"set_pandosia_bruttium_500","name":"Pandosia (Bruttium)","kind":"settlement","start_year":500,"end_year":1500,"importance":"city"}},{"type":"Feature","geometry":{"type":"Point","coordinates":[67.6178,39.4855]},"properties":{"id":"set_panjakent_500","name":"Panjakent","kind":"settlement","start_year":500,"end_year":1500,"importance":"city"}},{"type":"Feature","geometry":{"type":"Point","coordinates":[22.7943,38.4953]},"properties":{"id":"set_panopeos_phanotis_500","name":"Panopeos/Phanotis","kind":"settlement","start_year":500,"end_year":1500,"importance":"city"}},{"type":"Feature","geometry":{"type":"Point","coordinates":[26.2764,36.5871]},"properties":{"id":"set_panormos_astypalaia_500","name":"Panormos (Astypalaia)","kind":"settlement","start_year":500,"end_year":1500,"importance":"city"}},{"type":"Feature","geometry":{"type":"Point","coordinates":[19.7886,40.0589]},"properties":{"id":"set_panormos_epirus_500","name":"Panormos (Epirus)","kind":"settlement","start_year":500,"end_year":1500,"importance":"city"}},{"type":"Feature","geometry":{"type":"Point","coordinates":[13.3524,38.1112]},"properties":{"id":"set_pan_h_ormus_500","name":"Pan(h)ormus","kind":"settlement","start_year":500,"end_year":1500,"importance":"city"}},{"type":"Feature","geometry":{"type":"Point","coordinates":[-7.6821,41.2835]},"properties":{"id":"set_pan_ias_500","name":"Panóias","kind":"settlement","start_year":500,"end_year":1500,"importance":"city"}},{"type":"Feature","geometry":{"type":"Point","coordinates":[32.8409,36.9189]},"properties":{"id":"set_papirion_papiriou_castellum_cherreos_eryma_500","name":"Papirion/Papiriou Castellum/Cherreos Eryma","kind":"settlement","start_year":500,"end_year":1500,"importance":"city"}},{"type":"Feature","geometry":{"type":"Point","coordinates":[27.2368,31.3501]},"properties":{"id":"set_paraetonium_ammonia_500","name":"Paraetonium/Ammonia","kind":"settlement","start_year":500,"end_year":1500,"importance":"city"}},{"type":"Feature","geometry":{"type":"Point","coordinates":[22.8667,51.6333]},"properties":{"id":"set_parczew_1401","name":"Parczew","kind":"settlement","start_year":1401,"end_year":1500,"importance":"city"}},{"type":"Feature","geometry":{"type":"Point","coordinates":[15.7792,50.0386]},"properties":{"id":"set_pardubice_1295","name":"Pardubice","kind":"settlement","start_year":1295,"end_year":1500,"importance":"city"}},{"type":"Feature","geometry":{"type":"Point","coordinates":[-3.6799,41.2847]},"properties":{"id":"set_paredes_de_los_mercados_500","name":"Paredes de los Mercados","kind":"settlement","start_year":500,"end_year":1500,"importance":"city"}},{"type":"Feature","geometry":{"type":"Point","coordinates":[32.8571,23.8975]},"properties":{"id":"set_parembole_500","name":"Parembole?","kind":"settlement","start_year":500,"end_year":1500,"importance":"city"}},{"type":"Feature","geometry":{"type":"Point","coordinates":[13.5949,45.2274]},"properties":{"id":"set_parentium_500","name":"Parentium","kind":"settlement","start_year":500,"end_year":1500,"importance":"city"}},{"type":"Feature","geometry":{"type":"Point","coordinates":[2.352,48.857]},"properties":{"id":"set_paris","name":"Paris","kind":"settlement","start_year":500,"end_year":1500,"importance":"capital"}},{"type":"Feature","geometry":{"type":"Point","coordinates":[27.0703,40.4237]},"properties":{"id":"set_parium_col_gemella_iulia_hadriana_500","name":"Parium/Col. Gemella Iulia *Hadriana","kind":"settlement","start_year":500,"end_year":1500,"importance":"city"}},{"type":"Feature","geometry":{"type":"Point","coordinates":[10.328,44.8015]},"properties":{"id":"set_parma_500","name":"Parma","kind":"settlement","start_year":500,"end_year":1500,"importance":"city"}},{"type":"Feature","geometry":{"type":"Point","coordinates":[25.1507,37.0858]},"properties":{"id":"set_paros_settlement_500","name":"Paros (settlement)","kind":"settlement","start_year":500,"end_year":1500,"importance":"city"}},{"type":"Feature","geometry":{"type":"Point","coordinates":[22.25,37.25]},"properties":{"id":"set_parrasia_500","name":"Parrasia","kind":"settlement","start_year":500,"end_year":1500,"importance":"city"}},{"type":"Feature","geometry":{"type":"Point","coordinates":[13.121,38.045]},"properties":{"id":"set_parthenicum_500","name":"Parthenicum","kind":"settlement","start_year":500,"end_year":1500,"importance":"city"}},{"type":"Feature","geometry":{"type":"Point","coordinates":[23.9633,38.4608]},"properties":{"id":"set_parthenion_500","name":"Parthenion","kind":"settlement","start_year":500,"end_year":1500,"importance":"city"}},{"type":"Feature","geometry":{"type":"Point","coordinates":[22.55,37.4667]},"properties":{"id":"set_parthenion_mountain_500","name":"Parthenion (mountain)","kind":"settlement","start_year":500,"end_year":1500,"importance":"city"}},{"type":"Feature","geometry":{"type":"Point","coordinates":[53.1743,30.1952]},"properties":{"id":"set_pasargadae_batrakatash_500","name":"Pasargadae/Batrakatash","kind":"settlement","start_year":500,"end_year":1500,"importance":"city"}},{"type":"Feature","geometry":{"type":"Point","coordinates":[20.7919,53.6511]},"properties":{"id":"set_pasym_1386","name":"Pasym","kind":"settlement","start_year":1386,"end_year":1500,"importance":"city"}},{"type":"Feature","geometry":{"type":"Point","coordinates":[68.0651,24.7224]},"properties":{"id":"set_patala_minnagar_500","name":"Patala/Minnagar","kind":"settlement","start_year":500,"end_year":1500,"importance":"city"}},{"type":"Feature","geometry":{"type":"Point","coordinates":[46.0041,31.3833]},"properties":{"id":"set_patib_ri_500","name":"Patibīri","kind":"settlement","start_year":500,"end_year":1500,"importance":"city"}},{"type":"Feature","geometry":{"type":"Point","coordinates":[85.137,25.594]},"properties":{"id":"set_patna_old","name":"Patna (Pataliputra)","kind":"settlement","start_year":500,"end_year":1200,"importance":"city"}},{"type":"Feature","geometry":{"type":"Point","coordinates":[12.7609,46.8376]},"properties":{"id":"set_patriasdorf_500","name":"Patriasdorf","kind":"settlement","start_year":500,"end_year":1500,"importance":"city"}},{"type":"Feature","geometry":{"type":"Point","coordinates":[75.816,15.9504]},"properties":{"id":"set_pattadakal_500","name":"Pattadakal","kind":"settlement","start_year":500,"end_year":1500,"importance":"city"}},{"type":"Feature","geometry":{"type":"Point","coordinates":[-8.7977,37.8336]},"properties":{"id":"set_patulus_portus_500","name":"Patulus Portus","kind":"settlement","start_year":500,"end_year":1500,"importance":"city"}},{"type":"Feature","geometry":{"type":"Point","coordinates":[8.7999,41.7115]},"properties":{"id":"set_pauka_500","name":"Pauka","kind":"settlement","start_year":500,"end_year":1500,"importance":"city"}},{"type":"Feature","geometry":{"type":"Point","coordinates":[-3.1686,37.2936]},"properties":{"id":"set_paulenca_500","name":"Paulenca","kind":"settlement","start_year":500,"end_year":1500,"importance":"city"}},{"type":"Feature","geometry":{"type":"Point","coordinates":[1.7979,43.2408]},"properties":{"id":"set_pauliacum_mon_500","name":"*Pauliacum, Mon.","kind":"settlement","start_year":500,"end_year":1500,"importance":"city"}},{"type":"Feature","geometry":{"type":"Point","coordinates":[25.2553,43.2501]},"properties":{"id":"set_pavlikeni_500","name":"Pavlikeni","kind":"settlement","start_year":500,"end_year":1500,"importance":"city"}},{"type":"Feature","geometry":{"type":"Point","coordinates":[38.65,55.7833]},"properties":{"id":"set_pavlovsky_posad_1328","name":"Pavlovsky Posad","kind":"settlement","start_year":1328,"end_year":1500,"importance":"city"}},{"type":"Feature","geometry":{"type":"Point","coordinates":[-7.8652,38.0156]},"properties":{"id":"set_pax_iulia_pax_augusta_col_pacensis_500","name":"Pax Iulia/Pax Augusta/Col. Pacensis","kind":"settlement","start_year":500,"end_year":1500,"importance":"city"}},{"type":"Feature","geometry":{"type":"Point","coordinates":[34.9516,40.3253]},"properties":{"id":"set_pazarl_h_y_k_500","name":"Pazarlı Höyük","kind":"settlement","start_year":500,"end_year":1500,"importance":"city"}},{"type":"Feature","geometry":{"type":"Point","coordinates":[47.1478,32.3939]},"properties":{"id":"set_pa_ime_500","name":"Pašime","kind":"settlement","start_year":500,"end_year":1500,"importance":"city"}},{"type":"Feature","geometry":{"type":"Point","coordinates":[27.6,57.8167]},"properties":{"id":"set_pechory_1473","name":"Pechory","kind":"settlement","start_year":1473,"end_year":1500,"importance":"city"}},{"type":"Feature","geometry":{"type":"Point","coordinates":[2.9566,43.0457]},"properties":{"id":"set_pech_maho_500","name":"Pech Maho","kind":"settlement","start_year":500,"end_year":1500,"importance":"city"}},{"type":"Feature","geometry":{"type":"Point","coordinates":[22.888,41.763]},"properties":{"id":"set_peh_evo_500","name":"Pehčevo","kind":"settlement","start_year":500,"end_year":1500,"importance":"city"}},{"type":"Feature","geometry":{"type":"Point","coordinates":[21.9265,39.5734]},"properties":{"id":"set_pelinna_ion_500","name":"Pelinna(ion)?","kind":"settlement","start_year":500,"end_year":1500,"importance":"city"}},{"type":"Feature","geometry":{"type":"Point","coordinates":[36.4024,35.4214]},"properties":{"id":"set_pella_apamea_500","name":"Pella/Apamea","kind":"settlement","start_year":500,"end_year":1500,"importance":"city"}},{"type":"Feature","geometry":{"type":"Point","coordinates":[32.5473,31.0428]},"properties":{"id":"set_pelusium_500","name":"Pelusium","kind":"settlement","start_year":500,"end_year":1500,"importance":"city"}},{"type":"Feature","geometry":{"type":"Point","coordinates":[14.25,53.3]},"properties":{"id":"set_penkun_1201","name":"Penkun","kind":"settlement","start_year":1201,"end_year":1500,"importance":"city"}},{"type":"Feature","geometry":{"type":"Point","coordinates":[-2.1455,52.694]},"properties":{"id":"set_pennocrucium_500","name":"Pennocrucium","kind":"settlement","start_year":500,"end_year":1500,"importance":"city"}},{"type":"Feature","geometry":{"type":"Point","coordinates":[-1.0659,45.8039]},"properties":{"id":"set_pepiron_villa_rustica_500","name":"Pepiron villa rustica","kind":"settlement","start_year":500,"end_year":1500,"importance":"city"}},{"type":"Feature","geometry":{"type":"Point","coordinates":[26.9697,36.9507]},"properties":{"id":"set_perakastro_500","name":"Perakastro","kind":"settlement","start_year":500,"end_year":1500,"importance":"city"}},{"type":"Feature","geometry":{"type":"Point","coordinates":[-6.3972,38.5707]},"properties":{"id":"set_perceiana_promptiana_500","name":"Perceiana/Promptiana?","kind":"settlement","start_year":500,"end_year":1500,"importance":"city"}},{"type":"Feature","geometry":{"type":"Point","coordinates":[33.6927,46.1616]},"properties":{"id":"set_perekop_500","name":"Perekop","kind":"settlement","start_year":500,"end_year":1500,"importance":"city"}},{"type":"Feature","geometry":{"type":"Point","coordinates":[38.8562,56.7381]},"properties":{"id":"set_pereslavl_zalessky_1152","name":"Pereslavl-Zalessky","kind":"settlement","start_year":1152,"end_year":1500,"importance":"city"}},{"type":"Feature","geometry":{"type":"Point","coordinates":[30.8533,36.9645]},"properties":{"id":"set_perge_500","name":"Perge","kind":"settlement","start_year":500,"end_year":1500,"importance":"city"}},{"type":"Feature","geometry":{"type":"Point","coordinates":[72.8596,19.0982]},"properties":{"id":"set_perimula_promontory_500","name":"Perimula (promontory)","kind":"settlement","start_year":500,"end_year":1500,"importance":"city"}},{"type":"Feature","geometry":{"type":"Point","coordinates":[78.9023,9.2726]},"properties":{"id":"set_periyapattinam_500","name":"Periyapattinam","kind":"settlement","start_year":500,"end_year":1500,"importance":"city"}},{"type":"Feature","geometry":{"type":"Point","coordinates":[24.5472,42.0573]},"properties":{"id":"set_peroushtitsa_500","name":"Peroushtitsa","kind":"settlement","start_year":500,"end_year":1500,"importance":"city"}},{"type":"Feature","geometry":{"type":"Point","coordinates":[25.471,41.715]},"properties":{"id":"set_perperakion_500","name":"Perperakion","kind":"settlement","start_year":500,"end_year":1500,"importance":"city"}},{"type":"Feature","geometry":{"type":"Point","coordinates":[78.4615,27.9944]},"properties":{"id":"set_persakra_500","name":"Persakra","kind":"settlement","start_year":500,"end_year":1500,"importance":"city"}},{"type":"Feature","geometry":{"type":"Point","coordinates":[33.5689,25.951]},"properties":{"id":"set_persou_bir_umm_fawakhir_500","name":"Persou (Bir Umm Fawakhir)","kind":"settlement","start_year":500,"end_year":1500,"importance":"city"}},{"type":"Feature","geometry":{"type":"Point","coordinates":[31.5836,39.3329]},"properties":{"id":"set_pessinous_iustinianoupolis_500","name":"Pessinous/Iustinianoupolis","kind":"settlement","start_year":500,"end_year":1500,"importance":"city"}},{"type":"Feature","geometry":{"type":"Point","coordinates":[-5.9982,42.0898]},"properties":{"id":"set_petavonium_500","name":"Petavonium","kind":"settlement","start_year":500,"end_year":1500,"importance":"city"}},{"type":"Feature","geometry":{"type":"Point","coordinates":[17.0511,39.2661]},"properties":{"id":"set_petelia_500","name":"Petelia","kind":"settlement","start_year":500,"end_year":1500,"importance":"city"}},{"type":"Feature","geometry":{"type":"Point","coordinates":[-0.2431,52.5725]},"properties":{"id":"set_peterborough_655","name":"Peterborough","kind":"settlement","start_year":655,"end_year":1500,"importance":"city"}},{"type":"Feature","geometry":{"type":"Point","coordinates":[22.2881,44.9779]},"properties":{"id":"set_petnic_500","name":"Petnic","kind":"settlement","start_year":500,"end_year":1500,"importance":"city"}},{"type":"Feature","geometry":{"type":"Point","coordinates":[25.0818,31.756]},"properties":{"id":"set_petras_megas_500","name":"Petras Megas","kind":"settlement","start_year":500,"end_year":1500,"importance":"city"}},{"type":"Feature","geometry":{"type":"Point","coordinates":[35.3827,30.345]},"properties":{"id":"set_petra_500","name":"Petra","kind":"settlement","start_year":500,"end_year":1500,"importance":"city"}},{"type":"Feature","geometry":{"type":"Point","coordinates":[2.1958,43.7015]},"properties":{"id":"set_petregontio_500","name":"Petregontio","kind":"settlement","start_year":500,"end_year":1500,"importance":"city"}},{"type":"Feature","geometry":{"type":"Point","coordinates":[33.6022,35.2314]},"properties":{"id":"set_petrera_500","name":"Petrera","kind":"settlement","start_year":500,"end_year":1500,"importance":"city"}},{"type":"Feature","geometry":{"type":"Point","coordinates":[1.4078,44.887]},"properties":{"id":"set_petroliaco_500","name":"Petroliaco","kind":"settlement","start_year":500,"end_year":1500,"importance":"city"}},{"type":"Feature","geometry":{"type":"Point","coordinates":[23.3738,45.412]},"properties":{"id":"set_petro_eni_500","name":"Petroşeni","kind":"settlement","start_year":500,"end_year":1500,"importance":"city"}},{"type":"Feature","geometry":{"type":"Point","coordinates":[-0.5906,53.6877]},"properties":{"id":"set_petuaria_500","name":"*Petuaria","kind":"settlement","start_year":500,"end_year":1500,"importance":"city"}},{"type":"Feature","geometry":{"type":"Point","coordinates":[71.6169,34.144]},"properties":{"id":"set_peukelaotis_kaspatyros_500","name":"Peukelaotis/Kaspatyros?","kind":"settlement","start_year":500,"end_year":1500,"importance":"city"}},{"type":"Feature","geometry":{"type":"Point","coordinates":[5.1055,44.9131]},"properties":{"id":"set_peyrus_500","name":"Peyrus","kind":"settlement","start_year":500,"end_year":1500,"importance":"city"}},{"type":"Feature","geometry":{"type":"Point","coordinates":[17.2661,48.2919]},"properties":{"id":"set_pezinok_1208","name":"Pezinok","kind":"settlement","start_year":1208,"end_year":1500,"importance":"city"}},{"type":"Feature","geometry":{"type":"Point","coordinates":[22.4572,47.1006]},"properties":{"id":"set_pe_ti_ii_500","name":"Peştiş II","kind":"settlement","start_year":500,"end_year":1500,"importance":"city"}},{"type":"Feature","geometry":{"type":"Point","coordinates":[11.0821,47.299]},"properties":{"id":"set_pfaffenhofen_500","name":"Pfaffenhofen","kind":"settlement","start_year":500,"end_year":1500,"importance":"city"}},{"type":"Feature","geometry":{"type":"Point","coordinates":[31.7974,30.727]},"properties":{"id":"set_phakoussa_500","name":"Phakoussa","kind":"settlement","start_year":500,"end_year":1500,"importance":"city"}},{"type":"Feature","geometry":{"type":"Point","coordinates":[13.1587,42.6173]},"properties":{"id":"set_phalacrinae_500","name":"Phalacrinae","kind":"settlement","start_year":500,"end_year":1500,"importance":"city"}},{"type":"Feature","geometry":{"type":"Point","coordinates":[37.1725,45.4044]},"properties":{"id":"set_phanagor_e_ia_island_500","name":"Phanagor(e)ia (island)","kind":"settlement","start_year":500,"end_year":1500,"importance":"city"}},{"type":"Feature","geometry":{"type":"Point","coordinates":[41.645,42.18]},"properties":{"id":"set_phasiane_theos_500","name":"Phasiane Theos","kind":"settlement","start_year":500,"end_year":1500,"importance":"city"}},{"type":"Feature","geometry":{"type":"Point","coordinates":[29.6622,36.2428]},"properties":{"id":"set_phellos_500","name":"Phellos","kind":"settlement","start_year":500,"end_year":1500,"importance":"city"}},{"type":"Feature","geometry":{"type":"Point","coordinates":[31.0803,29.4538]},"properties":{"id":"set_philadelpheia_500","name":"Philadelpheia","kind":"settlement","start_year":500,"end_year":1500,"importance":"city"}},{"type":"Feature","geometry":{"type":"Point","coordinates":[24.7495,42.1456]},"properties":{"id":"set_philippopolis_trimontium_500","name":"Philippopolis/Trimontium","kind":"settlement","start_year":500,"end_year":1500,"importance":"city"}},{"type":"Feature","geometry":{"type":"Point","coordinates":[13.9318,37.1]},"properties":{"id":"set_phintias_500","name":"Phintias","kind":"settlement","start_year":500,"end_year":1500,"importance":"city"}},{"type":"Feature","geometry":{"type":"Point","coordinates":[104.921,11.5696]},"properties":{"id":"set_phnom_penh_1372","name":"Phnom Penh","kind":"settlement","start_year":1372,"end_year":1500,"importance":"city"}},{"type":"Feature","geometry":{"type":"Point","coordinates":[20.0572,39.9131]},"properties":{"id":"set_phoinike_500","name":"Phoinike","kind":"settlement","start_year":500,"end_year":1500,"importance":"city"}},{"type":"Feature","geometry":{"type":"Point","coordinates":[22.9865,36.2483]},"properties":{"id":"set_phoinikous_500","name":"Phoinikous","kind":"settlement","start_year":500,"end_year":1500,"importance":"city"}},{"type":"Feature","geometry":{"type":"Point","coordinates":[24.0783,35.1992]},"properties":{"id":"set_phoinix_500","name":"Phoinix","kind":"settlement","start_year":500,"end_year":1500,"importance":"city"}},{"type":"Feature","geometry":{"type":"Point","coordinates":[21.1434,38.687]},"properties":{"id":"set_phoitiai_500","name":"Phoitiai","kind":"settlement","start_year":500,"end_year":1500,"importance":"city"}},{"type":"Feature","geometry":{"type":"Point","coordinates":[24.9199,36.6266]},"properties":{"id":"set_pholegandros_settlement_500","name":"Pholegandros (settlement)","kind":"settlement","start_year":500,"end_year":1500,"importance":"city"}},{"type":"Feature","geometry":{"type":"Point","coordinates":[-6.3535,36.7761]},"properties":{"id":"set_phosphoros_lux_dubia_sanctuary_500","name":"Phosphoros/Lux Dubia (sanctuary)","kind":"settlement","start_year":500,"end_year":1500,"importance":"city"}},{"type":"Feature","geometry":{"type":"Point","coordinates":[100.5761,14.3594]},"properties":{"id":"set_phra_nakhon_si_ayutthaya_1350","name":"Phra Nakhon Si Ayutthaya","kind":"settlement","start_year":1350,"end_year":1500,"importance":"city"}},{"type":"Feature","geometry":{"type":"Point","coordinates":[6.4062,36.3286]},"properties":{"id":"set_phua_500","name":"*Phua","kind":"settlement","start_year":500,"end_year":1500,"importance":"city"}},{"type":"Feature","geometry":{"type":"Point","coordinates":[22.7624,39.2893]},"properties":{"id":"set_phylake_500","name":"Phylake","kind":"settlement","start_year":500,"end_year":1500,"importance":"city"}},{"type":"Feature","geometry":{"type":"Point","coordinates":[22.1845,39.4119]},"properties":{"id":"set_phyllos_500","name":"Phyllos","kind":"settlement","start_year":500,"end_year":1500,"importance":"city"}},{"type":"Feature","geometry":{"type":"Point","coordinates":[18.95,50.3833]},"properties":{"id":"set_piekary_l_skie_1253","name":"Piekary Śląskie","kind":"settlement","start_year":1253,"end_year":1500,"importance":"city"}},{"type":"Feature","geometry":{"type":"Point","coordinates":[2.7119,46.5185]},"properties":{"id":"set_pierri_re_500","name":"Pierrière","kind":"settlement","start_year":500,"end_year":1500,"importance":"city"}},{"type":"Feature","geometry":{"type":"Point","coordinates":[17.8333,48.5833]},"properties":{"id":"set_pie_any_1113","name":"Piešťany","kind":"settlement","start_year":1113,"end_year":1500,"importance":"city"}},{"type":"Feature","geometry":{"type":"Point","coordinates":[34.8062,40.9781]},"properties":{"id":"set_pimolisa_500","name":"Pimolisa","kind":"settlement","start_year":500,"end_year":1500,"importance":"city"}},{"type":"Feature","geometry":{"type":"Point","coordinates":[29.252,36.4938]},"properties":{"id":"set_pinara_500","name":"Pinara","kind":"settlement","start_year":500,"end_year":1500,"importance":"city"}},{"type":"Feature","geometry":{"type":"Point","coordinates":[-3.4253,56.5404]},"properties":{"id":"set_pinnata_castra_500","name":"Pinnata Castra","kind":"settlement","start_year":500,"end_year":1500,"importance":"city"}},{"type":"Feature","geometry":{"type":"Point","coordinates":[26.1031,52.1153]},"properties":{"id":"set_pinsk_1097","name":"Pinsk","kind":"settlement","start_year":1097,"end_year":1500,"importance":"city"}},{"type":"Feature","geometry":{"type":"Point","coordinates":[20.2167,54.95]},"properties":{"id":"set_pionersky_1254","name":"Pionersky","kind":"settlement","start_year":1254,"end_year":1500,"importance":"city"}},{"type":"Feature","geometry":{"type":"Point","coordinates":[19.6833,51.4]},"properties":{"id":"set_piotrk_w_trybunalski_1217","name":"Piotrków Trybunalski","kind":"settlement","start_year":1217,"end_year":1500,"importance":"city"}},{"type":"Feature","geometry":{"type":"Point","coordinates":[13.6859,41.249]},"properties":{"id":"set_pirae_500","name":"Pirae","kind":"settlement","start_year":500,"end_year":1500,"importance":"city"}},{"type":"Feature","geometry":{"type":"Point","coordinates":[22.533,41.3322]},"properties":{"id":"set_pirava_500","name":"Pirava","kind":"settlement","start_year":500,"end_year":1500,"importance":"city"}},{"type":"Feature","geometry":{"type":"Point","coordinates":[24.1815,42.6997]},"properties":{"id":"set_pirdop_500","name":"Pirdop","kind":"settlement","start_year":500,"end_year":1500,"importance":"city"}},{"type":"Feature","geometry":{"type":"Point","coordinates":[10.401,43.722]},"properties":{"id":"set_pisa","name":"Pisa","kind":"settlement","start_year":900,"end_year":1406,"importance":"city"}},{"type":"Feature","geometry":{"type":"Point","coordinates":[24.592,40.9715]},"properties":{"id":"set_pistyros_500","name":"Pistyros","kind":"settlement","start_year":500,"end_year":1500,"importance":"city"}},{"type":"Feature","geometry":{"type":"Point","coordinates":[21.8125,53.6274]},"properties":{"id":"set_pisz_1367","name":"Pisz","kind":"settlement","start_year":1367,"end_year":1500,"importance":"city"}},{"type":"Feature","geometry":{"type":"Point","coordinates":[24.8833,44.8667]},"properties":{"id":"set_pite_ti_1388","name":"Pitești","kind":"settlement","start_year":1388,"end_year":1500,"importance":"city"}},{"type":"Feature","geometry":{"type":"Point","coordinates":[29.0615,41.1296]},"properties":{"id":"set_pitheci_portus_500","name":"Pitheci Portus","kind":"settlement","start_year":500,"end_year":1500,"importance":"city"}},{"type":"Feature","geometry":{"type":"Point","coordinates":[13.882,40.758]},"properties":{"id":"set_pithekoussai_settlement_500","name":"Pithekoussai (settlement)","kind":"settlement","start_year":500,"end_year":1500,"importance":"city"}},{"type":"Feature","geometry":{"type":"Point","coordinates":[26.6992,40.3467]},"properties":{"id":"set_pityoussa_lampsacus_500","name":"Pityoussa/Lampsacus","kind":"settlement","start_year":500,"end_year":1500,"importance":"city"}},{"type":"Feature","geometry":{"type":"Point","coordinates":[33.7702,36.1893]},"properties":{"id":"set_pityoussa_petrossa_island_500","name":"Pityoussa/Petrossa? (island)","kind":"settlement","start_year":500,"end_year":1500,"importance":"city"}},{"type":"Feature","geometry":{"type":"Point","coordinates":[20.7114,49.4353]},"properties":{"id":"set_piwniczna_zdr_j_1348","name":"Piwniczna-Zdrój","kind":"settlement","start_year":1348,"end_year":1500,"importance":"city"}},{"type":"Feature","geometry":{"type":"Point","coordinates":[9.6977,45.0526]},"properties":{"id":"set_placentia_500","name":"Placentia","kind":"settlement","start_year":500,"end_year":1500,"importance":"city"}},{"type":"Feature","geometry":{"type":"Point","coordinates":[10.853,34.7921]},"properties":{"id":"set_place_near_taparura_500","name":"Place near Taparura","kind":"settlement","start_year":500,"end_year":1500,"importance":"city"}},{"type":"Feature","geometry":{"type":"Point","coordinates":[2.5851,49.1031]},"properties":{"id":"set_plailly_500","name":"Plailly","kind":"settlement","start_year":500,"end_year":1500,"importance":"city"}},{"type":"Feature","geometry":{"type":"Point","coordinates":[27.0094,39.6218]},"properties":{"id":"set_plakos_mountain_500","name":"Plakos (mountain)","kind":"settlement","start_year":500,"end_year":1500,"importance":"city"}},{"type":"Feature","geometry":{"type":"Point","coordinates":[0.2298,38.7552]},"properties":{"id":"set_planesia_island_500","name":"Planesia (island)","kind":"settlement","start_year":500,"end_year":1500,"importance":"city"}},{"type":"Feature","geometry":{"type":"Point","coordinates":[22.1036,39.5899]},"properties":{"id":"set_platia_magoula_zarkou_500","name":"Platia Magoula Zarkou","kind":"settlement","start_year":500,"end_year":1500,"importance":"city"}},{"type":"Feature","geometry":{"type":"Point","coordinates":[0.3931,51.8034]},"properties":{"id":"set_pleshey_500","name":"Pleshey","kind":"settlement","start_year":500,"end_year":1500,"importance":"city"}},{"type":"Feature","geometry":{"type":"Point","coordinates":[41.5,57.45]},"properties":{"id":"set_plyos_1410","name":"Plyos","kind":"settlement","start_year":1410,"end_year":1500,"importance":"city"}},{"type":"Feature","geometry":{"type":"Point","coordinates":[13.3825,49.7414]},"properties":{"id":"set_plze_1295","name":"Plzeň","kind":"settlement","start_year":1295,"end_year":1500,"importance":"city"}},{"type":"Feature","geometry":{"type":"Point","coordinates":[16.2564,52.5089]},"properties":{"id":"set_pniewy_1256","name":"Pniewy","kind":"settlement","start_year":1256,"end_year":1500,"importance":"city"}},{"type":"Feature","geometry":{"type":"Point","coordinates":[17.2671,52.4779]},"properties":{"id":"set_pobiedziska_1048","name":"Pobiedziska","kind":"settlement","start_year":1048,"end_year":1500,"importance":"city"}},{"type":"Feature","geometry":{"type":"Point","coordinates":[-1.5144,42.7788]},"properties":{"id":"set_poblado_de_irulegui_500","name":"Poblado de Irulegui","kind":"settlement","start_year":500,"end_year":1500,"importance":"city"}},{"type":"Feature","geometry":{"type":"Point","coordinates":[30.0503,36.6855]},"properties":{"id":"set_podalia_500","name":"Podalia","kind":"settlement","start_year":500,"end_year":1500,"importance":"city"}},{"type":"Feature","geometry":{"type":"Point","coordinates":[20.5308,49.2572]},"properties":{"id":"set_podol_nec_1244","name":"Podolínec","kind":"settlement","start_year":1244,"end_year":1500,"importance":"city"}},{"type":"Feature","geometry":{"type":"Point","coordinates":[79.8198,11.9023]},"properties":{"id":"set_podouke_arikamedu_500","name":"Podouke/Arikamedu","kind":"settlement","start_year":500,"end_year":1500,"importance":"city"}},{"type":"Feature","geometry":{"type":"Point","coordinates":[15.87,46.42]},"properties":{"id":"set_poetovio_500","name":"Poetovio","kind":"settlement","start_year":500,"end_year":1500,"importance":"city"}},{"type":"Feature","geometry":{"type":"Point","coordinates":[11.1483,43.465]},"properties":{"id":"set_poggibonsi_500","name":"Poggibonsi","kind":"settlement","start_year":500,"end_year":1500,"importance":"city"}},{"type":"Feature","geometry":{"type":"Point","coordinates":[10.9235,43.5353]},"properties":{"id":"set_poggio_all_aglione_500","name":"Poggio all'Aglione","kind":"settlement","start_year":500,"end_year":1500,"importance":"city"}},{"type":"Feature","geometry":{"type":"Point","coordinates":[11.3953,43.1623]},"properties":{"id":"set_poggio_civitate_murlo_500","name":"Poggio Civitate (Murlo)","kind":"settlement","start_year":500,"end_year":1500,"importance":"city"}},{"type":"Feature","geometry":{"type":"Point","coordinates":[11.4827,43.0353]},"properties":{"id":"set_poggio_civitella_500","name":"Poggio Civitella","kind":"settlement","start_year":500,"end_year":1500,"importance":"city"}},{"type":"Feature","geometry":{"type":"Point","coordinates":[10.4896,42.9859]},"properties":{"id":"set_poggio_del_molino_500","name":"Poggio del Molino","kind":"settlement","start_year":500,"end_year":1500,"importance":"city"}},{"type":"Feature","geometry":{"type":"Point","coordinates":[11.8042,42.643]},"properties":{"id":"set_poggio_evangelista_500","name":"Poggio Evangelista","kind":"settlement","start_year":500,"end_year":1500,"importance":"city"}},{"type":"Feature","geometry":{"type":"Point","coordinates":[11.3602,43.4812]},"properties":{"id":"set_poggio_la_croce_500","name":"Poggio La Croce","kind":"settlement","start_year":500,"end_year":1500,"importance":"city"}},{"type":"Feature","geometry":{"type":"Point","coordinates":[23.0077,46.1393]},"properties":{"id":"set_poiana_500","name":"Poiana","kind":"settlement","start_year":500,"end_year":1500,"importance":"city"}},{"type":"Feature","geometry":{"type":"Point","coordinates":[13.8411,44.8696]},"properties":{"id":"set_pola_500","name":"Pola","kind":"settlement","start_year":500,"end_year":1500,"importance":"city"}},{"type":"Feature","geometry":{"type":"Point","coordinates":[37.5002,41.0309]},"properties":{"id":"set_polemonion_side_500","name":"Polemonion/Side","kind":"settlement","start_year":500,"end_year":1500,"importance":"city"}},{"type":"Feature","geometry":{"type":"Point","coordinates":[21.1,54.8667]},"properties":{"id":"set_polessk_1258","name":"Polessk","kind":"settlement","start_year":1258,"end_year":1500,"importance":"city"}},{"type":"Feature","geometry":{"type":"Point","coordinates":[14.5708,53.55]},"properties":{"id":"set_police_1260","name":"Police","kind":"settlement","start_year":1260,"end_year":1500,"importance":"city"}},{"type":"Feature","geometry":{"type":"Point","coordinates":[14.0002,37.8124]},"properties":{"id":"set_polizzi_generosa_500","name":"Polizzi Generosa","kind":"settlement","start_year":500,"end_year":1500,"importance":"city"}},{"type":"Feature","geometry":{"type":"Point","coordinates":[14.1036,42.2891]},"properties":{"id":"set_pollition_500","name":"Pollition","kind":"settlement","start_year":500,"end_year":1500,"importance":"city"}},{"type":"Feature","geometry":{"type":"Point","coordinates":[81.0013,7.9475]},"properties":{"id":"set_polonnaruwa_500","name":"Polonnaruwa","kind":"settlement","start_year":500,"end_year":1500,"importance":"city"}},{"type":"Feature","geometry":{"type":"Point","coordinates":[19.7975,48.4306]},"properties":{"id":"set_polt_r_1330","name":"Poltár","kind":"settlement","start_year":1330,"end_year":1500,"importance":"city"}},{"type":"Feature","geometry":{"type":"Point","coordinates":[23.6564,35.4586]},"properties":{"id":"set_polyrrenia_500","name":"Polyrrenia","kind":"settlement","start_year":500,"end_year":1500,"importance":"city"}},{"type":"Feature","geometry":{"type":"Point","coordinates":[47.7128,33.1524]},"properties":{"id":"set_pol_e_dokhtar_500","name":"Pol-e Dokhtar","kind":"settlement","start_year":500,"end_year":1500,"importance":"city"}},{"type":"Feature","geometry":{"type":"Point","coordinates":[-3.2322,50.787]},"properties":{"id":"set_pomeroy_wood_500","name":"Pomeroy Wood","kind":"settlement","start_year":500,"end_year":1500,"importance":"city"}},{"type":"Feature","geometry":{"type":"Point","coordinates":[3.7107,50.4612]},"properties":{"id":"set_pommeroeul_500","name":"Pommeroeul","kind":"settlement","start_year":500,"end_year":1500,"importance":"city"}},{"type":"Feature","geometry":{"type":"Point","coordinates":[0.6162,44.6211]},"properties":{"id":"set_pompegiaco_500","name":"Pompegiaco","kind":"settlement","start_year":500,"end_year":1500,"importance":"city"}},{"type":"Feature","geometry":{"type":"Point","coordinates":[0.183,44.4371]},"properties":{"id":"set_pompeiacum_vernemetis_500","name":"Pompeiacum/Vernemetis","kind":"settlement","start_year":500,"end_year":1500,"importance":"city"}},{"type":"Feature","geometry":{"type":"Point","coordinates":[34.2141,41.5184]},"properties":{"id":"set_pompeiopolis_sebaste_500","name":"Pompeiopolis/Sebaste","kind":"settlement","start_year":500,"end_year":1500,"importance":"city"}},{"type":"Feature","geometry":{"type":"Point","coordinates":[16.8087,51.7634]},"properties":{"id":"set_poniec_1108","name":"Poniec","kind":"settlement","start_year":1108,"end_year":1500,"importance":"city"}},{"type":"Feature","geometry":{"type":"Point","coordinates":[5.1101,46.9238]},"properties":{"id":"set_pons_dubris_500","name":"Pons Dubris","kind":"settlement","start_year":500,"end_year":1500,"importance":"city"}},{"type":"Feature","geometry":{"type":"Point","coordinates":[-0.511,51.434]},"properties":{"id":"set_pontes_500","name":"Pontes","kind":"settlement","start_year":500,"end_year":1500,"importance":"city"}},{"type":"Feature","geometry":{"type":"Point","coordinates":[-7.4671,41.7383]},"properties":{"id":"set_ponte_de_trajano_500","name":"Ponte de Trajano","kind":"settlement","start_year":500,"end_year":1500,"importance":"city"}},{"type":"Feature","geometry":{"type":"Point","coordinates":[8.9789,40.6142]},"properties":{"id":"set_ponte_ezzu_500","name":"Ponte Ezzu","kind":"settlement","start_year":500,"end_year":1500,"importance":"city"}},{"type":"Feature","geometry":{"type":"Point","coordinates":[12.7378,42.7401]},"properties":{"id":"set_ponte_sanguinario_at_spoletium_500","name":"\"Ponte Sanguinario\" at Spoletium","kind":"settlement","start_year":500,"end_year":1500,"importance":"city"}},{"type":"Feature","geometry":{"type":"Point","coordinates":[1.2438,41.146]},"properties":{"id":"set_pont_del_diable_aqueduct_500","name":"Pont del Diable (aqueduct)","kind":"settlement","start_year":500,"end_year":1500,"importance":"city"}},{"type":"Feature","geometry":{"type":"Point","coordinates":[4.5353,43.9473]},"properties":{"id":"set_pont_du_gard_500","name":"Pont du Gard","kind":"settlement","start_year":500,"end_year":1500,"importance":"city"}},{"type":"Feature","geometry":{"type":"Point","coordinates":[-3.5521,48.2998]},"properties":{"id":"set_pont_gaulois_dit_de_sainte_catherine_500","name":"Pont gaulois dit de Sainte-Catherine","kind":"settlement","start_year":500,"end_year":1500,"importance":"city"}},{"type":"Feature","geometry":{"type":"Point","coordinates":[20.3,49.05]},"properties":{"id":"set_poprad_1250","name":"Poprad","kind":"settlement","start_year":1250,"end_year":1500,"importance":"city"}},{"type":"Feature","geometry":{"type":"Point","coordinates":[29.55,57.7667]},"properties":{"id":"set_porkhov_1239","name":"Porkhov","kind":"settlement","start_year":1239,"end_year":1500,"importance":"city"}},{"type":"Feature","geometry":{"type":"Point","coordinates":[23.157,47.1792]},"properties":{"id":"set_porolissum_500","name":"Porolissum","kind":"settlement","start_year":500,"end_year":1500,"importance":"city"}},{"type":"Feature","geometry":{"type":"Point","coordinates":[25.3254,41.1284]},"properties":{"id":"set_porsulae_maximianopolis_500","name":"*Porsulae/Maximianopolis","kind":"settlement","start_year":500,"end_year":1500,"importance":"city"}},{"type":"Feature","geometry":{"type":"Point","coordinates":[10.8584,43.4009]},"properties":{"id":"set_porta_all_arco_500","name":"Porta all'Arco","kind":"settlement","start_year":500,"end_year":1500,"importance":"city"}},{"type":"Feature","geometry":{"type":"Point","coordinates":[12.3539,42.3005]},"properties":{"id":"set_porta_di_giove_falerii_500","name":"Porta di Giove, Falerii","kind":"settlement","start_year":500,"end_year":1500,"importance":"city"}},{"type":"Feature","geometry":{"type":"Point","coordinates":[13.5668,42.8547]},"properties":{"id":"set_porta_gemina_at_asculum_500","name":"Porta Gemina at Asculum","kind":"settlement","start_year":500,"end_year":1500,"importance":"city"}},{"type":"Feature","geometry":{"type":"Point","coordinates":[14.9964,40.4212]},"properties":{"id":"set_porta_marina_tower_of_poseidonia_paestum_500","name":"Porta Marina tower of Poseidonia/Paestum","kind":"settlement","start_year":500,"end_year":1500,"importance":"city"}},{"type":"Feature","geometry":{"type":"Point","coordinates":[6.644,49.7596]},"properties":{"id":"set_porta_nigra_500","name":"Porta Nigra","kind":"settlement","start_year":500,"end_year":1500,"importance":"city"}},{"type":"Feature","geometry":{"type":"Point","coordinates":[7.6848,45.075]},"properties":{"id":"set_porta_palatina_500","name":"Porta Palatina","kind":"settlement","start_year":500,"end_year":1500,"importance":"city"}},{"type":"Feature","geometry":{"type":"Point","coordinates":[7.3233,45.7379]},"properties":{"id":"set_porta_praetoria_at_aosta_500","name":"Porta Praetoria at Aosta","kind":"settlement","start_year":500,"end_year":1500,"importance":"city"}},{"type":"Feature","geometry":{"type":"Point","coordinates":[16.0574,48.3332]},"properties":{"id":"set_porta_principalis_dextra_tulln_500","name":"Porta Principalis Dextra, Tulln","kind":"settlement","start_year":500,"end_year":1500,"importance":"city"}},{"type":"Feature","geometry":{"type":"Point","coordinates":[-1.6997,49.3344]},"properties":{"id":"set_portbail_500","name":"Portbail","kind":"settlement","start_year":500,"end_year":1500,"importance":"city"}},{"type":"Feature","geometry":{"type":"Point","coordinates":[-1.1141,50.8372]},"properties":{"id":"set_portchester_castle_500","name":"Portchester Castle","kind":"settlement","start_year":500,"end_year":1500,"importance":"city"}},{"type":"Feature","geometry":{"type":"Point","coordinates":[4.022,44.2701]},"properties":{"id":"set_portes_500","name":"Portes","kind":"settlement","start_year":500,"end_year":1500,"importance":"city"}},{"type":"Feature","geometry":{"type":"Point","coordinates":[-0.1851,43.5784]},"properties":{"id":"set_portet_500","name":"Portet","kind":"settlement","start_year":500,"end_year":1500,"importance":"city"}},{"type":"Feature","geometry":{"type":"Point","coordinates":[6.7321,43.4329]},"properties":{"id":"set_porte_des_gaules_500","name":"Porte des Gaules","kind":"settlement","start_year":500,"end_year":1500,"importance":"city"}},{"type":"Feature","geometry":{"type":"Point","coordinates":[4.3577,43.8327]},"properties":{"id":"set_porte_de_france_nemausus_500","name":"Porte de France, Nemausus","kind":"settlement","start_year":500,"end_year":1500,"importance":"city"}},{"type":"Feature","geometry":{"type":"Point","coordinates":[36.5846,45.4039]},"properties":{"id":"set_porthmia_500","name":"Porthmia","kind":"settlement","start_year":500,"end_year":1500,"importance":"city"}},{"type":"Feature","geometry":{"type":"Point","coordinates":[9.5783,39.698]},"properties":{"id":"set_porticenses_500","name":"Porticenses","kind":"settlement","start_year":500,"end_year":1500,"importance":"city"}},{"type":"Feature","geometry":{"type":"Point","coordinates":[17.8976,40.2624]},"properties":{"id":"set_porto_cesareo_500","name":"Porto Cesareo","kind":"settlement","start_year":500,"end_year":1500,"importance":"city"}},{"type":"Feature","geometry":{"type":"Point","coordinates":[-7.973,38.4293]},"properties":{"id":"set_porto_da_cal_adinha_500","name":"Porto da Calçadinha","kind":"settlement","start_year":500,"end_year":1500,"importance":"city"}},{"type":"Feature","geometry":{"type":"Point","coordinates":[-8.6866,39.129]},"properties":{"id":"set_porto_do_sabugueiro_500","name":"Porto do Sabugueiro","kind":"settlement","start_year":500,"end_year":1500,"importance":"city"}},{"type":"Feature","geometry":{"type":"Point","coordinates":[14.9328,40.2679]},"properties":{"id":"set_porto_romano_500","name":"Porto romano","kind":"settlement","start_year":500,"end_year":1500,"importance":"city"}},{"type":"Feature","geometry":{"type":"Point","coordinates":[15.0289,44.0222]},"properties":{"id":"set_portunata_island_500","name":"Portunata (island)","kind":"settlement","start_year":500,"end_year":1500,"importance":"city"}},{"type":"Feature","geometry":{"type":"Point","coordinates":[-2.7126,43.4068]},"properties":{"id":"set_portuondo_500","name":"Portuondo","kind":"settlement","start_year":500,"end_year":1500,"importance":"city"}},{"type":"Feature","geometry":{"type":"Point","coordinates":[8.7044,48.8934]},"properties":{"id":"set_portus_500","name":"*Portus","kind":"settlement","start_year":500,"end_year":1500,"importance":"city"}},{"type":"Feature","geometry":{"type":"Point","coordinates":[-4.042,43.4265]},"properties":{"id":"set_portus_blendium_500","name":"Portus Blendium","kind":"settlement","start_year":500,"end_year":1500,"importance":"city"}},{"type":"Feature","geometry":{"type":"Point","coordinates":[-0.6373,35.7051]},"properties":{"id":"set_portus_divinus_500","name":"Portus Divinus","kind":"settlement","start_year":500,"end_year":1500,"importance":"city"}},{"type":"Feature","geometry":{"type":"Point","coordinates":[1.3075,51.123]},"properties":{"id":"set_portus_dubris_500","name":"Portus Dubris","kind":"settlement","start_year":500,"end_year":1500,"importance":"city"}},{"type":"Feature","geometry":{"type":"Point","coordinates":[12.0758,45.2735]},"properties":{"id":"set_portus_edronis_500","name":"Portus Edronis","kind":"settlement","start_year":500,"end_year":1500,"importance":"city"}},{"type":"Feature","geometry":{"type":"Point","coordinates":[1.0211,51.0685]},"properties":{"id":"set_portus_lemanis_500","name":"Portus Lemanis","kind":"settlement","start_year":500,"end_year":1500,"importance":"city"}},{"type":"Feature","geometry":{"type":"Point","coordinates":[9.7472,40.6179]},"properties":{"id":"set_portus_luguidonis_500","name":"Portus Luguidonis","kind":"settlement","start_year":500,"end_year":1500,"importance":"city"}},{"type":"Feature","geometry":{"type":"Point","coordinates":[-0.266,35.8079]},"properties":{"id":"set_portus_magnus_500","name":"Portus Magnus","kind":"settlement","start_year":500,"end_year":1500,"importance":"city"}},{"type":"Feature","geometry":{"type":"Point","coordinates":[10.3478,43.6797]},"properties":{"id":"set_portus_pisanus_500","name":"Portus Pisanus?","kind":"settlement","start_year":500,"end_year":1500,"importance":"city"}},{"type":"Feature","geometry":{"type":"Point","coordinates":[12.9091,45.618]},"properties":{"id":"set_portus_reatinus_500","name":"Portus Reatinus","kind":"settlement","start_year":500,"end_year":1500,"importance":"city"}},{"type":"Feature","geometry":{"type":"Point","coordinates":[-1.4675,35.2969]},"properties":{"id":"set_portus_sigensis_500","name":"Portus Sigensis","kind":"settlement","start_year":500,"end_year":1500,"importance":"city"}},{"type":"Feature","geometry":{"type":"Point","coordinates":[-0.2559,39.1651]},"properties":{"id":"set_portus_sucronis_500","name":"Portus Sucronis","kind":"settlement","start_year":500,"end_year":1500,"importance":"city"}},{"type":"Feature","geometry":{"type":"Point","coordinates":[3.1077,42.5206]},"properties":{"id":"set_portus_veneris_500","name":"Portus Veneris","kind":"settlement","start_year":500,"end_year":1500,"importance":"city"}},{"type":"Feature","geometry":{"type":"Point","coordinates":[-4.4014,43.3881]},"properties":{"id":"set_portus_veseiasueca_500","name":"Portus Veseiasueca","kind":"settlement","start_year":500,"end_year":1500,"importance":"city"}},{"type":"Feature","geometry":{"type":"Point","coordinates":[-3.808,43.4608]},"properties":{"id":"set_portus_victoriae_iuliobrigensium_500","name":"Portus Victoriae Iuliobrigensium","kind":"settlement","start_year":500,"end_year":1500,"importance":"city"}},{"type":"Feature","geometry":{"type":"Point","coordinates":[1.7477,50.1517]},"properties":{"id":"set_port_le_grand_500","name":"Port-le-Grand","kind":"settlement","start_year":500,"end_year":1500,"importance":"city"}},{"type":"Feature","geometry":{"type":"Point","coordinates":[0.1909,44.8271]},"properties":{"id":"set_port_sainte_foy_500","name":"Port-Sainte-Foy","kind":"settlement","start_year":500,"end_year":1500,"importance":"city"}},{"type":"Feature","geometry":{"type":"Point","coordinates":[0.3833,44.2746]},"properties":{"id":"set_port_sainte_marie_500","name":"Port-Sainte-Marie","kind":"settlement","start_year":500,"end_year":1500,"importance":"city"}},{"type":"Feature","geometry":{"type":"Point","coordinates":[6.0454,47.6877]},"properties":{"id":"set_port_sur_sa_ne_500","name":"Port-sur-Saône","kind":"settlement","start_year":500,"end_year":1500,"importance":"city"}},{"type":"Feature","geometry":{"type":"Point","coordinates":[26.6406,39.3622]},"properties":{"id":"set_por_d_oselene_island_500","name":"Por(d)oselene (island)","kind":"settlement","start_year":500,"end_year":1500,"importance":"city"}},{"type":"Feature","geometry":{"type":"Point","coordinates":[12.1044,41.933]},"properties":{"id":"set_posta_vecchia_500","name":"Posta Vecchia","kind":"settlement","start_year":500,"end_year":1500,"importance":"city"}},{"type":"Feature","geometry":{"type":"Point","coordinates":[13.6673,43.4198]},"properties":{"id":"set_potentia_500","name":"Potentia","kind":"settlement","start_year":500,"end_year":1500,"importance":"city"}},{"type":"Feature","geometry":{"type":"Point","coordinates":[41.6667,42.15]},"properties":{"id":"set_poti_601","name":"Poti","kind":"settlement","start_year":601,"end_year":1500,"importance":"city"}},{"type":"Feature","geometry":{"type":"Point","coordinates":[-5.7578,38.0424]},"properties":{"id":"set_potos_500","name":"Potosí","kind":"settlement","start_year":500,"end_year":1500,"importance":"city"}},{"type":"Feature","geometry":{"type":"Point","coordinates":[18.8733,43.4789]},"properties":{"id":"set_potpe_500","name":"Potpeć","kind":"settlement","start_year":500,"end_year":1500,"importance":"city"}},{"type":"Feature","geometry":{"type":"Point","coordinates":[-9.14,53.0487]},"properties":{"id":"set_poulnabrone_dolmen_500","name":"Poulnabrone dolmen","kind":"settlement","start_year":500,"end_year":1500,"importance":"city"}},{"type":"Feature","geometry":{"type":"Point","coordinates":[18.45,49.1167]},"properties":{"id":"set_pova_sk_bystrica_1316","name":"Považská Bystrica","kind":"settlement","start_year":1316,"end_year":1500,"importance":"city"}},{"type":"Feature","geometry":{"type":"Point","coordinates":[-4.8483,38.3774]},"properties":{"id":"set_pozoblanco_500","name":"Pozoblanco","kind":"settlement","start_year":500,"end_year":1500,"importance":"city"}},{"type":"Feature","geometry":{"type":"Point","coordinates":[-8.9358,43.0109]},"properties":{"id":"set_pozo_limideiro_500","name":"Pozo Limideiro","kind":"settlement","start_year":500,"end_year":1500,"importance":"city"}},{"type":"Feature","geometry":{"type":"Point","coordinates":[21.2833,50.4333]},"properties":{"id":"set_po_aniec_1191","name":"Połaniec","kind":"settlement","start_year":1191,"end_year":1500,"importance":"city"}},{"type":"Feature","geometry":{"type":"Point","coordinates":[16.1,53.7667]},"properties":{"id":"set_po_czyn_zdr_j_1290","name":"Połczyn-Zdrój","kind":"settlement","start_year":1290,"end_year":1500,"importance":"city"}},{"type":"Feature","geometry":{"type":"Point","coordinates":[-7.6651,41.6887]},"properties":{"id":"set_po_o_das_freitas_500","name":"Poço das Freitas","kind":"settlement","start_year":500,"end_year":1500,"importance":"city"}},{"type":"Feature","geometry":{"type":"Point","coordinates":[0.6307,43.7137]},"properties":{"id":"set_praemiacum_500","name":"Praemiacum?","kind":"settlement","start_year":500,"end_year":1500,"importance":"city"}},{"type":"Feature","geometry":{"type":"Point","coordinates":[14.418,50.073]},"properties":{"id":"set_prague","name":"Prague","kind":"settlement","start_year":870,"end_year":1500,"importance":"capital"}},{"type":"Feature","geometry":{"type":"Point","coordinates":[22.6058,44.2873]},"properties":{"id":"set_prahovo_500","name":"Prahovo","kind":"settlement","start_year":500,"end_year":1500,"importance":"city"}},{"type":"Feature","geometry":{"type":"Point","coordinates":[26.0905,35.1233]},"properties":{"id":"set_praisos_500","name":"Praisos","kind":"settlement","start_year":500,"end_year":1500,"importance":"city"}},{"type":"Feature","geometry":{"type":"Point","coordinates":[22.8882,37.145]},"properties":{"id":"set_prasiai_500","name":"Prasiai","kind":"settlement","start_year":500,"end_year":1500,"importance":"city"}},{"type":"Feature","geometry":{"type":"Point","coordinates":[21.0167,54.45]},"properties":{"id":"set_pravdinsk_1312","name":"Pravdinsk","kind":"settlement","start_year":1312,"end_year":1500,"importance":"city"}},{"type":"Feature","geometry":{"type":"Point","coordinates":[103.9712,13.3443]},"properties":{"id":"set_preah_ko_500","name":"Preah Ko","kind":"settlement","start_year":500,"end_year":1500,"importance":"city"}},{"type":"Feature","geometry":{"type":"Point","coordinates":[8.2066,47.2767]},"properties":{"id":"set_prehistoric_pile_dwellings_around_the_alps_500","name":"Prehistoric pile dwellings around the Alps","kind":"settlement","start_year":500,"end_year":1500,"importance":"city"}},{"type":"Feature","geometry":{"type":"Point","coordinates":[21.2333,49]},"properties":{"id":"set_pre_ov_1247","name":"Prešov","kind":"settlement","start_year":1247,"end_year":1500,"importance":"city"}},{"type":"Feature","geometry":{"type":"Point","coordinates":[18.6242,48.7714]},"properties":{"id":"set_prievidza_1113","name":"Prievidza","kind":"settlement","start_year":1113,"end_year":1500,"importance":"city"}},{"type":"Feature","geometry":{"type":"Point","coordinates":[20,54.7333]},"properties":{"id":"set_primorsk_1268","name":"Primorsk","kind":"settlement","start_year":1268,"end_year":1500,"importance":"city"}},{"type":"Feature","geometry":{"type":"Point","coordinates":[0.7217,45.184]},"properties":{"id":"set_primuliacum_500","name":"Primuliacum","kind":"settlement","start_year":500,"end_year":1500,"importance":"city"}},{"type":"Feature","geometry":{"type":"Point","coordinates":[25.6837,43.0133]},"properties":{"id":"set_prisovo_500","name":"Prisovo","kind":"settlement","start_year":500,"end_year":1500,"importance":"city"}},{"type":"Feature","geometry":{"type":"Point","coordinates":[54.8945,53.0719]},"properties":{"id":"set_prokhorovka_500","name":"Prokhorovka","kind":"settlement","start_year":500,"end_year":1500,"importance":"city"}},{"type":"Feature","geometry":{"type":"Point","coordinates":[20.7767,38.146]},"properties":{"id":"set_pronnoi_500","name":"Pronnoi","kind":"settlement","start_year":500,"end_year":1500,"importance":"city"}},{"type":"Feature","geometry":{"type":"Point","coordinates":[30.8274,37.8528]},"properties":{"id":"set_prostanna_500","name":"Prostanna","kind":"settlement","start_year":500,"end_year":1500,"importance":"city"}},{"type":"Feature","geometry":{"type":"Point","coordinates":[17.5792,50.3197]},"properties":{"id":"set_prudnik_1255","name":"Prudnik","kind":"settlement","start_year":1255,"end_year":1500,"importance":"city"}},{"type":"Feature","geometry":{"type":"Point","coordinates":[29.0638,40.1829]},"properties":{"id":"set_prusa_500","name":"Prusa","kind":"settlement","start_year":500,"end_year":1500,"importance":"city"}},{"type":"Feature","geometry":{"type":"Point","coordinates":[29.1564,40.4325]},"properties":{"id":"set_prusias_ad_mare_kios_500","name":"Prusias ad Mare/Kios","kind":"settlement","start_year":500,"end_year":1500,"importance":"city"}},{"type":"Feature","geometry":{"type":"Point","coordinates":[15.7942,51.5253]},"properties":{"id":"set_przemk_w_1280","name":"Przemków","kind":"settlement","start_year":1280,"end_year":1500,"importance":"city"}},{"type":"Feature","geometry":{"type":"Point","coordinates":[20.9069,51.4653]},"properties":{"id":"set_przytyk_1333","name":"Przytyk","kind":"settlement","start_year":1333,"end_year":1500,"importance":"city"}},{"type":"Feature","geometry":{"type":"Point","coordinates":[28.33,57.82]},"properties":{"id":"set_pskov","name":"Pskov","kind":"settlement","start_year":903,"end_year":1500,"importance":"town"}},{"type":"Feature","geometry":{"type":"Point","coordinates":[22.9628,39.0276]},"properties":{"id":"set_pteleon_500","name":"Pteleon","kind":"settlement","start_year":500,"end_year":1500,"importance":"city"}},{"type":"Feature","geometry":{"type":"Point","coordinates":[20.9538,32.7071]},"properties":{"id":"set_ptolemais_barkes_limen_500","name":"Ptolemais/Barkes Limen","kind":"settlement","start_year":500,"end_year":1500,"importance":"city"}},{"type":"Feature","geometry":{"type":"Point","coordinates":[31.8028,26.4774]},"properties":{"id":"set_ptolemais_hermiou_psoi_500","name":"Ptolemais Hermiou/Psoi","kind":"settlement","start_year":500,"end_year":1500,"importance":"city"}},{"type":"Feature","geometry":{"type":"Point","coordinates":[37.8854,18.5826]},"properties":{"id":"set_ptolemais_theron_500","name":"Ptolemais Theron","kind":"settlement","start_year":500,"end_year":1500,"importance":"city"}},{"type":"Feature","geometry":{"type":"Point","coordinates":[30.4999,28.9331]},"properties":{"id":"set_ptoou_nkalamon_500","name":"Ptoou Nkalamon","kind":"settlement","start_year":500,"end_year":1500,"importance":"city"}},{"type":"Feature","geometry":{"type":"Point","coordinates":[36.5333,61.8]},"properties":{"id":"set_pudozh_1382","name":"Pudozh","kind":"settlement","start_year":1382,"end_year":1500,"importance":"city"}},{"type":"Feature","geometry":{"type":"Point","coordinates":[-2.8063,38.6181]},"properties":{"id":"set_puente_de_la_olmilla_500","name":"Puente de la Olmilla","kind":"settlement","start_year":500,"end_year":1500,"importance":"city"}},{"type":"Feature","geometry":{"type":"Point","coordinates":[-1.6209,43.1376]},"properties":{"id":"set_puente_de_reparacea_500","name":"Puente de Reparacea","kind":"settlement","start_year":500,"end_year":1500,"importance":"city"}},{"type":"Feature","geometry":{"type":"Point","coordinates":[-1.2852,41.1654]},"properties":{"id":"set_puente_romano_de_los_ponlarrones_villadoz_500","name":"Puente Romano de los Ponlarrones (Villadoz)","kind":"settlement","start_year":500,"end_year":1500,"importance":"city"}},{"type":"Feature","geometry":{"type":"Point","coordinates":[1.3376,41.8254]},"properties":{"id":"set_puig_castellar_biosca_500","name":"Puig Castellar (Biosca)","kind":"settlement","start_year":500,"end_year":1500,"importance":"city"}},{"type":"Feature","geometry":{"type":"Point","coordinates":[-0.146,39.8329]},"properties":{"id":"set_pujol_de_benicat_500","name":"Pujol de Benicató","kind":"settlement","start_year":500,"end_year":1500,"importance":"city"}},{"type":"Feature","geometry":{"type":"Point","coordinates":[-3.9606,52.0473]},"properties":{"id":"set_pumsaint_roman_fort_ancient_louentinon_500","name":"Pumsaint Roman Fort (ancient Louentinon?)","kind":"settlement","start_year":500,"end_year":1500,"importance":"city"}},{"type":"Feature","geometry":{"type":"Point","coordinates":[73.8553,18.5211]},"properties":{"id":"set_pune_1436","name":"Pune","kind":"settlement","start_year":1436,"end_year":1500,"importance":"city"}},{"type":"Feature","geometry":{"type":"Point","coordinates":[80.1761,12.6158]},"properties":{"id":"set_punjeri_500","name":"Punjeri","kind":"settlement","start_year":500,"end_year":1500,"importance":"city"}},{"type":"Feature","geometry":{"type":"Point","coordinates":[-8.4997,43.3531]},"properties":{"id":"set_punta_de_muros_500","name":"Punta de Muros","kind":"settlement","start_year":500,"end_year":1500,"importance":"city"}},{"type":"Feature","geometry":{"type":"Point","coordinates":[13.4301,40.8012]},"properties":{"id":"set_punta_eolo_500","name":"Punta Eolo","kind":"settlement","start_year":500,"end_year":1500,"importance":"city"}},{"type":"Feature","geometry":{"type":"Point","coordinates":[10.5622,36.393]},"properties":{"id":"set_pupput_500","name":"Pupput","kind":"settlement","start_year":500,"end_year":1500,"importance":"city"}},{"type":"Feature","geometry":{"type":"Point","coordinates":[37.8223,38.7038]},"properties":{"id":"set_pur_ir_500","name":"Purṭir","kind":"settlement","start_year":500,"end_year":1500,"importance":"city"}},{"type":"Feature","geometry":{"type":"Point","coordinates":[51.6764,29.4491]},"properties":{"id":"set_puskan_castle_500","name":"Puskan Castle","kind":"settlement","start_year":500,"end_year":1500,"importance":"city"}},{"type":"Feature","geometry":{"type":"Point","coordinates":[30.6556,51.4098]},"properties":{"id":"set_pustynka_500","name":"Pustynka","kind":"settlement","start_year":500,"end_year":1500,"importance":"city"}},{"type":"Feature","geometry":{"type":"Point","coordinates":[5.6762,43.5246]},"properties":{"id":"set_puyloubier_500","name":"Puyloubier","kind":"settlement","start_year":500,"end_year":1500,"importance":"city"}},{"type":"Feature","geometry":{"type":"Point","coordinates":[1.6713,44.9515]},"properties":{"id":"set_puy_d_issolud_500","name":"Puy d'Issolud","kind":"settlement","start_year":500,"end_year":1500,"importance":"city"}},{"type":"Feature","geometry":{"type":"Point","coordinates":[1.87,45.9298]},"properties":{"id":"set_puy_lautard_500","name":"Puy-Lautard","kind":"settlement","start_year":500,"end_year":1500,"importance":"city"}},{"type":"Feature","geometry":{"type":"Point","coordinates":[21.6918,37.4119]},"properties":{"id":"set_pyrgoi_pyrgos_500","name":"Pyrgoi/Pyrgos","kind":"settlement","start_year":500,"end_year":1500,"importance":"city"}},{"type":"Feature","geometry":{"type":"Point","coordinates":[22.4309,36.6548]},"properties":{"id":"set_pyrrichos_500","name":"Pyrrichos","kind":"settlement","start_year":500,"end_year":1500,"importance":"city"}},{"type":"Feature","geometry":{"type":"Point","coordinates":[17.6833,52.1667]},"properties":{"id":"set_pyzdry_1257","name":"Pyzdry","kind":"settlement","start_year":1257,"end_year":1500,"importance":"city"}},{"type":"Feature","geometry":{"type":"Point","coordinates":[18.3306,49.12]},"properties":{"id":"set_p_chov_1243","name":"Púchov","kind":"settlement","start_year":1243,"end_year":1500,"importance":"city"}},{"type":"Feature","geometry":{"type":"Point","coordinates":[44.6393,32.1311]},"properties":{"id":"set_p_kas_500","name":"Pī-Kasî","kind":"settlement","start_year":500,"end_year":1500,"importance":"city"}},{"type":"Feature","geometry":{"type":"Point","coordinates":[19.7,52.55]},"properties":{"id":"set_p_ock_1237","name":"Płock","kind":"settlement","start_year":1237,"end_year":1500,"importance":"city"}},{"type":"Feature","geometry":{"type":"Point","coordinates":[-6.4882,42.8202]},"properties":{"id":"set_p_ramo_del_sil_500","name":"Páramo del Sil","kind":"settlement","start_year":500,"end_year":1500,"importance":"city"}},{"type":"Feature","geometry":{"type":"Point","coordinates":[35.8081,33.998]},"properties":{"id":"set_qalaat_faqra_500","name":"Qalaat Faqra","kind":"settlement","start_year":500,"end_year":1500,"importance":"city"}},{"type":"Feature","geometry":{"type":"Point","coordinates":[32.9294,24.6195]},"properties":{"id":"set_qalat_el_baben_500","name":"Qalat el-Baben","kind":"settlement","start_year":500,"end_year":1500,"importance":"city"}},{"type":"Feature","geometry":{"type":"Point","coordinates":[45.1328,36.1367]},"properties":{"id":"set_qalat_i_dinka_500","name":"Qalat-i Dinka","kind":"settlement","start_year":500,"end_year":1500,"importance":"city"}},{"type":"Feature","geometry":{"type":"Point","coordinates":[54.4265,37.1025]},"properties":{"id":"set_qaleh_kharabeh_fortress_500","name":"Qaleh Kharabeh fortress","kind":"settlement","start_year":500,"end_year":1500,"importance":"city"}},{"type":"Feature","geometry":{"type":"Point","coordinates":[59.3769,22.697]},"properties":{"id":"set_qalhat_500","name":"Qalhat","kind":"settlement","start_year":500,"end_year":1500,"importance":"city"}},{"type":"Feature","geometry":{"type":"Point","coordinates":[36.0552,35.595]},"properties":{"id":"set_qal_at_salah_el_din_fortress_of_saladin_500","name":"Qal’at Salah El-Din/Fortress of Saladin","kind":"settlement","start_year":500,"end_year":1500,"importance":"city"}},{"type":"Feature","geometry":{"type":"Point","coordinates":[67.9212,37.3178]},"properties":{"id":"set_qal_a_i_zal_500","name":"Qal'a-i Zal","kind":"settlement","start_year":500,"end_year":1500,"importance":"city"}},{"type":"Feature","geometry":{"type":"Point","coordinates":[46.1778,35.4897]},"properties":{"id":"set_qal_eh_i_imam_500","name":"Qal’eh-i Imam","kind":"settlement","start_year":500,"end_year":1500,"importance":"city"}},{"type":"Feature","geometry":{"type":"Point","coordinates":[54.4195,36.8128]},"properties":{"id":"set_qal_eh_khandan_zadrakarta_500","name":"Qal'eh Khandan/Zadrakarta?","kind":"settlement","start_year":500,"end_year":1500,"importance":"city"}},{"type":"Feature","geometry":{"type":"Point","coordinates":[34.9951,32.3593]},"properties":{"id":"set_qaqun_500","name":"Qaqun","kind":"settlement","start_year":500,"end_year":1500,"importance":"city"}},{"type":"Feature","geometry":{"type":"Point","coordinates":[56.0169,25.7223]},"properties":{"id":"set_qarn_al_harf_500","name":"Qarn al-Harf","kind":"settlement","start_year":500,"end_year":1500,"importance":"city"}},{"type":"Feature","geometry":{"type":"Point","coordinates":[36.0102,31.7379]},"properties":{"id":"set_qasr_al_mshatta_500","name":"Qasr al-Mshatta","kind":"settlement","start_year":500,"end_year":1500,"importance":"city"}},{"type":"Feature","geometry":{"type":"Point","coordinates":[33.2633,25.9194]},"properties":{"id":"set_qasr_el_banat_500","name":"Qasr el-Banat","kind":"settlement","start_year":500,"end_year":1500,"importance":"city"}},{"type":"Feature","geometry":{"type":"Point","coordinates":[43.3343,34.7012]},"properties":{"id":"set_qattara_karana_500","name":"Qattara?/Karana?","kind":"settlement","start_year":500,"end_year":1500,"importance":"city"}},{"type":"Feature","geometry":{"type":"Point","coordinates":[45.5982,40.9509]},"properties":{"id":"set_qaziqulu_necropolis_500","name":"Qaziqulu necropolis","kind":"settlement","start_year":500,"end_year":1500,"importance":"city"}},{"type":"Feature","geometry":{"type":"Point","coordinates":[64.3566,31.5025]},"properties":{"id":"set_qa_la_bost_500","name":"Qa`la Bost","kind":"settlement","start_year":500,"end_year":1500,"importance":"city"}},{"type":"Feature","geometry":{"type":"Point","coordinates":[42.8333,36.5169]},"properties":{"id":"set_qermez_dere_500","name":"Qermez Dere","kind":"settlement","start_year":500,"end_year":1500,"importance":"city"}},{"type":"Feature","geometry":{"type":"Point","coordinates":[39.4229,14.8688]},"properties":{"id":"set_qohaito_500","name":"Qohaito","kind":"settlement","start_year":500,"end_year":1500,"importance":"city"}},{"type":"Feature","geometry":{"type":"Point","coordinates":[40.0595,35.4268]},"properties":{"id":"set_qreiye_ayyash_500","name":"Qreiye - Ayyash","kind":"settlement","start_year":500,"end_year":1500,"importance":"city"}},{"type":"Feature","geometry":{"type":"Point","coordinates":[118.676,24.874]},"properties":{"id":"set_quanzhou","name":"Quanzhou (Zaitun)","kind":"settlement","start_year":700,"end_year":1400,"importance":"city"}},{"type":"Feature","geometry":{"type":"Point","coordinates":[35.4111,36.9303]},"properties":{"id":"set_que_kingdom_500","name":"Que (kingdom)","kind":"settlement","start_year":500,"end_year":1500,"importance":"city"}},{"type":"Feature","geometry":{"type":"Point","coordinates":[13.0793,48.669]},"properties":{"id":"set_quintana_500","name":"Quintana","kind":"settlement","start_year":500,"end_year":1500,"importance":"city"}},{"type":"Feature","geometry":{"type":"Point","coordinates":[-4.8075,42.3033]},"properties":{"id":"set_quintanilla_de_la_cueza_500","name":"Quintanilla de la Cueza","kind":"settlement","start_year":500,"end_year":1500,"importance":"city"}},{"type":"Feature","geometry":{"type":"Point","coordinates":[-7.403,41.2324]},"properties":{"id":"set_quinta_da_ribeira_500","name":"Quinta da Ribeira","kind":"settlement","start_year":500,"end_year":1500,"importance":"city"}},{"type":"Feature","geometry":{"type":"Point","coordinates":[13.9267,32.7084]},"properties":{"id":"set_quintiliana_500","name":"Quintiliana","kind":"settlement","start_year":500,"end_year":1500,"importance":"city"}},{"type":"Feature","geometry":{"type":"Point","coordinates":[36.5874,31.8018]},"properties":{"id":"set_quseir_amra_500","name":"Quseir Amra","kind":"settlement","start_year":500,"end_year":1500,"importance":"city"}},{"type":"Feature","geometry":{"type":"Point","coordinates":[45.2277,35.7506]},"properties":{"id":"set_rabana_merquly_500","name":"Rabana-Merquly","kind":"settlement","start_year":500,"end_year":1500,"importance":"city"}},{"type":"Feature","geometry":{"type":"Point","coordinates":[65.1482,40.1228]},"properties":{"id":"set_rabati_malik_500","name":"Rabati Malik","kind":"settlement","start_year":500,"end_year":1500,"importance":"city"}},{"type":"Feature","geometry":{"type":"Point","coordinates":[-6.8414,34.0211]},"properties":{"id":"set_rabat_1146","name":"Rabat","kind":"settlement","start_year":1146,"end_year":1500,"importance":"city"}},{"type":"Feature","geometry":{"type":"Point","coordinates":[13.7331,37.4077]},"properties":{"id":"set_racalmuto_500","name":"Racalmuto","kind":"settlement","start_year":500,"end_year":1500,"importance":"city"}},{"type":"Feature","geometry":{"type":"Point","coordinates":[-1.4954,52.2775]},"properties":{"id":"set_radford_semele_500","name":"Radford Semele","kind":"settlement","start_year":500,"end_year":1500,"importance":"city"}},{"type":"Feature","geometry":{"type":"Point","coordinates":[11.7689,42.8986]},"properties":{"id":"set_radicofani_500","name":"Radicofani","kind":"settlement","start_year":500,"end_year":1500,"importance":"city"}},{"type":"Feature","geometry":{"type":"Point","coordinates":[16.4033,50.5039]},"properties":{"id":"set_radk_w_1290","name":"Radków","kind":"settlement","start_year":1290,"end_year":1500,"importance":"city"}},{"type":"Feature","geometry":{"type":"Point","coordinates":[-0.203,52.0041]},"properties":{"id":"set_radwell_roman_villa_500","name":"Radwell Roman villa","kind":"settlement","start_year":500,"end_year":1500,"importance":"city"}},{"type":"Feature","geometry":{"type":"Point","coordinates":[44.5,31.5]},"properties":{"id":"set_rahi_ilu_500","name":"Rahi-ilu","kind":"settlement","start_year":500,"end_year":1500,"importance":"city"}},{"type":"Feature","geometry":{"type":"Point","coordinates":[22.1694,60.4861]},"properties":{"id":"set_raisio_1201","name":"Raisio","kind":"settlement","start_year":1201,"end_year":1500,"importance":"city"}},{"type":"Feature","geometry":{"type":"Point","coordinates":[18.6833,49.1333]},"properties":{"id":"set_rajeck_teplice_1376","name":"Rajecké Teplice","kind":"settlement","start_year":1376,"end_year":1500,"importance":"city"}},{"type":"Feature","geometry":{"type":"Point","coordinates":[18.6333,49.0833]},"properties":{"id":"set_rajec_1193","name":"Rajec","kind":"settlement","start_year":1193,"end_year":1500,"importance":"city"}},{"type":"Feature","geometry":{"type":"Point","coordinates":[76.1115,29.2913]},"properties":{"id":"set_rakhigarhi_500","name":"Rakhigarhi","kind":"settlement","start_year":500,"end_year":1500,"importance":"city"}},{"type":"Feature","geometry":{"type":"Point","coordinates":[16.2731,52.1408]},"properties":{"id":"set_rakoniewice_1252","name":"Rakoniewice","kind":"settlement","start_year":1252,"end_year":1500,"importance":"city"}},{"type":"Feature","geometry":{"type":"Point","coordinates":[14.2836,36.0612]},"properties":{"id":"set_ramla_bay_villa_500","name":"Ramla bay villa","kind":"settlement","start_year":500,"end_year":1500,"importance":"city"}},{"type":"Feature","geometry":{"type":"Point","coordinates":[8.0138,49.5374]},"properties":{"id":"set_ramsen_500","name":"Ramsen","kind":"settlement","start_year":500,"end_year":1500,"importance":"city"}},{"type":"Feature","geometry":{"type":"Point","coordinates":[49.6086,31.2822]},"properties":{"id":"set_ram_hurmizd_500","name":"Ram Hurmizd","kind":"settlement","start_year":500,"end_year":1500,"importance":"city"}},{"type":"Feature","geometry":{"type":"Point","coordinates":[3.353,46.017]},"properties":{"id":"set_randanum_500","name":"*Randanum","kind":"settlement","start_year":500,"end_year":1500,"importance":"city"}},{"type":"Feature","geometry":{"type":"Point","coordinates":[10.0392,56.4569]},"properties":{"id":"set_randers_1100","name":"Randers","kind":"settlement","start_year":1100,"end_year":1500,"importance":"city"}},{"type":"Feature","geometry":{"type":"Point","coordinates":[5.7064,51.9547]},"properties":{"id":"set_randwijk_500","name":"Randwijk","kind":"settlement","start_year":500,"end_year":1500,"importance":"city"}},{"type":"Feature","geometry":{"type":"Point","coordinates":[36.1993,32.852]},"properties":{"id":"set_raphon_raphana_500","name":"Raphon/Raphana","kind":"settlement","start_year":500,"end_year":1500,"importance":"city"}},{"type":"Feature","geometry":{"type":"Point","coordinates":[10.755,48.1856]},"properties":{"id":"set_rapis_500","name":"Rapis","kind":"settlement","start_year":500,"end_year":1500,"importance":"city"}},{"type":"Feature","geometry":{"type":"Point","coordinates":[-6.3071,39.064]},"properties":{"id":"set_raposera_de_abajo_500","name":"Raposera de Abajo","kind":"settlement","start_year":500,"end_year":1500,"importance":"city"}},{"type":"Feature","geometry":{"type":"Point","coordinates":[8.8223,47.2256]},"properties":{"id":"set_rapperswil_1220","name":"Rapperswil","kind":"settlement","start_year":1220,"end_year":1500,"importance":"city"}},{"type":"Feature","geometry":{"type":"Point","coordinates":[39.01,35.95]},"properties":{"id":"set_raqqa_244","name":"Raqqa","kind":"settlement","start_year":244,"end_year":1500,"importance":"city"}},{"type":"Feature","geometry":{"type":"Point","coordinates":[23.1167,55.3667]},"properties":{"id":"set_raseiniai_1253","name":"Raseiniai","kind":"settlement","start_year":1253,"end_year":1500,"importance":"city"}},{"type":"Feature","geometry":{"type":"Point","coordinates":[32.5734,29.3735]},"properties":{"id":"set_ras_abu_el_daraq_500","name":"Ras Abu el Daraq","kind":"settlement","start_year":500,"end_year":1500,"importance":"city"}},{"type":"Feature","geometry":{"type":"Point","coordinates":[13.786,32.4305]},"properties":{"id":"set_ras_el_haddagia_500","name":"Ras el-Haddagia","kind":"settlement","start_year":500,"end_year":1500,"importance":"city"}},{"type":"Feature","geometry":{"type":"Point","coordinates":[9.0439,36.9698]},"properties":{"id":"set_ras_el_kasba_500","name":"Ras-el-Kasba","kind":"settlement","start_year":500,"end_year":1500,"importance":"city"}},{"type":"Feature","geometry":{"type":"Point","coordinates":[-3.4041,54.3507]},"properties":{"id":"set_ravenglass_roman_bath_house_500","name":"Ravenglass Roman Bath House","kind":"settlement","start_year":500,"end_year":1500,"importance":"city"}},{"type":"Feature","geometry":{"type":"Point","coordinates":[12.202,44.415]},"properties":{"id":"set_ravenna","name":"Ravenna","kind":"settlement","start_year":402,"end_year":751,"importance":"capital"}},{"type":"Feature","geometry":{"type":"Point","coordinates":[47.5494,38.0068]},"properties":{"id":"set_razliq_500","name":"Razliq","kind":"settlement","start_year":500,"end_year":1500,"importance":"city"}},{"type":"Feature","geometry":{"type":"Point","coordinates":[41.4871,35.7955]},"properties":{"id":"set_ra_appa_500","name":"Raṣappa","kind":"settlement","start_year":500,"end_year":1500,"importance":"city"}},{"type":"Feature","geometry":{"type":"Point","coordinates":[-0.9731,51.4542]},"properties":{"id":"set_reading_871","name":"Reading","kind":"settlement","start_year":871,"end_year":1500,"importance":"city"}},{"type":"Feature","geometry":{"type":"Point","coordinates":[15.1965,59.2669]},"properties":{"id":"set_rebro_1200","name":"Örebro","kind":"settlement","start_year":1200,"end_year":1500,"importance":"city"}},{"type":"Feature","geometry":{"type":"Point","coordinates":[-2.8941,40.321]},"properties":{"id":"set_reccopolis_500","name":"Reccopolis","kind":"settlement","start_year":500,"end_year":1500,"importance":"city"}},{"type":"Feature","geometry":{"type":"Point","coordinates":[7.2,51.6167]},"properties":{"id":"set_recklinghausen_1017","name":"Recklinghausen","kind":"settlement","start_year":1017,"end_year":1500,"importance":"city"}},{"type":"Feature","geometry":{"type":"Point","coordinates":[-1.2682,52.8701]},"properties":{"id":"set_red_hill_roman_temple_500","name":"Red Hill Roman Temple","kind":"settlement","start_year":500,"end_year":1500,"importance":"city"}},{"type":"Feature","geometry":{"type":"Point","coordinates":[4.032,49.258]},"properties":{"id":"set_reims","name":"Reims","kind":"settlement","start_year":500,"end_year":1500,"importance":"city"}},{"type":"Feature","geometry":{"type":"Point","coordinates":[30.487,37.2731]},"properties":{"id":"set_ren_tepe_500","name":"Ören tepe","kind":"settlement","start_year":500,"end_year":1500,"importance":"city"}},{"type":"Feature","geometry":{"type":"Point","coordinates":[33.6166,28.6828]},"properties":{"id":"set_rephidim_500","name":"Rephidim","kind":"settlement","start_year":500,"end_year":1500,"importance":"city"}},{"type":"Feature","geometry":{"type":"Point","coordinates":[38.7576,35.629]},"properties":{"id":"set_resapha_sergioupolis_500","name":"Resapha/Sergioupolis","kind":"settlement","start_year":500,"end_year":1500,"importance":"city"}},{"type":"Feature","geometry":{"type":"Point","coordinates":[21.1458,54.0504]},"properties":{"id":"set_reszel_1241","name":"Reszel","kind":"settlement","start_year":1241,"end_year":1500,"importance":"city"}},{"type":"Feature","geometry":{"type":"Point","coordinates":[9.2167,48.4833]},"properties":{"id":"set_reutlingen_1240","name":"Reutlingen","kind":"settlement","start_year":1240,"end_year":1500,"importance":"city"}},{"type":"Feature","geometry":{"type":"Point","coordinates":[37.8567,55.7622]},"properties":{"id":"set_reutov_1492","name":"Reutov","kind":"settlement","start_year":1492,"end_year":1500,"importance":"city"}},{"type":"Feature","geometry":{"type":"Point","coordinates":[24.754,59.437]},"properties":{"id":"set_reval","name":"Reval (Tallinn)","kind":"settlement","start_year":1219,"end_year":1500,"importance":"town"}},{"type":"Feature","geometry":{"type":"Point","coordinates":[51.4472,35.5943]},"properties":{"id":"set_rhaga_i_europos_arsakia_ray_500","name":"Rhaga(i)/Europos/Arsakia/Ray","kind":"settlement","start_year":500,"end_year":1500,"importance":"city"}},{"type":"Feature","geometry":{"type":"Point","coordinates":[39.6268,-7.803]},"properties":{"id":"set_rhapta_500","name":"Rhapta","kind":"settlement","start_year":500,"end_year":1500,"importance":"city"}},{"type":"Feature","geometry":{"type":"Point","coordinates":[15.6439,38.1093]},"properties":{"id":"set_rhegion_regium_500","name":"Rhegion/Regium","kind":"settlement","start_year":500,"end_year":1500,"importance":"city"}},{"type":"Feature","geometry":{"type":"Point","coordinates":[18.695,42.5147]},"properties":{"id":"set_rhizon_risinium_500","name":"Rhizon/Risinium","kind":"settlement","start_year":500,"end_year":1500,"importance":"city"}},{"type":"Feature","geometry":{"type":"Point","coordinates":[78.3109,28.1271]},"properties":{"id":"set_rhodopha_500","name":"Rhodopha","kind":"settlement","start_year":500,"end_year":1500,"importance":"city"}},{"type":"Feature","geometry":{"type":"Point","coordinates":[27.9721,36.1791]},"properties":{"id":"set_rhodos_island_500","name":"Rhodos (island)","kind":"settlement","start_year":500,"end_year":1500,"importance":"city"}},{"type":"Feature","geometry":{"type":"Point","coordinates":[8.7631,55.3272]},"properties":{"id":"set_ribe_800","name":"Ribe","kind":"settlement","start_year":800,"end_year":1500,"importance":"city"}},{"type":"Feature","geometry":{"type":"Point","coordinates":[12.8667,54.2]},"properties":{"id":"set_richtenberg_1201","name":"Richtenberg","kind":"settlement","start_year":1201,"end_year":1500,"importance":"city"}},{"type":"Feature","geometry":{"type":"Point","coordinates":[9.1438,44.3619]},"properties":{"id":"set_ricina_500","name":"Ricina","kind":"settlement","start_year":500,"end_year":1500,"importance":"city"}},{"type":"Feature","geometry":{"type":"Point","coordinates":[16.0557,43.7005]},"properties":{"id":"set_rider_500","name":"Rider","kind":"settlement","start_year":500,"end_year":1500,"importance":"city"}},{"type":"Feature","geometry":{"type":"Point","coordinates":[0.5318,52.0393]},"properties":{"id":"set_ridgewell_500","name":"Ridgewell","kind":"settlement","start_year":500,"end_year":1500,"importance":"city"}},{"type":"Feature","geometry":{"type":"Point","coordinates":[24.106,56.946]},"properties":{"id":"set_riga","name":"Riga","kind":"settlement","start_year":1201,"end_year":1500,"importance":"town"}},{"type":"Feature","geometry":{"type":"Point","coordinates":[20.02,48.3814]},"properties":{"id":"set_rimavsk_sobota_1268","name":"Rimavská Sobota","kind":"settlement","start_year":1268,"end_year":1500,"importance":"city"}},{"type":"Feature","geometry":{"type":"Point","coordinates":[-8.9395,39.3331]},"properties":{"id":"set_rio_maior_500","name":"Rio Maior","kind":"settlement","start_year":500,"end_year":1500,"importance":"city"}},{"type":"Feature","geometry":{"type":"Point","coordinates":[0.6524,51.8263]},"properties":{"id":"set_rivenhall_500","name":"Rivenhall","kind":"settlement","start_year":500,"end_year":1500,"importance":"city"}},{"type":"Feature","geometry":{"type":"Point","coordinates":[10.5338,43.7072]},"properties":{"id":"set_rocca_della_verruca_500","name":"Rocca della Verruca","kind":"settlement","start_year":500,"end_year":1500,"importance":"city"}},{"type":"Feature","geometry":{"type":"Point","coordinates":[10.9347,43.2745]},"properties":{"id":"set_rocca_sillana_500","name":"Rocca Sillana","kind":"settlement","start_year":500,"end_year":1500,"importance":"city"}},{"type":"Feature","geometry":{"type":"Point","coordinates":[-1.8305,50.9528]},"properties":{"id":"set_rockbourne_500","name":"Rockbourne","kind":"settlement","start_year":500,"end_year":1500,"importance":"city"}},{"type":"Feature","geometry":{"type":"Point","coordinates":[16.595,51.1639]},"properties":{"id":"set_roda_l_ska_1223","name":"Środa Śląska","kind":"settlement","start_year":1223,"end_year":1500,"importance":"city"}},{"type":"Feature","geometry":{"type":"Point","coordinates":[23.5892,47.3378]},"properties":{"id":"set_rogna_500","name":"Rogna","kind":"settlement","start_year":500,"end_year":1500,"importance":"city"}},{"type":"Feature","geometry":{"type":"Point","coordinates":[7.8878,45.4677]},"properties":{"id":"set_roman_amphitheater_at_eporedia_500","name":"Roman amphitheater at Eporedia","kind":"settlement","start_year":500,"end_year":1500,"importance":"city"}},{"type":"Feature","geometry":{"type":"Point","coordinates":[12.467,42.412]},"properties":{"id":"set_roman_amphitheater_at_ocriculum_500","name":"Roman amphitheater at Ocriculum","kind":"settlement","start_year":500,"end_year":1500,"importance":"city"}},{"type":"Feature","geometry":{"type":"Point","coordinates":[-2.7203,51.3054]},"properties":{"id":"set_roman_amphitheatre_charterhouse_500","name":"Roman amphitheatre, Charterhouse","kind":"settlement","start_year":500,"end_year":1500,"importance":"city"}},{"type":"Feature","geometry":{"type":"Point","coordinates":[-6.335,38.9208]},"properties":{"id":"set_roman_baths_at_calle_reyes_huertas_500","name":"Roman baths at calle Reyes Huertas","kind":"settlement","start_year":500,"end_year":1500,"importance":"city"}},{"type":"Feature","geometry":{"type":"Point","coordinates":[0.7766,51.1793]},"properties":{"id":"set_roman_bath_house_at_little_chart_kent_500","name":"Roman Bath-House at Little Chart, Kent","kind":"settlement","start_year":500,"end_year":1500,"importance":"city"}},{"type":"Feature","geometry":{"type":"Point","coordinates":[11.9587,42.0166]},"properties":{"id":"set_roman_castrum_at_pyrgi_500","name":"Roman castrum at Pyrgi","kind":"settlement","start_year":500,"end_year":1500,"importance":"city"}},{"type":"Feature","geometry":{"type":"Point","coordinates":[36.48,32.5147]},"properties":{"id":"set_roman_circus_bosra_500","name":"Roman Circus (Bosra)","kind":"settlement","start_year":500,"end_year":1500,"importance":"city"}},{"type":"Feature","geometry":{"type":"Point","coordinates":[14.5029,41.2232]},"properties":{"id":"set_roman_city_wall_at_telese_vetere_500","name":"Roman city wall at Telese Vetere","kind":"settlement","start_year":500,"end_year":1500,"importance":"city"}},{"type":"Feature","geometry":{"type":"Point","coordinates":[-0.8818,41.6572]},"properties":{"id":"set_roman_city_wall_of_zaragoza_500","name":"Roman city wall of Zaragoza","kind":"settlement","start_year":500,"end_year":1500,"importance":"city"}},{"type":"Feature","geometry":{"type":"Point","coordinates":[16.851,48.1103]},"properties":{"id":"set_roman_civil_amphitheater_at_carnuntum_500","name":"Roman civil amphitheater at Carnuntum","kind":"settlement","start_year":500,"end_year":1500,"importance":"city"}},{"type":"Feature","geometry":{"type":"Point","coordinates":[-7.9165,38.2336]},"properties":{"id":"set_roman_dam_of_nossa_senhora_da_represa_500","name":"Roman dam of Nossa Senhora da Represa","kind":"settlement","start_year":500,"end_year":1500,"importance":"city"}},{"type":"Feature","geometry":{"type":"Point","coordinates":[8.6811,49.4135]},"properties":{"id":"set_roman_heidelberg_500","name":"Roman Heidelberg","kind":"settlement","start_year":500,"end_year":1500,"importance":"city"}},{"type":"Feature","geometry":{"type":"Point","coordinates":[-9.414,38.888]},"properties":{"id":"set_roman_road_catribana_500","name":"Roman road, Catribana","kind":"settlement","start_year":500,"end_year":1500,"importance":"city"}},{"type":"Feature","geometry":{"type":"Point","coordinates":[35.3501,31.3183]},"properties":{"id":"set_roman_siege_camp_e_500","name":"Roman siege Camp E'","kind":"settlement","start_year":500,"end_year":1500,"importance":"city"}},{"type":"Feature","geometry":{"type":"Point","coordinates":[1.4653,50.0217]},"properties":{"id":"set_roman_theater_at_augusta_ambianorum_500","name":"Roman theater at [Augusta] Ambianorum","kind":"settlement","start_year":500,"end_year":1500,"importance":"city"}},{"type":"Feature","geometry":{"type":"Point","coordinates":[33.9026,35.1848]},"properties":{"id":"set_roman_theater_at_salamis_konstantia_500","name":"Roman theater at Salamis/Konstantia","kind":"settlement","start_year":500,"end_year":1500,"importance":"city"}},{"type":"Feature","geometry":{"type":"Point","coordinates":[-2.4412,50.7175]},"properties":{"id":"set_roman_town_house_dorchester_500","name":"Roman Town House, Dorchester","kind":"settlement","start_year":500,"end_year":1500,"importance":"city"}},{"type":"Feature","geometry":{"type":"Point","coordinates":[6.601,46.5165]},"properties":{"id":"set_roman_vicus_and_harbor_at_lousonna_500","name":"Roman vicus and harbor at Lousonna","kind":"settlement","start_year":500,"end_year":1500,"importance":"city"}},{"type":"Feature","geometry":{"type":"Point","coordinates":[13.7102,42.6567]},"properties":{"id":"set_roman_villa_500","name":"Roman villa","kind":"settlement","start_year":500,"end_year":1500,"importance":"city"}},{"type":"Feature","geometry":{"type":"Point","coordinates":[-0.8669,51.5571]},"properties":{"id":"set_roman_villa_at_mill_end_500","name":"Roman villa at Mill End","kind":"settlement","start_year":500,"end_year":1500,"importance":"city"}},{"type":"Feature","geometry":{"type":"Point","coordinates":[34.9356,32.5437]},"properties":{"id":"set_roman_villa_at_ramat_hanadiv_500","name":"Roman villa at Ramat Hanadiv","kind":"settlement","start_year":500,"end_year":1500,"importance":"city"}},{"type":"Feature","geometry":{"type":"Point","coordinates":[-4.0852,41.216]},"properties":{"id":"set_roman_villa_at_santa_lucia_500","name":"Roman villa at Santa Lucia","kind":"settlement","start_year":500,"end_year":1500,"importance":"city"}},{"type":"Feature","geometry":{"type":"Point","coordinates":[5.6827,46.8604]},"properties":{"id":"set_roman_villa_at_tourmont_500","name":"Roman villa at Tourmont","kind":"settlement","start_year":500,"end_year":1500,"importance":"city"}},{"type":"Feature","geometry":{"type":"Point","coordinates":[-4.6688,41.1939]},"properties":{"id":"set_roman_villa_of_almenara_puras_500","name":"Roman villa of Almenara-Puras","kind":"settlement","start_year":500,"end_year":1500,"importance":"city"}},{"type":"Feature","geometry":{"type":"Point","coordinates":[-7.3889,39.3702]},"properties":{"id":"set_roman_villa_of_ammaia_500","name":"Roman villa of Ammaia","kind":"settlement","start_year":500,"end_year":1500,"importance":"city"}},{"type":"Feature","geometry":{"type":"Point","coordinates":[14.3401,40.6265]},"properties":{"id":"set_roman_villa_of_capo_di_massa_500","name":"Roman villa of Capo di Massa","kind":"settlement","start_year":500,"end_year":1500,"importance":"city"}},{"type":"Feature","geometry":{"type":"Point","coordinates":[-4.439,36.9163]},"properties":{"id":"set_roman_villa_of_cortijo_robledo_500","name":"Roman villa of Cortijo Robledo","kind":"settlement","start_year":500,"end_year":1500,"importance":"city"}},{"type":"Feature","geometry":{"type":"Point","coordinates":[12.6817,45.9668]},"properties":{"id":"set_roman_villa_of_torre_di_pordenone_500","name":"Roman villa of Torre di Pordenone","kind":"settlement","start_year":500,"end_year":1500,"importance":"city"}},{"type":"Feature","geometry":{"type":"Point","coordinates":[12.496,41.902]},"properties":{"id":"set_rome","name":"Rome","kind":"settlement","start_year":500,"end_year":1500,"importance":"capital"}},{"type":"Feature","geometry":{"type":"Point","coordinates":[15.4134,38.1706]},"properties":{"id":"set_rometta_500","name":"Rometta","kind":"settlement","start_year":500,"end_year":1500,"importance":"city"}},{"type":"Feature","geometry":{"type":"Point","coordinates":[35.4978,32.4558]},"properties":{"id":"set_roob_500","name":"Roob","kind":"settlement","start_year":500,"end_year":1500,"importance":"city"}},{"type":"Feature","geometry":{"type":"Point","coordinates":[32.8569,53.9492]},"properties":{"id":"set_roslavl_1137","name":"Roslavl","kind":"settlement","start_year":1137,"end_year":1500,"importance":"city"}},{"type":"Feature","geometry":{"type":"Point","coordinates":[8.6247,48.1681]},"properties":{"id":"set_rottweil_1140","name":"Rottweil","kind":"settlement","start_year":1140,"end_year":1500,"importance":"city"}},{"type":"Feature","geometry":{"type":"Point","coordinates":[1.099,49.443]},"properties":{"id":"set_rouen","name":"Rouen","kind":"settlement","start_year":700,"end_year":1500,"importance":"town"}},{"type":"Feature","geometry":{"type":"Point","coordinates":[0.7961,52.2209]},"properties":{"id":"set_rougham_500","name":"Rougham","kind":"settlement","start_year":500,"end_year":1500,"importance":"city"}},{"type":"Feature","geometry":{"type":"Point","coordinates":[16.7693,39.6104]},"properties":{"id":"set_rouskiane_500","name":"Rouskiane","kind":"settlement","start_year":500,"end_year":1500,"importance":"city"}},{"type":"Feature","geometry":{"type":"Point","coordinates":[36.8639,34.8355]},"properties":{"id":"set_royal_palace_of_qatna_500","name":"Royal Palace of Qatna","kind":"settlement","start_year":500,"end_year":1500,"importance":"city"}},{"type":"Feature","geometry":{"type":"Point","coordinates":[2.7936,49.6977]},"properties":{"id":"set_roye_500","name":"Roye","kind":"settlement","start_year":500,"end_year":1500,"importance":"city"}},{"type":"Feature","geometry":{"type":"Point","coordinates":[20.5314,48.6586]},"properties":{"id":"set_ro_ava_1230","name":"Rožňava","kind":"settlement","start_year":1230,"end_year":1500,"importance":"city"}},{"type":"Feature","geometry":{"type":"Point","coordinates":[90.7851,24.617]},"properties":{"id":"set_ruaylbari_fort_500","name":"Ruaylbari Fort","kind":"settlement","start_year":500,"end_year":1500,"importance":"city"}},{"type":"Feature","geometry":{"type":"Point","coordinates":[18.1471,40.3335]},"properties":{"id":"set_rudiae_500","name":"Rudiae","kind":"settlement","start_year":500,"end_year":1500,"importance":"city"}},{"type":"Feature","geometry":{"type":"Point","coordinates":[40.0172,-3.3093]},"properties":{"id":"set_ruins_of_gedi_500","name":"Ruins of Gedi","kind":"settlement","start_year":500,"end_year":1500,"importance":"city"}},{"type":"Feature","geometry":{"type":"Point","coordinates":[35.801,32.9087]},"properties":{"id":"set_rujm_el_hiri_500","name":"Rujm el-Hiri","kind":"settlement","start_year":500,"end_year":1500,"importance":"city"}},{"type":"Feature","geometry":{"type":"Point","coordinates":[36.5706,32.3404]},"properties":{"id":"set_rukeis_500","name":"Rukeis","kind":"settlement","start_year":500,"end_year":1500,"importance":"city"}},{"type":"Feature","geometry":{"type":"Point","coordinates":[85.3723,25.3261]},"properties":{"id":"set_rukhaegarh_500","name":"Rukhaegarh","kind":"settlement","start_year":500,"end_year":1500,"importance":"city"}},{"type":"Feature","geometry":{"type":"Point","coordinates":[4.4233,51.0781]},"properties":{"id":"set_rumst_500","name":"Rumst","kind":"settlement","start_year":500,"end_year":1500,"importance":"city"}},{"type":"Feature","geometry":{"type":"Point","coordinates":[4.4204,36.8931]},"properties":{"id":"set_rusazus_500","name":"Rusazus?","kind":"settlement","start_year":500,"end_year":1500,"importance":"city"}},{"type":"Feature","geometry":{"type":"Point","coordinates":[11.16,42.8277]},"properties":{"id":"set_rusellae_500","name":"Rusellae","kind":"settlement","start_year":500,"end_year":1500,"importance":"city"}},{"type":"Feature","geometry":{"type":"Point","coordinates":[3.2379,36.7991]},"properties":{"id":"set_rusguniae_500","name":"Rusguniae","kind":"settlement","start_year":500,"end_year":1500,"importance":"city"}},{"type":"Feature","geometry":{"type":"Point","coordinates":[6.9056,36.8814]},"properties":{"id":"set_rusicade_thapsus_500","name":"Rusicade/Thapsus","kind":"settlement","start_year":500,"end_year":1500,"importance":"city"}},{"type":"Feature","geometry":{"type":"Point","coordinates":[3.5658,36.7996]},"properties":{"id":"set_rusubbicari_matidiae_500","name":"Rusubbicari Matidiae","kind":"settlement","start_year":500,"end_year":1500,"importance":"city"}},{"type":"Feature","geometry":{"type":"Point","coordinates":[3.9096,36.9129]},"properties":{"id":"set_rusuccuru_500","name":"Rusuccuru","kind":"settlement","start_year":500,"end_year":1500,"importance":"city"}},{"type":"Feature","geometry":{"type":"Point","coordinates":[-0.573,52.6169]},"properties":{"id":"set_rutland_roman_villa_500","name":"Rutland Roman Villa","kind":"settlement","start_year":500,"end_year":1500,"importance":"city"}},{"type":"Feature","geometry":{"type":"Point","coordinates":[1.3323,51.2935]},"properties":{"id":"set_rutupiae_500","name":"Rutupiae","kind":"settlement","start_year":500,"end_year":1500,"importance":"city"}},{"type":"Feature","geometry":{"type":"Point","coordinates":[36.1953,55.6989]},"properties":{"id":"set_ruza_1328","name":"Ruza","kind":"settlement","start_year":1328,"end_year":1500,"importance":"city"}},{"type":"Feature","geometry":{"type":"Point","coordinates":[-8.4304,41.5483]},"properties":{"id":"set_ru_nas_romanas_das_carvalheiras_500","name":"Ruínas romanas das Carvalheiras","kind":"settlement","start_year":500,"end_year":1500,"importance":"city"}},{"type":"Feature","geometry":{"type":"Point","coordinates":[19.3083,49.0786]},"properties":{"id":"set_ru_omberok_1233","name":"Ružomberok","kind":"settlement","start_year":1233,"end_year":1500,"importance":"city"}},{"type":"Feature","geometry":{"type":"Point","coordinates":[17.8159,46.9176]},"properties":{"id":"set_rv_nyes_500","name":"Örvényes","kind":"settlement","start_year":500,"end_year":1500,"importance":"city"}},{"type":"Feature","geometry":{"type":"Point","coordinates":[39.7425,54.63]},"properties":{"id":"set_ryazan_1095","name":"Ryazan","kind":"settlement","start_year":1095,"end_year":1237,"importance":"city"}},{"type":"Feature","geometry":{"type":"Point","coordinates":[38.8333,58.05]},"properties":{"id":"set_rybinsk_1071","name":"Rybinsk","kind":"settlement","start_year":1071,"end_year":1500,"importance":"city"}},{"type":"Feature","geometry":{"type":"Point","coordinates":[18.5,50.0833]},"properties":{"id":"set_rybnik_1327","name":"Rybnik","kind":"settlement","start_year":1327,"end_year":1500,"importance":"city"}},{"type":"Feature","geometry":{"type":"Point","coordinates":[18.1717,52.0711]},"properties":{"id":"set_rychwa_1394","name":"Rychwał","kind":"settlement","start_year":1394,"end_year":1500,"importance":"city"}},{"type":"Feature","geometry":{"type":"Point","coordinates":[21.9333,51.6333]},"properties":{"id":"set_ryki_1442","name":"Ryki","kind":"settlement","start_year":1442,"end_year":1500,"importance":"city"}},{"type":"Feature","geometry":{"type":"Point","coordinates":[19.4069,53.0669]},"properties":{"id":"set_rypin_1065","name":"Rypin","kind":"settlement","start_year":1065,"end_year":1500,"importance":"city"}},{"type":"Feature","geometry":{"type":"Point","coordinates":[21.9989,50.0411]},"properties":{"id":"set_rzesz_w_1354","name":"Rzeszów","kind":"settlement","start_year":1354,"end_year":1500,"importance":"city"}},{"type":"Feature","geometry":{"type":"Point","coordinates":[19.4597,51.6622]},"properties":{"id":"set_rzg_w_1378","name":"Rzgów","kind":"settlement","start_year":1378,"end_year":1500,"importance":"city"}},{"type":"Feature","geometry":{"type":"Point","coordinates":[34.3276,56.2656]},"properties":{"id":"set_rzhev_1216","name":"Rzhev","kind":"settlement","start_year":1216,"end_year":1500,"importance":"city"}},{"type":"Feature","geometry":{"type":"Point","coordinates":[21.3856,52.8828]},"properties":{"id":"set_r_an_1387","name":"Różan","kind":"settlement","start_year":1387,"end_year":1500,"importance":"city"}},{"type":"Feature","geometry":{"type":"Point","coordinates":[8.7665,50.371]},"properties":{"id":"set_r_dgen_500","name":"Rödgen","kind":"settlement","start_year":500,"end_year":1500,"importance":"city"}},{"type":"Feature","geometry":{"type":"Point","coordinates":[25.9192,47.8425]},"properties":{"id":"set_r_d_u_i_1393","name":"Rădăuți","kind":"settlement","start_year":1393,"end_year":1500,"importance":"city"}},{"type":"Feature","geometry":{"type":"Point","coordinates":[27.06,45.38]},"properties":{"id":"set_r_mnicu_s_rat_1439","name":"Râmnicu Sărat","kind":"settlement","start_year":1439,"end_year":1500,"importance":"city"}},{"type":"Feature","geometry":{"type":"Point","coordinates":[14.7,55.1]},"properties":{"id":"set_r_nne_1327","name":"Rønne","kind":"settlement","start_year":1327,"end_year":1500,"importance":"city"}},{"type":"Feature","geometry":{"type":"Point","coordinates":[-6.138,42.2592]},"properties":{"id":"set_r_o_eria_500","name":"Río Eria","kind":"settlement","start_year":500,"end_year":1500,"importance":"city"}},{"type":"Feature","geometry":{"type":"Point","coordinates":[-2.6862,37.4316]},"properties":{"id":"set_r_o_golop_n_500","name":"Río Golopón","kind":"settlement","start_year":500,"end_year":1500,"importance":"city"}},{"type":"Feature","geometry":{"type":"Point","coordinates":[47.6173,33.503]},"properties":{"id":"set_r_sulaym_n_500","name":"Ḥūr Sulaymān","kind":"settlement","start_year":500,"end_year":1500,"importance":"city"}},{"type":"Feature","geometry":{"type":"Point","coordinates":[23.8653,46.4119]},"properties":{"id":"set_r_zboieni_cetate_roman_castrum_500","name":"Războieni-Cetate Roman castrum","kind":"settlement","start_year":500,"end_year":1500,"importance":"city"}},{"type":"Feature","geometry":{"type":"Point","coordinates":[50.4899,26.184]},"properties":{"id":"set_saar_site_500","name":"Saar Site","kind":"settlement","start_year":500,"end_year":1500,"importance":"city"}},{"type":"Feature","geometry":{"type":"Point","coordinates":[30.5417,19.925]},"properties":{"id":"set_sabu_jaddi_500","name":"Sabu-Jaddi","kind":"settlement","start_year":500,"end_year":1500,"importance":"city"}},{"type":"Feature","geometry":{"type":"Point","coordinates":[8.8862,40.8287]},"properties":{"id":"set_sacred_well_of_predio_canopoli_500","name":"Sacred well of Predio Canopoli","kind":"settlement","start_year":500,"end_year":1500,"importance":"city"}},{"type":"Feature","geometry":{"type":"Point","coordinates":[-8.9966,37.0229]},"properties":{"id":"set_sacrum_pr_500","name":"Sacrum Pr.","kind":"settlement","start_year":500,"end_year":1500,"importance":"city"}},{"type":"Feature","geometry":{"type":"Point","coordinates":[11.3311,43.3186]},"properties":{"id":"set_saena_500","name":"Saena","kind":"settlement","start_year":500,"end_year":1500,"importance":"city"}},{"type":"Feature","geometry":{"type":"Point","coordinates":[14.6176,41.4335]},"properties":{"id":"set_saepinum_500","name":"Saepinum","kind":"settlement","start_year":500,"end_year":1500,"importance":"city"}},{"type":"Feature","geometry":{"type":"Point","coordinates":[-0.5178,38.9885]},"properties":{"id":"set_saetabis_500","name":"Saetabis","kind":"settlement","start_year":500,"end_year":1500,"importance":"city"}},{"type":"Feature","geometry":{"type":"Point","coordinates":[-1.5787,47.5015]},"properties":{"id":"set_saffr_500","name":"Saffré","kind":"settlement","start_year":500,"end_year":1500,"importance":"city"}},{"type":"Feature","geometry":{"type":"Point","coordinates":[-0.2772,39.6781]},"properties":{"id":"set_saguntum_arse_500","name":"Saguntum/Arse","kind":"settlement","start_year":500,"end_year":1500,"importance":"city"}},{"type":"Feature","geometry":{"type":"Point","coordinates":[36.0043,31.8787]},"properties":{"id":"set_sahab_500","name":"Sahab","kind":"settlement","start_year":500,"end_year":1500,"importance":"city"}},{"type":"Feature","geometry":{"type":"Point","coordinates":[72.3625,34.7571]},"properties":{"id":"set_saidu_sharif_monastery_500","name":"Saidu Sharif Monastery","kind":"settlement","start_year":500,"end_year":1500,"importance":"city"}},{"type":"Feature","geometry":{"type":"Point","coordinates":[4.4313,43.4479]},"properties":{"id":"set_saintes_marie_de_la_mer_roman_port_500","name":"Saintes-Marie-de-la-Mer Roman Port","kind":"settlement","start_year":500,"end_year":1500,"importance":"city"}},{"type":"Feature","geometry":{"type":"Point","coordinates":[44.3097,40.167]},"properties":{"id":"set_saint_hripsime_church_500","name":"Saint Hripsime Church","kind":"settlement","start_year":500,"end_year":1500,"importance":"city"}},{"type":"Feature","geometry":{"type":"Point","coordinates":[4.1231,46.1528]},"properties":{"id":"set_saint_nizier_sous_charlieu_500","name":"Saint-Nizier-sous-Charlieu","kind":"settlement","start_year":500,"end_year":1500,"importance":"city"}},{"type":"Feature","geometry":{"type":"Point","coordinates":[5.0054,43.7147]},"properties":{"id":"set_saint_pierre_de_vence_500","name":"Saint-Pierre de Vence","kind":"settlement","start_year":500,"end_year":1500,"importance":"city"}},{"type":"Feature","geometry":{"type":"Point","coordinates":[-0.1916,44.5716]},"properties":{"id":"set_saint_pierre_d_aurillac_500","name":"Saint-Pierre-d'Aurillac","kind":"settlement","start_year":500,"end_year":1500,"importance":"city"}},{"type":"Feature","geometry":{"type":"Point","coordinates":[6.796,46.4732]},"properties":{"id":"set_saint_saphorin_500","name":"Saint-Saphorin","kind":"settlement","start_year":500,"end_year":1500,"importance":"city"}},{"type":"Feature","geometry":{"type":"Point","coordinates":[-0.6676,46.1391]},"properties":{"id":"set_saint_saturnin_du_bois_gallo_roman_villa_500","name":"Saint-Saturnin-du-Bois Gallo-Roman villa","kind":"settlement","start_year":500,"end_year":1500,"importance":"city"}},{"type":"Feature","geometry":{"type":"Point","coordinates":[30.7744,30.9671]},"properties":{"id":"set_sais_500","name":"Sais","kind":"settlement","start_year":500,"end_year":1500,"importance":"city"}},{"type":"Feature","geometry":{"type":"Point","coordinates":[23.5303,37.9488]},"properties":{"id":"set_salamis_settlement_500","name":"Salamis (settlement)","kind":"settlement","start_year":500,"end_year":1500,"importance":"city"}},{"type":"Feature","geometry":{"type":"Point","coordinates":[5.058,36.7409]},"properties":{"id":"set_saldae_500","name":"Saldae","kind":"settlement","start_year":500,"end_year":1500,"importance":"city"}},{"type":"Feature","geometry":{"type":"Point","coordinates":[12.8009,37.8174]},"properties":{"id":"set_salemi_500","name":"Salemi","kind":"settlement","start_year":500,"end_year":1500,"importance":"city"}},{"type":"Feature","geometry":{"type":"Point","coordinates":[14.762,40.681]},"properties":{"id":"set_salerno","name":"Salerno","kind":"settlement","start_year":839,"end_year":1500,"importance":"city"}},{"type":"Feature","geometry":{"type":"Point","coordinates":[14.7659,40.678]},"properties":{"id":"set_salernum_500","name":"Salernum","kind":"settlement","start_year":500,"end_year":1500,"importance":"city"}},{"type":"Feature","geometry":{"type":"Point","coordinates":[36.7104,32.4939]},"properties":{"id":"set_salkhad_castle_500","name":"Salkhad Castle","kind":"settlement","start_year":500,"end_year":1500,"importance":"city"}},{"type":"Feature","geometry":{"type":"Point","coordinates":[18.369,39.7937]},"properties":{"id":"set_sallentinum_iapygia_500","name":"Sallentinum/Iapygia","kind":"settlement","start_year":500,"end_year":1500,"importance":"city"}},{"type":"Feature","geometry":{"type":"Point","coordinates":[-5.6631,40.965]},"properties":{"id":"set_salmantica_500","name":"Salmantica","kind":"settlement","start_year":500,"end_year":1500,"importance":"city"}},{"type":"Feature","geometry":{"type":"Point","coordinates":[28.3655,41.4532]},"properties":{"id":"set_salmydessos_coastal_region_500","name":"Salmydessos (coastal region)","kind":"settlement","start_year":500,"end_year":1500,"importance":"city"}},{"type":"Feature","geometry":{"type":"Point","coordinates":[28.0957,41.6348]},"properties":{"id":"set_salmydessos_settlement_500","name":"Salmydessos (settlement)","kind":"settlement","start_year":500,"end_year":1500,"importance":"city"}},{"type":"Feature","geometry":{"type":"Point","coordinates":[9.99,44.5106]},"properties":{"id":"set_saltus_berusetis_500","name":"Saltus Berusetis","kind":"settlement","start_year":500,"end_year":1500,"importance":"city"}},{"type":"Feature","geometry":{"type":"Point","coordinates":[9.6339,44.5019]},"properties":{"id":"set_saltus_bitunia_e_500","name":"Saltus Bitunia(e)","kind":"settlement","start_year":500,"end_year":1500,"importance":"city"}},{"type":"Feature","geometry":{"type":"Point","coordinates":[9.1438,36.5638]},"properties":{"id":"set_saltus_blandianus_500","name":"Saltus Blandianus","kind":"settlement","start_year":500,"end_year":1500,"importance":"city"}},{"type":"Feature","geometry":{"type":"Point","coordinates":[7.0448,36.4022]},"properties":{"id":"set_saltus_poctanensis_p_h_osphorianus_500","name":"Saltus Poctanensis P(h)osphorianus","kind":"settlement","start_year":500,"end_year":1500,"importance":"city"}},{"type":"Feature","geometry":{"type":"Point","coordinates":[57.2311,22.7467]},"properties":{"id":"set_salut_500","name":"Salut","kind":"settlement","start_year":500,"end_year":1500,"importance":"city"}},{"type":"Feature","geometry":{"type":"Point","coordinates":[15.9933,41.4034]},"properties":{"id":"set_sal_a_pia_i_salinae_500","name":"Sal(a)pia(i)/Salinae","kind":"settlement","start_year":500,"end_year":1500,"importance":"city"}},{"type":"Feature","geometry":{"type":"Point","coordinates":[-5.7815,37.1815]},"properties":{"id":"set_sal_pens_a_500","name":"Sal(pens)a","kind":"settlement","start_year":500,"end_year":1500,"importance":"city"}},{"type":"Feature","geometry":{"type":"Point","coordinates":[66.975,39.627]},"properties":{"id":"set_samarkand","name":"Samarkand","kind":"settlement","start_year":500,"end_year":1220,"importance":"capital"}},{"type":"Feature","geometry":{"type":"Point","coordinates":[2.2979,49.8936]},"properties":{"id":"set_samarobriva_ambianorum_500","name":"Samarobriva Ambianorum","kind":"settlement","start_year":500,"end_year":1500,"importance":"city"}},{"type":"Feature","geometry":{"type":"Point","coordinates":[43.8767,34.2001]},"properties":{"id":"set_samarra_sumere_500","name":"[Samarra]/‘Sumere’","kind":"settlement","start_year":500,"end_year":1500,"importance":"city"}},{"type":"Feature","geometry":{"type":"Point","coordinates":[20.6476,38.2508]},"properties":{"id":"set_same_samos_settlement_500","name":"Same/Samos (settlement)","kind":"settlement","start_year":500,"end_year":1500,"importance":"city"}},{"type":"Feature","geometry":{"type":"Point","coordinates":[26.7927,37.629]},"properties":{"id":"set_samiopoula_island_500","name":"Samiopoula (island)","kind":"settlement","start_year":500,"end_year":1500,"importance":"city"}},{"type":"Feature","geometry":{"type":"Point","coordinates":[23.5576,42.3371]},"properties":{"id":"set_samokov_500","name":"Samokov","kind":"settlement","start_year":500,"end_year":1500,"importance":"city"}},{"type":"Feature","geometry":{"type":"Point","coordinates":[38.5304,37.5258]},"properties":{"id":"set_samosata_500","name":"Samosata","kind":"settlement","start_year":500,"end_year":1500,"importance":"city"}},{"type":"Feature","geometry":{"type":"Point","coordinates":[25.5338,40.5021]},"properties":{"id":"set_samothrace_settlement_500","name":"Samothrace (settlement)","kind":"settlement","start_year":500,"end_year":1500,"importance":"city"}},{"type":"Feature","geometry":{"type":"Point","coordinates":[44.504,41.5067]},"properties":{"id":"set_samshvilde_500","name":"Samshvilde","kind":"settlement","start_year":500,"end_year":1500,"importance":"city"}},{"type":"Feature","geometry":{"type":"Point","coordinates":[33.9438,24.7492]},"properties":{"id":"set_samut_1_500","name":"Samut 1","kind":"settlement","start_year":500,"end_year":1500,"importance":"city"}},{"type":"Feature","geometry":{"type":"Point","coordinates":[36.6783,37.1032]},"properties":{"id":"set_sam_al_500","name":"Sam'al","kind":"settlement","start_year":500,"end_year":1500,"importance":"city"}},{"type":"Feature","geometry":{"type":"Point","coordinates":[44.6663,41.0871]},"properties":{"id":"set_sanahin_monastery_500","name":"Sanahin Monastery","kind":"settlement","start_year":500,"end_year":1500,"importance":"city"}},{"type":"Feature","geometry":{"type":"Point","coordinates":[23.1436,37.3249]},"properties":{"id":"set_sanctuary_of_apollo_at_halieis_500","name":"Sanctuary of Apollo at Halieis","kind":"settlement","start_year":500,"end_year":1500,"importance":"city"}},{"type":"Feature","geometry":{"type":"Point","coordinates":[25.0622,39.8936]},"properties":{"id":"set_sanctuary_of_artemis_at_avlonas_500","name":"Sanctuary of Artemis at Avlonas","kind":"settlement","start_year":500,"end_year":1500,"importance":"city"}},{"type":"Feature","geometry":{"type":"Point","coordinates":[21.9303,37.1787]},"properties":{"id":"set_sanctuary_of_artemis_limnatis_at_messene_500","name":"Sanctuary of Artemis Limnatis at Messene","kind":"settlement","start_year":500,"end_year":1500,"importance":"city"}},{"type":"Feature","geometry":{"type":"Point","coordinates":[22.4234,37.0827]},"properties":{"id":"set_sanctuary_of_athena_chalkioikos_500","name":"Sanctuary of Athena Chalkioikos","kind":"settlement","start_year":500,"end_year":1500,"importance":"city"}},{"type":"Feature","geometry":{"type":"Point","coordinates":[22.0533,39.2667]},"properties":{"id":"set_sanctuary_of_athena_itonia_500","name":"Sanctuary of Athena Itonia","kind":"settlement","start_year":500,"end_year":1500,"importance":"city"}},{"type":"Feature","geometry":{"type":"Point","coordinates":[21.8927,37.8707]},"properties":{"id":"set_sanctuary_of_erynike_aphrodite_500","name":"Sanctuary of Erynike Aphrodite ","kind":"settlement","start_year":500,"end_year":1500,"importance":"city"}},{"type":"Feature","geometry":{"type":"Point","coordinates":[33.4594,29.0367]},"properties":{"id":"set_sanctuary_of_hathor_serabit_el_khadim_500","name":"Sanctuary of Hathor (Serabit el-Khadim)","kind":"settlement","start_year":500,"end_year":1500,"importance":"city"}},{"type":"Feature","geometry":{"type":"Point","coordinates":[0.6209,49.1791]},"properties":{"id":"set_sanctuary_of_mercury_canetonnessis_500","name":"Sanctuary of Mercury Canetonnessis","kind":"settlement","start_year":500,"end_year":1500,"importance":"city"}},{"type":"Feature","geometry":{"type":"Point","coordinates":[10.2848,45.9541]},"properties":{"id":"set_sanctuary_of_minerva_at_spinera_500","name":"Sanctuary of Minerva at Spinera","kind":"settlement","start_year":500,"end_year":1500,"importance":"city"}},{"type":"Feature","geometry":{"type":"Point","coordinates":[23.4801,37.5226]},"properties":{"id":"set_sanctuary_of_poseidon_at_kalaureia_poros_500","name":"Sanctuary of Poseidon at Kalaureia, Poros","kind":"settlement","start_year":500,"end_year":1500,"importance":"city"}},{"type":"Feature","geometry":{"type":"Point","coordinates":[23.1451,38.3625]},"properties":{"id":"set_sanctuary_of_poseidon_onchestos_500","name":"Sanctuary of Poseidon (Onchestos)","kind":"settlement","start_year":500,"end_year":1500,"importance":"city"}},{"type":"Feature","geometry":{"type":"Point","coordinates":[48.5617,33.2345]},"properties":{"id":"set_sangtarashan_500","name":"Sangtarashan","kind":"settlement","start_year":500,"end_year":1500,"importance":"city"}},{"type":"Feature","geometry":{"type":"Point","coordinates":[-5.342,35.7322]},"properties":{"id":"set_sania_500","name":"Sania","kind":"settlement","start_year":500,"end_year":1500,"importance":"city"}},{"type":"Feature","geometry":{"type":"Point","coordinates":[34.227,37.4237]},"properties":{"id":"set_sannabadae_mon_500","name":"Sannabadae, Mon.","kind":"settlement","start_year":500,"end_year":1500,"importance":"city"}},{"type":"Feature","geometry":{"type":"Point","coordinates":[-16.2472,28.4629]},"properties":{"id":"set_santa_cruz_de_tenerife_1494","name":"Santa Cruz de Tenerife","kind":"settlement","start_year":1494,"end_year":1500,"importance":"city"}},{"type":"Feature","geometry":{"type":"Point","coordinates":[-4.9042,38.5966]},"properties":{"id":"set_santa_eufemia_500","name":"Santa Eufemia","kind":"settlement","start_year":500,"end_year":1500,"importance":"city"}},{"type":"Feature","geometry":{"type":"Point","coordinates":[8.6291,40.8719]},"properties":{"id":"set_santa_filitica_500","name":"Santa Filitica","kind":"settlement","start_year":500,"end_year":1500,"importance":"city"}},{"type":"Feature","geometry":{"type":"Point","coordinates":[13.0383,43.6668]},"properties":{"id":"set_santa_maria_in_portuno_500","name":"Santa Maria in Portuno","kind":"settlement","start_year":500,"end_year":1500,"importance":"city"}},{"type":"Feature","geometry":{"type":"Point","coordinates":[13.8487,46.616]},"properties":{"id":"set_santicum_500","name":"Santicum","kind":"settlement","start_year":500,"end_year":1500,"importance":"city"}},{"type":"Feature","geometry":{"type":"Point","coordinates":[-1.4182,46.0279]},"properties":{"id":"set_santonon_akron_500","name":"Santonon Akron","kind":"settlement","start_year":500,"end_year":1500,"importance":"city"}},{"type":"Feature","geometry":{"type":"Point","coordinates":[1.6813,41.7344]},"properties":{"id":"set_sant_aman_de_vilad_s_500","name":"Sant Amanç de Viladés","kind":"settlement","start_year":500,"end_year":1500,"importance":"city"}},{"type":"Feature","geometry":{"type":"Point","coordinates":[15.5015,41.8613]},"properties":{"id":"set_sant_annea_500","name":"Sant'Annea","kind":"settlement","start_year":500,"end_year":1500,"importance":"city"}},{"type":"Feature","geometry":{"type":"Point","coordinates":[-3.2062,38.2484]},"properties":{"id":"set_sant_esteuan_500","name":"Sant Esteuan","kind":"settlement","start_year":500,"end_year":1500,"importance":"city"}},{"type":"Feature","geometry":{"type":"Point","coordinates":[8.3225,44.1944]},"properties":{"id":"set_san_antonino_di_perti_500","name":"San Antonino di Perti","kind":"settlement","start_year":500,"end_year":1500,"importance":"city"}},{"type":"Feature","geometry":{"type":"Point","coordinates":[8.9129,39.3177]},"properties":{"id":"set_san_cromazio_roman_villa_500","name":"San Cromazio Roman Villa","kind":"settlement","start_year":500,"end_year":1500,"importance":"city"}},{"type":"Feature","geometry":{"type":"Point","coordinates":[12.3355,45.4385]},"properties":{"id":"set_san_giacomo_di_rialto_500","name":"San Giacomo di Rialto","kind":"settlement","start_year":500,"end_year":1500,"importance":"city"}},{"type":"Feature","geometry":{"type":"Point","coordinates":[12.4484,43.932]},"properties":{"id":"set_san_marino_301","name":"San Marino","kind":"settlement","start_year":301,"end_year":1500,"importance":"city"}},{"type":"Feature","geometry":{"type":"Point","coordinates":[8.705,40.3934]},"properties":{"id":"set_san_nicola_di_trullas_500","name":"San Nicola di Trullas","kind":"settlement","start_year":500,"end_year":1500,"importance":"city"}},{"type":"Feature","geometry":{"type":"Point","coordinates":[-4.8678,40.8055]},"properties":{"id":"set_san_pedro_del_arroyo_500","name":"San Pedro del Arroyo","kind":"settlement","start_year":500,"end_year":1500,"importance":"city"}},{"type":"Feature","geometry":{"type":"Point","coordinates":[10.2281,45.5397]},"properties":{"id":"set_san_salvatore_monastery_500","name":"San Salvatore monastery","kind":"settlement","start_year":500,"end_year":1500,"importance":"city"}},{"type":"Feature","geometry":{"type":"Point","coordinates":[35.2374,40.2541]},"properties":{"id":"set_sapinuwa_500","name":"Sapinuwa","kind":"settlement","start_year":500,"end_year":1500,"importance":"city"}},{"type":"Feature","geometry":{"type":"Point","coordinates":[33.7609,26.3731]},"properties":{"id":"set_saqia_500","name":"Saqia","kind":"settlement","start_year":500,"end_year":1500,"importance":"city"}},{"type":"Feature","geometry":{"type":"Point","coordinates":[31.2194,29.8624]},"properties":{"id":"set_saqqarah_500","name":"Saqqarah","kind":"settlement","start_year":500,"end_year":1500,"importance":"city"}},{"type":"Feature","geometry":{"type":"Point","coordinates":[18.4131,43.8564]},"properties":{"id":"set_sarajevo_1462","name":"Sarajevo","kind":"settlement","start_year":1462,"end_year":1500,"importance":"city"}},{"type":"Feature","geometry":{"type":"Point","coordinates":[27.2514,41.7324]},"properties":{"id":"set_saranta_ekkl_siai_500","name":"Saranta Ekklēsiai","kind":"settlement","start_year":500,"end_year":1500,"importance":"city"}},{"type":"Feature","geometry":{"type":"Point","coordinates":[40.499,37.6086]},"properties":{"id":"set_sardeoua_sardebar_500","name":"Sardeoua/‘Sardebar’","kind":"settlement","start_year":500,"end_year":1500,"importance":"city"}},{"type":"Feature","geometry":{"type":"Point","coordinates":[43.4609,38.353]},"properties":{"id":"set_sardurihinili_500","name":"Sardurihinili","kind":"settlement","start_year":500,"end_year":1500,"importance":"city"}},{"type":"Feature","geometry":{"type":"Point","coordinates":[27.232,35.888]},"properties":{"id":"set_saros_500","name":"Saros","kind":"settlement","start_year":500,"end_year":1500,"importance":"city"}},{"type":"Feature","geometry":{"type":"Point","coordinates":[11.1096,59.2839]},"properties":{"id":"set_sarpsborg_1016","name":"Sarpsborg","kind":"settlement","start_year":1016,"end_year":1500,"importance":"city"}},{"type":"Feature","geometry":{"type":"Point","coordinates":[12.1422,43.9194]},"properties":{"id":"set_sarsina_500","name":"Sarsina","kind":"settlement","start_year":500,"end_year":1500,"importance":"city"}},{"type":"Feature","geometry":{"type":"Point","coordinates":[10.6887,35.4438]},"properties":{"id":"set_sarsura_500","name":"Sarsura?","kind":"settlement","start_year":500,"end_year":1500,"importance":"city"}},{"type":"Feature","geometry":{"type":"Point","coordinates":[53.2311,29.1956]},"properties":{"id":"set_sarvestan_palace_500","name":"Sarvestan Palace","kind":"settlement","start_year":500,"end_year":1500,"importance":"city"}},{"type":"Feature","geometry":{"type":"Point","coordinates":[52.4129,29.3488]},"properties":{"id":"set_sassanid_archaeological_landscape_of_fars_region_500","name":"Sassanid Archaeological Landscape of Fars Region","kind":"settlement","start_year":500,"end_year":1500,"importance":"city"}},{"type":"Feature","geometry":{"type":"Point","coordinates":[1.9254,43.6749]},"properties":{"id":"set_satiago_500","name":"Satiago","kind":"settlement","start_year":500,"end_year":1500,"importance":"city"}},{"type":"Feature","geometry":{"type":"Point","coordinates":[22.89,47.79]},"properties":{"id":"set_satu_mare_1200","name":"Satu Mare","kind":"settlement","start_year":1200,"end_year":1500,"importance":"city"}},{"type":"Feature","geometry":{"type":"Point","coordinates":[17.3063,40.3719]},"properties":{"id":"set_satyrion_saturum_500","name":"Satyrion/Saturum","kind":"settlement","start_year":500,"end_year":1500,"importance":"city"}},{"type":"Feature","geometry":{"type":"Point","coordinates":[35.7643,38.1853]},"properties":{"id":"set_sat_k_y_500","name":"Satıköy","kind":"settlement","start_year":500,"end_year":1500,"importance":"city"}},{"type":"Feature","geometry":{"type":"Point","coordinates":[5.0333,44.2212]},"properties":{"id":"set_sausses_500","name":"Sausses","kind":"settlement","start_year":500,"end_year":1500,"importance":"city"}},{"type":"Feature","geometry":{"type":"Point","coordinates":[5.132,48.6048]},"properties":{"id":"set_savonni_res_en_perthois_500","name":"Savonnières-en-Perthois","kind":"settlement","start_year":500,"end_year":1500,"importance":"city"}},{"type":"Feature","geometry":{"type":"Point","coordinates":[8.4772,44.3111]},"properties":{"id":"set_savo_vicus_virginis_500","name":"Savo/Vicus Virginis?","kind":"settlement","start_year":500,"end_year":1500,"importance":"city"}},{"type":"Feature","geometry":{"type":"Point","coordinates":[34.0364,26.5572]},"properties":{"id":"set_saww_500","name":"Saww","kind":"settlement","start_year":500,"end_year":1500,"importance":"city"}},{"type":"Feature","geometry":{"type":"Point","coordinates":[9.4862,40.2584]},"properties":{"id":"set_sa_sedda_e_sos_carros_500","name":"Sa Sedda 'e sos Carros","kind":"settlement","start_year":500,"end_year":1500,"importance":"city"}},{"type":"Feature","geometry":{"type":"Point","coordinates":[26.7608,43.7382]},"properties":{"id":"set_sboryanovo_historical_and_archaeological_reserve_500","name":"Sboryanovo Historical and Archaeological Reserve","kind":"settlement","start_year":500,"end_year":1500,"importance":"city"}},{"type":"Feature","geometry":{"type":"Point","coordinates":[-0.3882,54.2874]},"properties":{"id":"set_scarborough_castle_500","name":"Scarborough Castle","kind":"settlement","start_year":500,"end_year":1500,"importance":"city"}},{"type":"Feature","geometry":{"type":"Point","coordinates":[1.3398,45.3161]},"properties":{"id":"set_scauriniacum_500","name":"Scauriniacum","kind":"settlement","start_year":500,"end_year":1500,"importance":"city"}},{"type":"Feature","geometry":{"type":"Point","coordinates":[0.5837,48.1036]},"properties":{"id":"set_sceaux_sur_huisne_500","name":"Sceaux-sur-Huisne","kind":"settlement","start_year":500,"end_year":1500,"importance":"city"}},{"type":"Feature","geometry":{"type":"Point","coordinates":[-10.5389,51.7719]},"properties":{"id":"set_sceilg_mhich_l_500","name":"Sceilg Mhichíl","kind":"settlement","start_year":500,"end_year":1500,"importance":"city"}},{"type":"Feature","geometry":{"type":"Point","coordinates":[13.9688,31.3948]},"properties":{"id":"set_scemech_500","name":"Scemech","kind":"settlement","start_year":500,"end_year":1500,"importance":"city"}},{"type":"Feature","geometry":{"type":"Point","coordinates":[4.4,51.9167]},"properties":{"id":"set_schiedam_1201","name":"Schiedam","kind":"settlement","start_year":1201,"end_year":1500,"importance":"city"}},{"type":"Feature","geometry":{"type":"Point","coordinates":[9.5593,50.6759]},"properties":{"id":"set_schlitz_1116","name":"Schlitz","kind":"settlement","start_year":1116,"end_year":1500,"importance":"city"}},{"type":"Feature","geometry":{"type":"Point","coordinates":[8.5288,50.1542]},"properties":{"id":"set_schwalbach_am_taunus_781","name":"Schwalbach am Taunus","kind":"settlement","start_year":781,"end_year":1500,"importance":"city"}},{"type":"Feature","geometry":{"type":"Point","coordinates":[16.3623,47.636]},"properties":{"id":"set_schwarzenbach_500","name":"Schwarzenbach","kind":"settlement","start_year":500,"end_year":1500,"importance":"city"}},{"type":"Feature","geometry":{"type":"Point","coordinates":[11.415,53.6289]},"properties":{"id":"set_schwerin_1161","name":"Schwerin","kind":"settlement","start_year":1161,"end_year":1500,"importance":"city"}},{"type":"Feature","geometry":{"type":"Point","coordinates":[11.0511,42.6733]},"properties":{"id":"set_scoglietto_500","name":"Scoglietto","kind":"settlement","start_year":500,"end_year":1500,"importance":"city"}},{"type":"Feature","geometry":{"type":"Point","coordinates":[22.8098,46.4897]},"properties":{"id":"set_sc_ri_oara_500","name":"Scărişoara","kind":"settlement","start_year":500,"end_year":1500,"importance":"city"}},{"type":"Feature","geometry":{"type":"Point","coordinates":[31.24,30.9641]},"properties":{"id":"set_sebennytos_500","name":"Sebennytos","kind":"settlement","start_year":500,"end_year":1500,"importance":"city"}},{"type":"Feature","geometry":{"type":"Point","coordinates":[8.5713,45.7744]},"properties":{"id":"set_sebuinus_vicus_500","name":"Sebuinus Vicus","kind":"settlement","start_year":500,"end_year":1500,"importance":"city"}},{"type":"Feature","geometry":{"type":"Point","coordinates":[-0.7644,53.3349]},"properties":{"id":"set_segelocum_500","name":"Segelocum","kind":"settlement","start_year":500,"end_year":1500,"importance":"city"}},{"type":"Feature","geometry":{"type":"Point","coordinates":[-4.0101,42.5157]},"properties":{"id":"set_segisama_iulia_500","name":"Segisama Iulia","kind":"settlement","start_year":500,"end_year":1500,"importance":"city"}},{"type":"Feature","geometry":{"type":"Point","coordinates":[-2.813,39.8853]},"properties":{"id":"set_segobriga_500","name":"Segobriga","kind":"settlement","start_year":500,"end_year":1500,"importance":"city"}},{"type":"Feature","geometry":{"type":"Point","coordinates":[2.5728,44.3511]},"properties":{"id":"set_segodunum_500","name":"Segodunum","kind":"settlement","start_year":500,"end_year":1500,"importance":"city"}},{"type":"Feature","geometry":{"type":"Point","coordinates":[-4.2658,53.1365]},"properties":{"id":"set_segontium_roman_bath_house_500","name":"Segontium: Roman Bath House","kind":"settlement","start_year":500,"end_year":1500,"importance":"city"}},{"type":"Feature","geometry":{"type":"Point","coordinates":[42.4732,36.8571]},"properties":{"id":"set_seh_gubba_500","name":"Seh Gubba","kind":"settlement","start_year":500,"end_year":1500,"importance":"city"}},{"type":"Feature","geometry":{"type":"Point","coordinates":[1.1995,42.8634]},"properties":{"id":"set_seix_500","name":"Seix","kind":"settlement","start_year":500,"end_year":1500,"importance":"city"}},{"type":"Feature","geometry":{"type":"Point","coordinates":[35.7266,30.7504]},"properties":{"id":"set_sela_500","name":"Sela","kind":"settlement","start_year":500,"end_year":1500,"importance":"city"}},{"type":"Feature","geometry":{"type":"Point","coordinates":[33.9215,36.3793]},"properties":{"id":"set_seleucia_ad_calycadnum_tracheia_500","name":"Seleucia ad Calycadnum/Tracheia","kind":"settlement","start_year":500,"end_year":1500,"importance":"city"}},{"type":"Feature","geometry":{"type":"Point","coordinates":[30.6175,37.8998]},"properties":{"id":"set_seleucia_claudioseleucia_seleucia_sidera_500","name":"Seleucia/Claudioseleucia/Seleucia Sidera","kind":"settlement","start_year":500,"end_year":1500,"importance":"city"}},{"type":"Feature","geometry":{"type":"Point","coordinates":[51,27]},"properties":{"id":"set_seleukeia_on_the_erythraian_sea_500","name":"Seleukeia on the Erythraian Sea","kind":"settlement","start_year":500,"end_year":1500,"importance":"city"}},{"type":"Feature","geometry":{"type":"Point","coordinates":[31.1263,37.2254]},"properties":{"id":"set_selge_500","name":"Selge","kind":"settlement","start_year":500,"end_year":1500,"importance":"city"}},{"type":"Feature","geometry":{"type":"Point","coordinates":[32.2827,36.2585]},"properties":{"id":"set_selinous_traianopolis_500","name":"Selinous/Traianopolis","kind":"settlement","start_year":500,"end_year":1500,"importance":"city"}},{"type":"Feature","geometry":{"type":"Point","coordinates":[21.6081,37.6005]},"properties":{"id":"set_selino_u_s_river_near_krestena_500","name":"Selino(u)s (river near Krestena)","kind":"settlement","start_year":500,"end_year":1500,"importance":"city"}},{"type":"Feature","geometry":{"type":"Point","coordinates":[39.4333,14.6752]},"properties":{"id":"set_sembel_500","name":"Sembel","kind":"settlement","start_year":500,"end_year":1500,"importance":"city"}},{"type":"Feature","geometry":{"type":"Point","coordinates":[9.0238,39.6204]},"properties":{"id":"set_semilitenses_500","name":"Semilitenses","kind":"settlement","start_year":500,"end_year":1500,"importance":"city"}},{"type":"Feature","geometry":{"type":"Point","coordinates":[78.3757,50.894]},"properties":{"id":"set_semiyarka_500","name":"Semiyarka","kind":"settlement","start_year":500,"end_year":1500,"importance":"city"}},{"type":"Feature","geometry":{"type":"Point","coordinates":[30.9672,21.5002]},"properties":{"id":"set_semna_500","name":"Semna","kind":"settlement","start_year":500,"end_year":1500,"importance":"city"}},{"type":"Feature","geometry":{"type":"Point","coordinates":[13.218,43.715]},"properties":{"id":"set_sena_gallica_500","name":"Sena Gallica","kind":"settlement","start_year":500,"end_year":1500,"importance":"city"}},{"type":"Feature","geometry":{"type":"Point","coordinates":[17.3667,48.6806]},"properties":{"id":"set_senica_1217","name":"Senica","kind":"settlement","start_year":1217,"end_year":1500,"importance":"city"}},{"type":"Feature","geometry":{"type":"Point","coordinates":[126.99,37.56]},"properties":{"id":"set_seoul_1395","name":"Seoul","kind":"settlement","start_year":1395,"end_year":1500,"importance":"city"}},{"type":"Feature","geometry":{"type":"Point","coordinates":[-5.3166,35.8882]},"properties":{"id":"set_septem_500","name":"Septem","kind":"settlement","start_year":500,"end_year":1500,"importance":"city"}},{"type":"Feature","geometry":{"type":"Point","coordinates":[12.8362,42.4756]},"properties":{"id":"set_septem_aquae_500","name":"Septem Aquae","kind":"settlement","start_year":500,"end_year":1500,"importance":"city"}},{"type":"Feature","geometry":{"type":"Point","coordinates":[4.2522,49.1498]},"properties":{"id":"set_sept_saulx_500","name":"Sept-Saulx","kind":"settlement","start_year":500,"end_year":1500,"importance":"city"}},{"type":"Feature","geometry":{"type":"Point","coordinates":[35.9166,20.2636]},"properties":{"id":"set_serakoit_500","name":"Serakoit","kind":"settlement","start_year":500,"end_year":1500,"importance":"city"}},{"type":"Feature","geometry":{"type":"Point","coordinates":[17.7333,48.2833]},"properties":{"id":"set_sere_1313","name":"Sereď","kind":"settlement","start_year":1313,"end_year":1500,"importance":"city"}},{"type":"Feature","geometry":{"type":"Point","coordinates":[24.5062,37.1557]},"properties":{"id":"set_seriphos_settlement_500","name":"Seriphos (settlement)","kind":"settlement","start_year":500,"end_year":1500,"importance":"city"}},{"type":"Feature","geometry":{"type":"Point","coordinates":[37.4,54.9167]},"properties":{"id":"set_serpukhov_1339","name":"Serpukhov","kind":"settlement","start_year":1339,"end_year":1500,"importance":"city"}},{"type":"Feature","geometry":{"type":"Point","coordinates":[-8.1656,38.54]},"properties":{"id":"set_serra_dos_monges_500","name":"Serra dos Monges","kind":"settlement","start_year":500,"end_year":1500,"importance":"city"}},{"type":"Feature","geometry":{"type":"Point","coordinates":[45.9852,43.1095]},"properties":{"id":"set_serzhen_yurt_500","name":"Serzhen'yurt","kind":"settlement","start_year":500,"end_year":1500,"importance":"city"}},{"type":"Feature","geometry":{"type":"Point","coordinates":[30.5431,20.1096]},"properties":{"id":"set_sesebi_500","name":"Sesebi","kind":"settlement","start_year":500,"end_year":1500,"importance":"city"}},{"type":"Feature","geometry":{"type":"Point","coordinates":[-5.4976,37.7036]},"properties":{"id":"set_setefilla_500","name":"Setefilla","kind":"settlement","start_year":500,"end_year":1500,"importance":"city"}},{"type":"Feature","geometry":{"type":"Point","coordinates":[24.3607,45.1059]},"properties":{"id":"set_settlement_north_of_buridava_roman_fort_and_vicus_500","name":"Settlement north of Buridava Roman fort and Vicus","kind":"settlement","start_year":500,"end_year":1500,"importance":"city"}},{"type":"Feature","geometry":{"type":"Point","coordinates":[25.3629,42.6123]},"properties":{"id":"set_seuthopolis_500","name":"Seuthopolis","kind":"settlement","start_year":500,"end_year":1500,"importance":"city"}},{"type":"Feature","geometry":{"type":"Point","coordinates":[-5.984,37.389]},"properties":{"id":"set_seville","name":"Seville","kind":"settlement","start_year":1147,"end_year":1500,"importance":"capital"}},{"type":"Feature","geometry":{"type":"Point","coordinates":[-5.9925,37.3862]},"properties":{"id":"set_seville_city_1248","name":"Seville city","kind":"settlement","start_year":1248,"end_year":1500,"importance":"city"}},{"type":"Feature","geometry":{"type":"Point","coordinates":[31.9278,37.4849]},"properties":{"id":"set_seydi_ehir_500","name":"Seydişehir","kind":"settlement","start_year":500,"end_year":1500,"importance":"city"}},{"type":"Feature","geometry":{"type":"Point","coordinates":[29.8637,39.581]},"properties":{"id":"set_seyit_mer_h_y_k_500","name":"Seyitömer Höyük","kind":"settlement","start_year":500,"end_year":1500,"importance":"city"}},{"type":"Feature","geometry":{"type":"Point","coordinates":[32.3011,22.648]},"properties":{"id":"set_shablul_tene_500","name":"Shablul/Tene?","kind":"settlement","start_year":500,"end_year":1500,"importance":"city"}},{"type":"Feature","geometry":{"type":"Point","coordinates":[40.7205,36.2082]},"properties":{"id":"set_shadikanni_ar_a_ban_h_oraba_castellum_arabum_500","name":"Shadikanni/Ar(a)ban/(H)Oraba?/*Castellum Arabum","kind":"settlement","start_year":500,"end_year":1500,"importance":"city"}},{"type":"Feature","geometry":{"type":"Point","coordinates":[65.0867,30.5778]},"properties":{"id":"set_shahr_i_ghulghula_500","name":"Shahr-i Ghulghula","kind":"settlement","start_year":500,"end_year":1500,"importance":"city"}},{"type":"Feature","geometry":{"type":"Point","coordinates":[64.9855,32.3552]},"properties":{"id":"set_shahr_i_kuhna_500","name":"Shahr-i Kuhna","kind":"settlement","start_year":500,"end_year":1500,"importance":"city"}},{"type":"Feature","geometry":{"type":"Point","coordinates":[45.9,43.15]},"properties":{"id":"set_shali_1400","name":"Shali","kind":"settlement","start_year":1400,"end_year":1500,"importance":"city"}},{"type":"Feature","geometry":{"type":"Point","coordinates":[49.6903,32.0533]},"properties":{"id":"set_shami_500","name":"Shami","kind":"settlement","start_year":500,"end_year":1500,"importance":"city"}},{"type":"Feature","geometry":{"type":"Point","coordinates":[65.5008,31.5831]},"properties":{"id":"set_shamshir_ghar_500","name":"Shamshir Ghar","kind":"settlement","start_year":500,"end_year":1500,"importance":"city"}},{"type":"Feature","geometry":{"type":"Point","coordinates":[121.4692,31.2325]},"properties":{"id":"set_shanghai_1292","name":"Shanghai","kind":"settlement","start_year":1292,"end_year":1500,"importance":"city"}},{"type":"Feature","geometry":{"type":"Point","coordinates":[-1.4703,53.3808]},"properties":{"id":"set_sheffield_701","name":"Sheffield","kind":"settlement","start_year":701,"end_year":1500,"importance":"city"}},{"type":"Feature","geometry":{"type":"Point","coordinates":[-2.5473,51.1897]},"properties":{"id":"set_shepton_mallet_500","name":"Shepton Mallet","kind":"settlement","start_year":500,"end_year":1500,"importance":"city"}},{"type":"Feature","geometry":{"type":"Point","coordinates":[67.0116,37.6658]},"properties":{"id":"set_sherabad_oasis_500","name":"Sherabad Oasis","kind":"settlement","start_year":500,"end_year":1500,"importance":"city"}},{"type":"Feature","geometry":{"type":"Point","coordinates":[52.531,29.611]},"properties":{"id":"set_shiraz","name":"Shiraz","kind":"settlement","start_year":693,"end_year":1500,"importance":"capital"}},{"type":"Feature","geometry":{"type":"Point","coordinates":[36.2684,34.5279]},"properties":{"id":"set_shir_as_sanam_inscription_500","name":"Shir as-Sanam Inscription","kind":"settlement","start_year":500,"end_year":1500,"importance":"city"}},{"type":"Feature","geometry":{"type":"Point","coordinates":[31.0347,59.945]},"properties":{"id":"set_shlisselburg_1323","name":"Shlisselburg","kind":"settlement","start_year":1323,"end_year":1500,"importance":"city"}},{"type":"Feature","geometry":{"type":"Point","coordinates":[69.5256,37.3237]},"properties":{"id":"set_shortugai_500","name":"Shortugai","kind":"settlement","start_year":500,"end_year":1500,"importance":"city"}},{"type":"Feature","geometry":{"type":"Point","coordinates":[27.0268,43.2822]},"properties":{"id":"set_shoumen_500","name":"Shoumen","kind":"settlement","start_year":500,"end_year":1500,"importance":"city"}},{"type":"Feature","geometry":{"type":"Point","coordinates":[42.094,42.0696]},"properties":{"id":"set_shukhuti_500","name":"Shukhuti","kind":"settlement","start_year":500,"end_year":1500,"importance":"city"}},{"type":"Feature","geometry":{"type":"Point","coordinates":[19.6531,42.0705]},"properties":{"id":"set_shurdhah_modern_island_500","name":"Shurdhah (modern island)","kind":"settlement","start_year":500,"end_year":1500,"importance":"city"}},{"type":"Feature","geometry":{"type":"Point","coordinates":[69.6,42.3]},"properties":{"id":"set_shymkent_1101","name":"Shymkent","kind":"settlement","start_year":1101,"end_year":1500,"importance":"city"}},{"type":"Feature","geometry":{"type":"Point","coordinates":[35.9999,35.1996]},"properties":{"id":"set_siannu_500","name":"Siannu","kind":"settlement","start_year":500,"end_year":1500,"importance":"city"}},{"type":"Feature","geometry":{"type":"Point","coordinates":[24.15,45.8]},"properties":{"id":"set_sibiu_1191","name":"Sibiu","kind":"settlement","start_year":1191,"end_year":1500,"importance":"city"}},{"type":"Feature","geometry":{"type":"Point","coordinates":[8.8591,45.7288]},"properties":{"id":"set_sibrium_500","name":"Sibrium","kind":"settlement","start_year":500,"end_year":1500,"importance":"city"}},{"type":"Feature","geometry":{"type":"Point","coordinates":[8.7122,36.1806]},"properties":{"id":"set_sicca_veneria_500","name":"Sicca Veneria","kind":"settlement","start_year":500,"end_year":1500,"importance":"city"}},{"type":"Feature","geometry":{"type":"Point","coordinates":[1.1055,44.4333]},"properties":{"id":"set_sicinaco_500","name":"Sicinaco","kind":"settlement","start_year":500,"end_year":1500,"importance":"city"}},{"type":"Feature","geometry":{"type":"Point","coordinates":[17.5,37.5]},"properties":{"id":"set_siculum_ausonium_mare_500","name":"Siculum/Ausonium Mare","kind":"settlement","start_year":500,"end_year":1500,"importance":"city"}},{"type":"Feature","geometry":{"type":"Point","coordinates":[23.8963,46.9297]},"properties":{"id":"set_sic_500","name":"Sic","kind":"settlement","start_year":500,"end_year":1500,"importance":"city"}},{"type":"Feature","geometry":{"type":"Point","coordinates":[31.3922,36.7684]},"properties":{"id":"set_side_500","name":"Side","kind":"settlement","start_year":500,"end_year":1500,"importance":"city"}},{"type":"Feature","geometry":{"type":"Point","coordinates":[-5.9553,34.1484]},"properties":{"id":"set_sidi_el_mekki_500","name":"Sidi el Mekki","kind":"settlement","start_year":500,"end_year":1500,"importance":"city"}},{"type":"Feature","geometry":{"type":"Point","coordinates":[-5.9448,34.5309]},"properties":{"id":"set_sidi_larbi_boujema_500","name":"Sidi Larbi Boujema","kind":"settlement","start_year":500,"end_year":1500,"importance":"city"}},{"type":"Feature","geometry":{"type":"Point","coordinates":[-5.9974,34.3087]},"properties":{"id":"set_sidi_mohammed_ben_naseur_500","name":"Sidi Mohammed ben Naseur","kind":"settlement","start_year":500,"end_year":1500,"importance":"city"}},{"type":"Feature","geometry":{"type":"Point","coordinates":[2.3355,36.5685]},"properties":{"id":"set_sidi_moussa_500","name":"Sidi Moussa","kind":"settlement","start_year":500,"end_year":1500,"importance":"city"}},{"type":"Feature","geometry":{"type":"Point","coordinates":[13.0336,32.2662]},"properties":{"id":"set_sidi_sames_500","name":"Sidi Sames","kind":"settlement","start_year":500,"end_year":1500,"importance":"city"}},{"type":"Feature","geometry":{"type":"Point","coordinates":[9.5244,36.6579]},"properties":{"id":"set_sidi_sa_d_500","name":"Sidi-Saïd","kind":"settlement","start_year":500,"end_year":1500,"importance":"city"}},{"type":"Feature","geometry":{"type":"Point","coordinates":[35.3728,33.5619]},"properties":{"id":"set_sidon_col_aurelia_pia_500","name":"Sidon/Col. Aurelia Pia","kind":"settlement","start_year":500,"end_year":1500,"importance":"city"}},{"type":"Feature","geometry":{"type":"Point","coordinates":[22.2833,52.1833]},"properties":{"id":"set_siedlce_1448","name":"Siedlce","kind":"settlement","start_year":1448,"end_year":1500,"importance":"city"}},{"type":"Feature","geometry":{"type":"Point","coordinates":[19.0232,50.3123]},"properties":{"id":"set_siemianowice_l_skie_1178","name":"Siemianowice Śląskie","kind":"settlement","start_year":1178,"end_year":1500,"importance":"city"}},{"type":"Feature","geometry":{"type":"Point","coordinates":[-2.7629,36.8357]},"properties":{"id":"set_sierra_de_g_dor_500","name":"Sierra de Gádor","kind":"settlement","start_year":500,"end_year":1500,"importance":"city"}},{"type":"Feature","geometry":{"type":"Point","coordinates":[80.7573,7.9571]},"properties":{"id":"set_sigiriya_500","name":"Sigiriya","kind":"settlement","start_year":500,"end_year":1500,"importance":"city"}},{"type":"Feature","geometry":{"type":"Point","coordinates":[13.0222,41.6915]},"properties":{"id":"set_signia_500","name":"Signia","kind":"settlement","start_year":500,"end_year":1500,"importance":"city"}},{"type":"Feature","geometry":{"type":"Point","coordinates":[24.8544,57.1539]},"properties":{"id":"set_sigulda_1207","name":"Sigulda","kind":"settlement","start_year":1207,"end_year":1500,"importance":"city"}},{"type":"Feature","geometry":{"type":"Point","coordinates":[6.7853,36.1223]},"properties":{"id":"set_sigus_500","name":"Sigus","kind":"settlement","start_year":500,"end_year":1500,"importance":"city"}},{"type":"Feature","geometry":{"type":"Point","coordinates":[40.0708,36.8424]},"properties":{"id":"set_sikani_500","name":"Sikani","kind":"settlement","start_year":500,"end_year":1500,"importance":"city"}},{"type":"Feature","geometry":{"type":"Point","coordinates":[25.0891,36.6616]},"properties":{"id":"set_sikinos_settlement_500","name":"Sikinos (settlement)","kind":"settlement","start_year":500,"end_year":1500,"importance":"city"}},{"type":"Feature","geometry":{"type":"Point","coordinates":[32.367,30.8496]},"properties":{"id":"set_sile_500","name":"Sile","kind":"settlement","start_year":500,"end_year":1500,"importance":"city"}},{"type":"Feature","geometry":{"type":"Point","coordinates":[9.55,56.1667]},"properties":{"id":"set_silkeborg_1470","name":"Silkeborg","kind":"settlement","start_year":1470,"end_year":1500,"importance":"city"}},{"type":"Feature","geometry":{"type":"Point","coordinates":[32.9302,24.4843]},"properties":{"id":"set_silsilah_500","name":"Silsilah","kind":"settlement","start_year":500,"end_year":1500,"importance":"city"}},{"type":"Feature","geometry":{"type":"Point","coordinates":[-8.4384,37.1868]},"properties":{"id":"set_silves_roman_bridge_500","name":"Silves Roman Bridge","kind":"settlement","start_year":500,"end_year":1500,"importance":"city"}},{"type":"Feature","geometry":{"type":"Point","coordinates":[8.5753,36.4901]},"properties":{"id":"set_simitthu_500","name":"Simitthu","kind":"settlement","start_year":500,"end_year":1500,"importance":"city"}},{"type":"Feature","geometry":{"type":"Point","coordinates":[55.6477,25.6192]},"properties":{"id":"set_siniyah_island_monastery_500","name":"Siniyah Island Monastery","kind":"settlement","start_year":500,"end_year":1500,"importance":"city"}},{"type":"Feature","geometry":{"type":"Point","coordinates":[35.2642,32.0331]},"properties":{"id":"set_sinjil_1098","name":"Sinjil","kind":"settlement","start_year":1098,"end_year":1500,"importance":"city"}},{"type":"Feature","geometry":{"type":"Point","coordinates":[36.9081,36.2975]},"properties":{"id":"set_sinkhar_500","name":"Sinkhar","kind":"settlement","start_year":500,"end_year":1500,"importance":"city"}},{"type":"Feature","geometry":{"type":"Point","coordinates":[35.143,42.0258]},"properties":{"id":"set_sinope_500","name":"Sinope","kind":"settlement","start_year":500,"end_year":1500,"importance":"city"}},{"type":"Feature","geometry":{"type":"Point","coordinates":[5.1868,50.8156]},"properties":{"id":"set_sint_truiden_601","name":"Sint-Truiden","kind":"settlement","start_year":601,"end_year":1500,"importance":"city"}},{"type":"Feature","geometry":{"type":"Point","coordinates":[7.2228,50.5286]},"properties":{"id":"set_sinzig_500","name":"Sinzig","kind":"settlement","start_year":500,"end_year":1500,"importance":"city"}},{"type":"Feature","geometry":{"type":"Point","coordinates":[13.5071,45.4674]},"properties":{"id":"set_siparis_500","name":"Siparis","kind":"settlement","start_year":500,"end_year":1500,"importance":"city"}},{"type":"Feature","geometry":{"type":"Point","coordinates":[40.2001,37.4042]},"properties":{"id":"set_siphrios_500","name":"Siphrios","kind":"settlement","start_year":500,"end_year":1500,"importance":"city"}},{"type":"Feature","geometry":{"type":"Point","coordinates":[34.0863,25.4024]},"properties":{"id":"set_siqdit_500","name":"Siqdit","kind":"settlement","start_year":500,"end_year":1500,"importance":"city"}},{"type":"Feature","geometry":{"type":"Point","coordinates":[12.958,37.8911]},"properties":{"id":"set_sirignano_500","name":"Sirignano","kind":"settlement","start_year":500,"end_year":1500,"importance":"city"}},{"type":"Feature","geometry":{"type":"Point","coordinates":[16.5414,40.149]},"properties":{"id":"set_siris_500","name":"Siris","kind":"settlement","start_year":500,"end_year":1500,"importance":"city"}},{"type":"Feature","geometry":{"type":"Point","coordinates":[35.7438,37.0032]},"properties":{"id":"set_sirkeli_h_y_k_500","name":"Sirkeli Höyük","kind":"settlement","start_year":500,"end_year":1500,"importance":"city"}},{"type":"Feature","geometry":{"type":"Point","coordinates":[0.0108,45.6147]},"properties":{"id":"set_siroialum_500","name":"*Siroialum?","kind":"settlement","start_year":500,"end_year":1500,"importance":"city"}},{"type":"Feature","geometry":{"type":"Point","coordinates":[23.5425,41.088]},"properties":{"id":"set_sirra_500","name":"Sirra","kind":"settlement","start_year":500,"end_year":1500,"importance":"city"}},{"type":"Feature","geometry":{"type":"Point","coordinates":[72.8494,33.7743]},"properties":{"id":"set_sirsukh_500","name":"Sirsukh","kind":"settlement","start_year":500,"end_year":1500,"importance":"city"}},{"type":"Feature","geometry":{"type":"Point","coordinates":[-4.5179,38.646]},"properties":{"id":"set_sisapo_500","name":"Sisapo","kind":"settlement","start_year":500,"end_year":1500,"importance":"city"}},{"type":"Feature","geometry":{"type":"Point","coordinates":[1.5506,45.3642]},"properties":{"id":"set_sisciacum_500","name":"*Sisciacum","kind":"settlement","start_year":500,"end_year":1500,"importance":"city"}},{"type":"Feature","geometry":{"type":"Point","coordinates":[35.8164,37.4489]},"properties":{"id":"set_siss_500","name":"Sissû","kind":"settlement","start_year":500,"end_year":1500,"importance":"city"}},{"type":"Feature","geometry":{"type":"Point","coordinates":[44.4555,34.088]},"properties":{"id":"set_sittace_500","name":"Sittace","kind":"settlement","start_year":500,"end_year":1500,"importance":"city"}},{"type":"Feature","geometry":{"type":"Point","coordinates":[52.9209,30.0792]},"properties":{"id":"set_sivand_500","name":"Sivand","kind":"settlement","start_year":500,"end_year":1500,"importance":"city"}},{"type":"Feature","geometry":{"type":"Point","coordinates":[34.7948,24.633]},"properties":{"id":"set_six_windows_building_complex_at_sikait_500","name":"Six Windows Building Complex at Sikait","kind":"settlement","start_year":500,"end_year":1500,"importance":"city"}},{"type":"Feature","geometry":{"type":"Point","coordinates":[79.8266,26.9763]},"properties":{"id":"set_siyapur_500","name":"Siyapur","kind":"settlement","start_year":500,"end_year":1500,"importance":"city"}},{"type":"Feature","geometry":{"type":"Point","coordinates":[-5.847,35.4483]},"properties":{"id":"set_si_ahmed_cherif_500","name":"Si Ahmed Cherif","kind":"settlement","start_year":500,"end_year":1500,"importance":"city"}},{"type":"Feature","geometry":{"type":"Point","coordinates":[9.9333,56.0333]},"properties":{"id":"set_skanderborg_1101","name":"Skanderborg","kind":"settlement","start_year":1101,"end_year":1500,"importance":"city"}},{"type":"Feature","geometry":{"type":"Point","coordinates":[-3.3417,59.0487]},"properties":{"id":"set_skara_brae_500","name":"Skara Brae","kind":"settlement","start_year":500,"end_year":1500,"importance":"city"}},{"type":"Feature","geometry":{"type":"Point","coordinates":[21.2486,51.3089]},"properties":{"id":"set_skaryszew_1198","name":"Skaryszew","kind":"settlement","start_year":1198,"end_year":1500,"importance":"city"}},{"type":"Feature","geometry":{"type":"Point","coordinates":[19.8667,50.2333]},"properties":{"id":"set_ska_a_1267","name":"Skała","kind":"settlement","start_year":1267,"end_year":1500,"importance":"city"}},{"type":"Feature","geometry":{"type":"Point","coordinates":[23.4889,39.1662]},"properties":{"id":"set_skiathos_settlement_500","name":"Skiathos (settlement)","kind":"settlement","start_year":500,"end_year":1500,"importance":"city"}},{"type":"Feature","geometry":{"type":"Point","coordinates":[15.6305,40.0763]},"properties":{"id":"set_skidros_500","name":"Skidros","kind":"settlement","start_year":500,"end_year":1500,"importance":"city"}},{"type":"Feature","geometry":{"type":"Point","coordinates":[20.143,51.9569]},"properties":{"id":"set_skierniewice_1457","name":"Skierniewice","kind":"settlement","start_year":1457,"end_year":1500,"importance":"city"}},{"type":"Feature","geometry":{"type":"Point","coordinates":[38.7867,37.1486]},"properties":{"id":"set_skirtos_river_500","name":"Skirtos (river)","kind":"settlement","start_year":500,"end_year":1500,"importance":"city"}},{"type":"Feature","geometry":{"type":"Point","coordinates":[23.6142,35.294]},"properties":{"id":"set_sklavopoula_500","name":"Sklavopoula","kind":"settlement","start_year":500,"end_year":1500,"importance":"city"}},{"type":"Feature","geometry":{"type":"Point","coordinates":[48.3238,58.2841]},"properties":{"id":"set_skornyakovskoe_gorodishche_500","name":"Skornyakovskoe Gorodishche","kind":"settlement","start_year":500,"end_year":1500,"importance":"city"}},{"type":"Feature","geometry":{"type":"Point","coordinates":[21.5333,56.2667]},"properties":{"id":"set_skuodas_1253","name":"Skuodas","kind":"settlement","start_year":1253,"end_year":1500,"importance":"city"}},{"type":"Feature","geometry":{"type":"Point","coordinates":[60.1243,57.3898]},"properties":{"id":"set_skvort_sovski_mound_500","name":"Skvort͡sovskiĭ Mound ","kind":"settlement","start_year":500,"end_year":1500,"importance":"city"}},{"type":"Feature","geometry":{"type":"Point","coordinates":[22.1231,40.7098]},"properties":{"id":"set_skydra_500","name":"Skydra","kind":"settlement","start_year":500,"end_year":1500,"importance":"city"}},{"type":"Feature","geometry":{"type":"Point","coordinates":[24.5654,38.903]},"properties":{"id":"set_skyros_settlement_500","name":"Skyros (settlement)","kind":"settlement","start_year":500,"end_year":1500,"importance":"city"}},{"type":"Feature","geometry":{"type":"Point","coordinates":[-1.8739,53.6532]},"properties":{"id":"set_slack_roman_fort_camulodonum_500","name":"Slack Roman Fort (Camulodonum?)","kind":"settlement","start_year":500,"end_year":1500,"importance":"city"}},{"type":"Feature","geometry":{"type":"Point","coordinates":[21.6885,44.9139]},"properties":{"id":"set_slatina_nera_500","name":"Slatina Nera","kind":"settlement","start_year":500,"end_year":1500,"importance":"city"}},{"type":"Feature","geometry":{"type":"Point","coordinates":[21.6667,55.05]},"properties":{"id":"set_slavsk_1292","name":"Slavsk","kind":"settlement","start_year":1292,"end_year":1500,"importance":"city"}},{"type":"Feature","geometry":{"type":"Point","coordinates":[18.3,52.3667]},"properties":{"id":"set_slesin_1231","name":"Slesin","kind":"settlement","start_year":1231,"end_year":1500,"importance":"city"}},{"type":"Feature","geometry":{"type":"Point","coordinates":[19.1519,48.6256]},"properties":{"id":"set_slia_1244","name":"Sliač","kind":"settlement","start_year":1244,"end_year":1500,"importance":"city"}},{"type":"Feature","geometry":{"type":"Point","coordinates":[21.6289,42.1739]},"properties":{"id":"set_slup_ane_500","name":"Slupčane","kind":"settlement","start_year":500,"end_year":1500,"importance":"city"}},{"type":"Feature","geometry":{"type":"Point","coordinates":[16.3715,45.4904]},"properties":{"id":"set_small_roman_theater_or_odeon_at_sisak_500","name":"Small Roman Theater or Odeon at Sisak","kind":"settlement","start_year":500,"end_year":1500,"importance":"city"}},{"type":"Feature","geometry":{"type":"Point","coordinates":[32.0453,54.7828]},"properties":{"id":"set_smolensk_863","name":"Smolensk","kind":"settlement","start_year":863,"end_year":1500,"importance":"city"}},{"type":"Feature","geometry":{"type":"Point","coordinates":[14.6111,31.7461]},"properties":{"id":"set_snemat_500","name":"Snemat","kind":"settlement","start_year":500,"end_year":1500,"importance":"city"}},{"type":"Feature","geometry":{"type":"Point","coordinates":[0.5019,52.8763]},"properties":{"id":"set_snettisham_500","name":"Snettisham","kind":"settlement","start_year":500,"end_year":1500,"importance":"city"}},{"type":"Feature","geometry":{"type":"Point","coordinates":[22.1567,48.9881]},"properties":{"id":"set_snina_1317","name":"Snina","kind":"settlement","start_year":1317,"end_year":1500,"importance":"city"}},{"type":"Feature","geometry":{"type":"Point","coordinates":[34.6307,30.8812]},"properties":{"id":"set_sobata_500","name":"Sobata","kind":"settlement","start_year":500,"end_year":1500,"importance":"city"}},{"type":"Feature","geometry":{"type":"Point","coordinates":[22.179,48.746]},"properties":{"id":"set_sobrance_1334","name":"Sobrance","kind":"settlement","start_year":1334,"end_year":1500,"importance":"city"}},{"type":"Feature","geometry":{"type":"Point","coordinates":[16.7444,50.8986]},"properties":{"id":"set_sob_tka_1221","name":"Sobótka","kind":"settlement","start_year":1221,"end_year":1500,"importance":"city"}},{"type":"Feature","geometry":{"type":"Point","coordinates":[22.1283,41.7217]},"properties":{"id":"set_sofilari_500","name":"Sofilari","kind":"settlement","start_year":500,"end_year":1500,"importance":"city"}},{"type":"Feature","geometry":{"type":"Point","coordinates":[-5.1655,38.5827]},"properties":{"id":"set_solana_de_belalc_zar_500","name":"Solana de Belalcázar","kind":"settlement","start_year":500,"end_year":1500,"importance":"city"}},{"type":"Feature","geometry":{"type":"Point","coordinates":[30.3341,20.4364]},"properties":{"id":"set_soleb_500","name":"Soleb","kind":"settlement","start_year":500,"end_year":1500,"importance":"city"}},{"type":"Feature","geometry":{"type":"Point","coordinates":[42.2833,59.0833]},"properties":{"id":"set_soligalich_1335","name":"Soligalich","kind":"settlement","start_year":1335,"end_year":1500,"importance":"city"}},{"type":"Feature","geometry":{"type":"Point","coordinates":[56.7667,59.6333]},"properties":{"id":"set_solikamsk_1430","name":"Solikamsk","kind":"settlement","start_year":1430,"end_year":1500,"importance":"city"}},{"type":"Feature","geometry":{"type":"Point","coordinates":[7.0847,51.1719]},"properties":{"id":"set_solingen_1067","name":"Solingen","kind":"settlement","start_year":1067,"end_year":1500,"importance":"city"}},{"type":"Feature","geometry":{"type":"Point","coordinates":[20.8029,38.8618]},"properties":{"id":"set_sollion_500","name":"Sollion","kind":"settlement","start_year":500,"end_year":1500,"importance":"city"}},{"type":"Feature","geometry":{"type":"Point","coordinates":[13.5313,38.0924]},"properties":{"id":"set_soluntum_500","name":"Soluntum","kind":"settlement","start_year":500,"end_year":1500,"importance":"city"}},{"type":"Feature","geometry":{"type":"Point","coordinates":[46.9167,61.3333]},"properties":{"id":"set_solvychegodsk_1301","name":"Solvychegodsk","kind":"settlement","start_year":1301,"end_year":1500,"importance":"city"}},{"type":"Feature","geometry":{"type":"Point","coordinates":[88.9769,25.0313]},"properties":{"id":"set_somapura_mahavihara_500","name":"Somapura Mahavihara","kind":"settlement","start_year":500,"end_year":1500,"importance":"city"}},{"type":"Feature","geometry":{"type":"Point","coordinates":[4.0064,39.9546]},"properties":{"id":"set_son_mercer_de_baix_500","name":"Son Mercer de Baix","kind":"settlement","start_year":500,"end_year":1500,"importance":"city"}},{"type":"Feature","geometry":{"type":"Point","coordinates":[28.2975,48.1558]},"properties":{"id":"set_soroca_1499","name":"Soroca","kind":"settlement","start_year":1499,"end_year":1500,"importance":"city"}},{"type":"Feature","geometry":{"type":"Point","coordinates":[-1.8048,51.0933]},"properties":{"id":"set_sorviodunum_500","name":"Sorviodunum","kind":"settlement","start_year":500,"end_year":1500,"importance":"city"}},{"type":"Feature","geometry":{"type":"Point","coordinates":[41.5222,39.9937]},"properties":{"id":"set_sos_h_y_k_500","name":"Sos Höyük","kind":"settlement","start_year":500,"end_year":1500,"importance":"city"}},{"type":"Feature","geometry":{"type":"Point","coordinates":[-3.751,37.2515]},"properties":{"id":"set_soto_de_roma_500","name":"Soto de Roma","kind":"settlement","start_year":500,"end_year":1500,"importance":"city"}},{"type":"Feature","geometry":{"type":"Point","coordinates":[-5.9977,34.6924]},"properties":{"id":"set_souk_el_arba_500","name":"Souk el Arba","kind":"settlement","start_year":500,"end_year":1500,"importance":"city"}},{"type":"Feature","geometry":{"type":"Point","coordinates":[3.6318,36.3912]},"properties":{"id":"set_souk_el_khemis_500","name":"Souk el Khemis","kind":"settlement","start_year":500,"end_year":1500,"importance":"city"}},{"type":"Feature","geometry":{"type":"Point","coordinates":[24.0263,37.6521]},"properties":{"id":"set_sounion_attica_settlement_and_deme_500","name":"Sounion (Attica: settlement and deme)","kind":"settlement","start_year":500,"end_year":1500,"importance":"city"}},{"type":"Feature","geometry":{"type":"Point","coordinates":[32.5864,34.7242]},"properties":{"id":"set_souskiou_vathyrkakas_cemetery_500","name":"Souskiou-Vathyrkakas Cemetery","kind":"settlement","start_year":500,"end_year":1500,"importance":"city"}},{"type":"Feature","geometry":{"type":"Point","coordinates":[28.7239,37.7078]},"properties":{"id":"set_south_agora_500","name":"South Agora","kind":"settlement","start_year":500,"end_year":1500,"importance":"city"}},{"type":"Feature","geometry":{"type":"Point","coordinates":[12.3785,42.1143]},"properties":{"id":"set_south_etruria_survey_area_500","name":"South Etruria Survey area","kind":"settlement","start_year":500,"end_year":1500,"importance":"city"}},{"type":"Feature","geometry":{"type":"Point","coordinates":[2.1479,48.5292]},"properties":{"id":"set_souzy_500","name":"Souzy","kind":"settlement","start_year":500,"end_year":1500,"importance":"city"}},{"type":"Feature","geometry":{"type":"Point","coordinates":[14.1781,32.7096]},"properties":{"id":"set_so_called_villa_selene_500","name":"So-called Villa Selene","kind":"settlement","start_year":500,"end_year":1500,"importance":"city"}},{"type":"Feature","geometry":{"type":"Point","coordinates":[25.329,41.8975]},"properties":{"id":"set_spahievo_500","name":"Spahievo","kind":"settlement","start_year":500,"end_year":1500,"importance":"city"}},{"type":"Feature","geometry":{"type":"Point","coordinates":[-1.2631,37.7339]},"properties":{"id":"set_spartarius_campus_500","name":"Spartarius? Campus","kind":"settlement","start_year":500,"end_year":1500,"importance":"city"}},{"type":"Feature","geometry":{"type":"Point","coordinates":[13.45,41.2503]},"properties":{"id":"set_speluncae_500","name":"Speluncae","kind":"settlement","start_year":500,"end_year":1500,"importance":"city"}},{"type":"Feature","geometry":{"type":"Point","coordinates":[-5.8061,36.8717]},"properties":{"id":"set_spera_500","name":"Spera","kind":"settlement","start_year":500,"end_year":1500,"importance":"city"}},{"type":"Feature","geometry":{"type":"Point","coordinates":[12.0931,44.6934]},"properties":{"id":"set_spina_500","name":"Spina","kind":"settlement","start_year":500,"end_year":1500,"importance":"city"}},{"type":"Feature","geometry":{"type":"Point","coordinates":[20.7531,48.9989]},"properties":{"id":"set_spi_sk_podhradie_1321","name":"Spišské Podhradie","kind":"settlement","start_year":1321,"end_year":1500,"importance":"city"}},{"type":"Feature","geometry":{"type":"Point","coordinates":[20.3667,49.3833]},"properties":{"id":"set_spi_sk_star_ves_1309","name":"Spišská Stará Ves","kind":"settlement","start_year":1309,"end_year":1500,"importance":"city"}},{"type":"Feature","geometry":{"type":"Point","coordinates":[20.7972,48.9497]},"properties":{"id":"set_spi_sk_vlachy_1243","name":"Spišské Vlachy","kind":"settlement","start_year":1243,"end_year":1500,"importance":"city"}},{"type":"Feature","geometry":{"type":"Point","coordinates":[6.0301,47.2346]},"properties":{"id":"set_square_castan_at_besan_on_500","name":"Square Castan at Besançon","kind":"settlement","start_year":500,"end_year":1500,"importance":"city"}},{"type":"Feature","geometry":{"type":"Point","coordinates":[67.8852,32.3318]},"properties":{"id":"set_sra_ghundai_ghazni_500","name":"Sra Ghundai, Ghazni","kind":"settlement","start_year":500,"end_year":1500,"importance":"city"}},{"type":"Feature","geometry":{"type":"Point","coordinates":[6.171,43.9438]},"properties":{"id":"set_stablo_500","name":"‘Stablo’","kind":"settlement","start_year":500,"end_year":1500,"importance":"city"}},{"type":"Feature","geometry":{"type":"Point","coordinates":[35.8967,37.2467]},"properties":{"id":"set_stadium_at_anazarbos_500","name":"Stadium at Anazarbos","kind":"settlement","start_year":500,"end_year":1500,"importance":"city"}},{"type":"Feature","geometry":{"type":"Point","coordinates":[23.7953,40.5918]},"properties":{"id":"set_stageira_500","name":"Stageira","kind":"settlement","start_year":500,"end_year":1500,"importance":"city"}},{"type":"Feature","geometry":{"type":"Point","coordinates":[34.9356,56.5075]},"properties":{"id":"set_staritsa_1297","name":"Staritsa","kind":"settlement","start_year":1297,"end_year":1500,"importance":"city"}},{"type":"Feature","geometry":{"type":"Point","coordinates":[20.4155,43.1282]},"properties":{"id":"set_stari_ras_500","name":"Stari Ras","kind":"settlement","start_year":500,"end_year":1500,"importance":"city"}},{"type":"Feature","geometry":{"type":"Point","coordinates":[24.547,42.5121]},"properties":{"id":"set_starosel_monumental_tomb_500","name":"Starosel Monumental Tomb","kind":"settlement","start_year":500,"end_year":1500,"importance":"city"}},{"type":"Feature","geometry":{"type":"Point","coordinates":[20.635,49.5636]},"properties":{"id":"set_stary_s_cz_1257","name":"Stary Sącz","kind":"settlement","start_year":1257,"end_year":1500,"importance":"city"}},{"type":"Feature","geometry":{"type":"Point","coordinates":[17.6956,48.7772]},"properties":{"id":"set_star_tur_1392","name":"Stará Turá","kind":"settlement","start_year":1392,"end_year":1500,"importance":"city"}},{"type":"Feature","geometry":{"type":"Point","coordinates":[21.1667,50.5606]},"properties":{"id":"set_stasz_w_1245","name":"Staszów","kind":"settlement","start_year":1245,"end_year":1500,"importance":"city"}},{"type":"Feature","geometry":{"type":"Point","coordinates":[5.7333,58.9701]},"properties":{"id":"set_stavanger_1125","name":"Stavanger","kind":"settlement","start_year":1125,"end_year":1500,"importance":"city"}},{"type":"Feature","geometry":{"type":"Point","coordinates":[9.2786,48.9655]},"properties":{"id":"set_steinheim_500","name":"Steinheim","kind":"settlement","start_year":500,"end_year":1500,"importance":"city"}},{"type":"Feature","geometry":{"type":"Point","coordinates":[0.9451,49.9067]},"properties":{"id":"set_ste_marguerite_sur_mer_500","name":"Ste-Marguerite-sur-Mer","kind":"settlement","start_year":500,"end_year":1500,"importance":"city"}},{"type":"Feature","geometry":{"type":"Point","coordinates":[5.2571,43.5285]},"properties":{"id":"set_ste_propice_500","name":"Ste-Propice","kind":"settlement","start_year":500,"end_year":1500,"importance":"city"}},{"type":"Feature","geometry":{"type":"Point","coordinates":[65.5472,25.4008]},"properties":{"id":"set_stobera_500","name":"Stobera","kind":"settlement","start_year":500,"end_year":1500,"importance":"city"}},{"type":"Feature","geometry":{"type":"Point","coordinates":[21.9744,41.5523]},"properties":{"id":"set_stobi_500","name":"Stobi","kind":"settlement","start_year":500,"end_year":1500,"importance":"city"}},{"type":"Feature","geometry":{"type":"Point","coordinates":[23.1068,42.095]},"properties":{"id":"set_stob_500","name":"Stob","kind":"settlement","start_year":500,"end_year":1500,"importance":"city"}},{"type":"Feature","geometry":{"type":"Point","coordinates":[18.063,59.334]},"properties":{"id":"set_stockholm","name":"Stockholm","kind":"settlement","start_year":1252,"end_year":1500,"importance":"city"}},{"type":"Feature","geometry":{"type":"Point","coordinates":[6.2387,50.7372]},"properties":{"id":"set_stolberg_breinigerberg_500","name":"Stolberg-Breinigerberg","kind":"settlement","start_year":500,"end_year":1500,"importance":"city"}},{"type":"Feature","geometry":{"type":"Point","coordinates":[1.1181,52.1937]},"properties":{"id":"set_stonham_aspal_500","name":"Stonham Aspal","kind":"settlement","start_year":500,"end_year":1500,"importance":"city"}},{"type":"Feature","geometry":{"type":"Point","coordinates":[7.752,48.573]},"properties":{"id":"set_strasbourg","name":"Strasbourg","kind":"settlement","start_year":500,"end_year":1500,"importance":"town"}},{"type":"Feature","geometry":{"type":"Point","coordinates":[13.75,53.5]},"properties":{"id":"set_strasburg_1201","name":"Strasburg","kind":"settlement","start_year":1201,"end_year":1500,"importance":"city"}},{"type":"Feature","geometry":{"type":"Point","coordinates":[-1.7064,52.1928]},"properties":{"id":"set_stratford_upon_avon_1196","name":"Stratford-upon-Avon","kind":"settlement","start_year":1196,"end_year":1500,"importance":"city"}},{"type":"Feature","geometry":{"type":"Point","coordinates":[28.0618,37.3137]},"properties":{"id":"set_stratonikeia_500","name":"Stratonikeia","kind":"settlement","start_year":500,"end_year":1500,"importance":"city"}},{"type":"Feature","geometry":{"type":"Point","coordinates":[21.3195,38.6717]},"properties":{"id":"set_stratos_500","name":"Stratos","kind":"settlement","start_year":500,"end_year":1500,"importance":"city"}},{"type":"Feature","geometry":{"type":"Point","coordinates":[16.874,50.2955]},"properties":{"id":"set_stronie_l_skie_1344","name":"Stronie Śląskie","kind":"settlement","start_year":1344,"end_year":1500,"importance":"city"}},{"type":"Feature","geometry":{"type":"Point","coordinates":[21.6514,49.205]},"properties":{"id":"set_stropkov_1245","name":"Stropkov","kind":"settlement","start_year":1245,"end_year":1500,"importance":"city"}},{"type":"Feature","geometry":{"type":"Point","coordinates":[18.7667,49.9167]},"properties":{"id":"set_strumie_1223","name":"Strumień","kind":"settlement","start_year":1223,"end_year":1500,"importance":"city"}},{"type":"Feature","geometry":{"type":"Point","coordinates":[18.2833,50.5]},"properties":{"id":"set_strzelce_opolskie_1300","name":"Strzelce Opolskie","kind":"settlement","start_year":1300,"end_year":1500,"importance":"city"}},{"type":"Feature","geometry":{"type":"Point","coordinates":[21.7911,49.8708]},"properties":{"id":"set_strzy_w_1373","name":"Strzyżów","kind":"settlement","start_year":1373,"end_year":1500,"importance":"city"}},{"type":"Feature","geometry":{"type":"Point","coordinates":[17.0333,48.2833]},"properties":{"id":"set_stupava_1269","name":"Stupava","kind":"settlement","start_year":1269,"end_year":1500,"importance":"city"}},{"type":"Feature","geometry":{"type":"Point","coordinates":[24.2618,38.1458]},"properties":{"id":"set_styra_500","name":"Styra","kind":"settlement","start_year":500,"end_year":1500,"importance":"city"}},{"type":"Feature","geometry":{"type":"Point","coordinates":[1.3243,49.1481]},"properties":{"id":"set_st_aubin_sur_gaillon_500","name":"St-Aubin-sur-Gaillon","kind":"settlement","start_year":500,"end_year":1500,"importance":"city"}},{"type":"Feature","geometry":{"type":"Point","coordinates":[2.9578,44.1644]},"properties":{"id":"set_st_beauz_ly_500","name":"St-Beauzély","kind":"settlement","start_year":500,"end_year":1500,"importance":"city"}},{"type":"Feature","geometry":{"type":"Point","coordinates":[4.6863,46.6572]},"properties":{"id":"set_st_boil_500","name":"St-Boil","kind":"settlement","start_year":500,"end_year":1500,"importance":"city"}},{"type":"Feature","geometry":{"type":"Point","coordinates":[3.6453,43.9539]},"properties":{"id":"set_st_bresson_500","name":"St-Bresson","kind":"settlement","start_year":500,"end_year":1500,"importance":"city"}},{"type":"Feature","geometry":{"type":"Point","coordinates":[0.6931,42.9143]},"properties":{"id":"set_st_b_at_500","name":"St-Béat","kind":"settlement","start_year":500,"end_year":1500,"importance":"city"}},{"type":"Feature","geometry":{"type":"Point","coordinates":[2.3689,46.5821]},"properties":{"id":"set_st_christophe_le_chaudry_500","name":"St-Christophe-le-Chaudry","kind":"settlement","start_year":500,"end_year":1500,"importance":"city"}},{"type":"Feature","geometry":{"type":"Point","coordinates":[1.4706,48.0398]},"properties":{"id":"set_st_cloud_en_dunois_500","name":"St-Cloud-en-Dunois","kind":"settlement","start_year":500,"end_year":1500,"importance":"city"}},{"type":"Feature","geometry":{"type":"Point","coordinates":[4.4849,46.9051]},"properties":{"id":"set_st_emilan_500","name":"St-Emilan","kind":"settlement","start_year":500,"end_year":1500,"importance":"city"}},{"type":"Feature","geometry":{"type":"Point","coordinates":[5.2059,43.8322]},"properties":{"id":"set_st_est_ve_de_m_nerbes_500","name":"St-Estève-de-Ménerbes","kind":"settlement","start_year":500,"end_year":1500,"importance":"city"}},{"type":"Feature","geometry":{"type":"Point","coordinates":[4.7959,43.9625]},"properties":{"id":"set_st_etienne_de_candau_500","name":"St-Etienne-de-Candau","kind":"settlement","start_year":500,"end_year":1500,"importance":"city"}},{"type":"Feature","geometry":{"type":"Point","coordinates":[3.5626,44.4558]},"properties":{"id":"set_st_etienne_du_valdonnez_500","name":"St-Etienne-du-Valdonnez","kind":"settlement","start_year":500,"end_year":1500,"importance":"city"}},{"type":"Feature","geometry":{"type":"Point","coordinates":[-4.3671,48.6026]},"properties":{"id":"set_st_fr_gant_500","name":"St-Frégant","kind":"settlement","start_year":500,"end_year":1500,"importance":"city"}},{"type":"Feature","geometry":{"type":"Point","coordinates":[2.4901,48.6202]},"properties":{"id":"set_st_germain_les_corbeil_500","name":"St-Germain-les-Corbeil","kind":"settlement","start_year":500,"end_year":1500,"importance":"city"}},{"type":"Feature","geometry":{"type":"Point","coordinates":[3.0577,43.5338]},"properties":{"id":"set_st_hilaire_500","name":"St-Hilaire","kind":"settlement","start_year":500,"end_year":1500,"importance":"city"}},{"type":"Feature","geometry":{"type":"Point","coordinates":[3.8849,44.1055]},"properties":{"id":"set_st_jean_du_gard_500","name":"St-Jean-du-Gard","kind":"settlement","start_year":500,"end_year":1500,"importance":"city"}},{"type":"Feature","geometry":{"type":"Point","coordinates":[5.0933,43.3633]},"properties":{"id":"set_st_julien_les_martigues_500","name":"St-Julien-les-Martigues","kind":"settlement","start_year":500,"end_year":1500,"importance":"city"}},{"type":"Feature","geometry":{"type":"Point","coordinates":[1.916,48.507]},"properties":{"id":"set_st_martin_br_thencourt_500","name":"St-Martin-Bréthencourt","kind":"settlement","start_year":500,"end_year":1500,"importance":"city"}},{"type":"Feature","geometry":{"type":"Point","coordinates":[-5.478,50.1175]},"properties":{"id":"set_st_michael_s_mount_500","name":"St Michael's Mount","kind":"settlement","start_year":500,"end_year":1500,"importance":"city"}},{"type":"Feature","geometry":{"type":"Point","coordinates":[14.0417,50.6592]},"properties":{"id":"set_st_nad_labem_1056","name":"Ústí nad Labem","kind":"settlement","start_year":1056,"end_year":1500,"importance":"city"}},{"type":"Feature","geometry":{"type":"Point","coordinates":[11.2586,46.4699]},"properties":{"id":"set_st_pauls_villa_500","name":"St. Pauls villa","kind":"settlement","start_year":500,"end_year":1500,"importance":"city"}},{"type":"Feature","geometry":{"type":"Point","coordinates":[-2.5456,49.4607]},"properties":{"id":"set_st_peter_port_500","name":" St-Peter-Port","kind":"settlement","start_year":500,"end_year":1500,"importance":"city"}},{"type":"Feature","geometry":{"type":"Point","coordinates":[2.7612,43.4877]},"properties":{"id":"set_st_pons_500","name":"St-Pons","kind":"settlement","start_year":500,"end_year":1500,"importance":"city"}},{"type":"Feature","geometry":{"type":"Point","coordinates":[5.2207,45.7506]},"properties":{"id":"set_st_romain_de_jalionas_500","name":"St-Romain-de-Jalionas","kind":"settlement","start_year":500,"end_year":1500,"importance":"city"}},{"type":"Feature","geometry":{"type":"Point","coordinates":[4.7968,44.9792]},"properties":{"id":"set_st_romain_de_lerps_500","name":"St-Romain-de-Lerps","kind":"settlement","start_year":500,"end_year":1500,"importance":"city"}},{"type":"Feature","geometry":{"type":"Point","coordinates":[3.4005,44.1126]},"properties":{"id":"set_st_sauveur_des_pourcils_500","name":"St-Sauveur-des-Pourcils","kind":"settlement","start_year":500,"end_year":1500,"importance":"city"}},{"type":"Feature","geometry":{"type":"Point","coordinates":[16.7081,52.2789]},"properties":{"id":"set_st_szew_1370","name":"Stęszew","kind":"settlement","start_year":1370,"end_year":1500,"importance":"city"}},{"type":"Feature","geometry":{"type":"Point","coordinates":[7.0172,48.7582]},"properties":{"id":"set_st_ulrich_500","name":"St. Ulrich","kind":"settlement","start_year":500,"end_year":1500,"importance":"city"}},{"type":"Feature","geometry":{"type":"Point","coordinates":[6.9148,44.6783]},"properties":{"id":"set_st_v_ran_mine_500","name":"St-Véran (mine)","kind":"settlement","start_year":500,"end_year":1500,"importance":"city"}},{"type":"Feature","geometry":{"type":"Point","coordinates":[11.5491,46.6191]},"properties":{"id":"set_sublavione_500","name":"‘Sublavione’","kind":"settlement","start_year":500,"end_year":1500,"importance":"city"}},{"type":"Feature","geometry":{"type":"Point","coordinates":[26.2556,47.6514]},"properties":{"id":"set_suceava_1388","name":"Suceava","kind":"settlement","start_year":1388,"end_year":1500,"importance":"city"}},{"type":"Feature","geometry":{"type":"Point","coordinates":[19.5886,49.7403]},"properties":{"id":"set_sucha_beskidzka_1405","name":"Sucha Beskidzka","kind":"settlement","start_year":1405,"end_year":1500,"importance":"city"}},{"type":"Feature","geometry":{"type":"Point","coordinates":[35.35,54.1]},"properties":{"id":"set_sukhinichi_1301","name":"Sukhinichi","kind":"settlement","start_year":1301,"end_year":1500,"importance":"city"}},{"type":"Feature","geometry":{"type":"Point","coordinates":[14.1334,31.6232]},"properties":{"id":"set_suk_el_oti_500","name":"Suk el-Oti","kind":"settlement","start_year":500,"end_year":1500,"importance":"city"}},{"type":"Feature","geometry":{"type":"Point","coordinates":[72.7848,40.5293]},"properties":{"id":"set_sulayman_mountain_500","name":"Sulayman Mountain","kind":"settlement","start_year":500,"end_year":1500,"importance":"city"}},{"type":"Feature","geometry":{"type":"Point","coordinates":[8.4515,39.0715]},"properties":{"id":"set_sulci_s_500","name":"Sulci(s)","kind":"settlement","start_year":500,"end_year":1500,"importance":"city"}},{"type":"Feature","geometry":{"type":"Point","coordinates":[19.8847,51.3528]},"properties":{"id":"set_sulej_w_1145","name":"Sulejów","kind":"settlement","start_year":1145,"end_year":1500,"importance":"city"}},{"type":"Feature","geometry":{"type":"Point","coordinates":[54.4342,17.0389]},"properties":{"id":"set_sumhuram_500","name":"Sumhuram","kind":"settlement","start_year":500,"end_year":1500,"importance":"city"}},{"type":"Feature","geometry":{"type":"Point","coordinates":[10.8213,48.6504]},"properties":{"id":"set_summuntorium_500","name":"Summuntorium","kind":"settlement","start_year":500,"end_year":1500,"importance":"city"}},{"type":"Feature","geometry":{"type":"Point","coordinates":[10.3539,46.1664]},"properties":{"id":"set_summus_vicus_500","name":"Summus Vicus","kind":"settlement","start_year":500,"end_year":1500,"importance":"city"}},{"type":"Feature","geometry":{"type":"Point","coordinates":[23.3333,53.2167]},"properties":{"id":"set_supra_l_1500","name":"Supraśl","kind":"settlement","start_year":1500,"end_year":1500,"importance":"city"}},{"type":"Feature","geometry":{"type":"Point","coordinates":[45.4734,38.9791]},"properties":{"id":"set_surb_stepanos_vank_500","name":"Surb Stepanos Vank","kind":"settlement","start_year":500,"end_year":1500,"importance":"city"}},{"type":"Feature","geometry":{"type":"Point","coordinates":[44.5444,39.0923]},"properties":{"id":"set_surb_tadeos_500","name":"Surb Tadeos","kind":"settlement","start_year":500,"end_year":1500,"importance":"city"}},{"type":"Feature","geometry":{"type":"Point","coordinates":[23.5494,46.5408]},"properties":{"id":"set_surduc_500","name":"Surduc","kind":"settlement","start_year":500,"end_year":1500,"importance":"city"}},{"type":"Feature","geometry":{"type":"Point","coordinates":[17.1026,31.1304]},"properties":{"id":"set_surt_500","name":"Surt","kind":"settlement","start_year":500,"end_year":1500,"importance":"city"}},{"type":"Feature","geometry":{"type":"Point","coordinates":[48.2535,32.1899]},"properties":{"id":"set_susa_seleucia_ad_eulaeum_500","name":"Susa/Seleucia ad Eulaeum","kind":"settlement","start_year":500,"end_year":1500,"importance":"city"}},{"type":"Feature","geometry":{"type":"Point","coordinates":[40.4489,56.4211]},"properties":{"id":"set_suzdal_1024","name":"Suzdal","kind":"settlement","start_year":1024,"end_year":1500,"importance":"city"}},{"type":"Feature","geometry":{"type":"Point","coordinates":[8.5588,39.2069]},"properties":{"id":"set_su_carroppu_500","name":"Su Carroppu","kind":"settlement","start_year":500,"end_year":1500,"importance":"city"}},{"type":"Feature","geometry":{"type":"Point","coordinates":[21.5678,49.3056]},"properties":{"id":"set_svidn_k_1355","name":"Svidník","kind":"settlement","start_year":1355,"end_year":1500,"importance":"city"}},{"type":"Feature","geometry":{"type":"Point","coordinates":[-3.95,51.6167]},"properties":{"id":"set_swansea_1158","name":"Swansea","kind":"settlement","start_year":1158,"end_year":1500,"importance":"city"}},{"type":"Feature","geometry":{"type":"Point","coordinates":[16.4943,39.7173]},"properties":{"id":"set_sybaris_thurii_copia_500","name":"Sybaris/Thurii/Copia","kind":"settlement","start_year":500,"end_year":1500,"importance":"city"}},{"type":"Feature","geometry":{"type":"Point","coordinates":[34.2736,55.8253]},"properties":{"id":"set_sychyovka_1488","name":"Sychyovka","kind":"settlement","start_year":1488,"end_year":1500,"importance":"city"}},{"type":"Feature","geometry":{"type":"Point","coordinates":[32.9015,24.0886]},"properties":{"id":"set_syene_500","name":"Syene","kind":"settlement","start_year":500,"end_year":1500,"importance":"city"}},{"type":"Feature","geometry":{"type":"Point","coordinates":[30.5461,38.534]},"properties":{"id":"set_synnada_500","name":"Synnada","kind":"settlement","start_year":500,"end_year":1500,"importance":"city"}},{"type":"Feature","geometry":{"type":"Point","coordinates":[9.234,41.4073]},"properties":{"id":"set_syrakousanos_limen_500","name":"Syrakousanos Limen","kind":"settlement","start_year":500,"end_year":1500,"importance":"city"}},{"type":"Feature","geometry":{"type":"Point","coordinates":[28.1792,36.7144]},"properties":{"id":"set_syrna_500","name":"Syrna","kind":"settlement","start_year":500,"end_year":1500,"importance":"city"}},{"type":"Feature","geometry":{"type":"Point","coordinates":[15.5227,50.8257]},"properties":{"id":"set_szklarska_por_ba_1366","name":"Szklarska Poręba","kind":"settlement","start_year":1366,"end_year":1500,"importance":"city"}},{"type":"Feature","geometry":{"type":"Point","coordinates":[20.85,51.2333]},"properties":{"id":"set_szyd_owiec_1427","name":"Szydłowiec","kind":"settlement","start_year":1427,"end_year":1500,"importance":"city"}},{"type":"Feature","geometry":{"type":"Point","coordinates":[21.0028,50.5906]},"properties":{"id":"set_szyd_w_1191","name":"Szydłów","kind":"settlement","start_year":1191,"end_year":1500,"importance":"city"}},{"type":"Feature","geometry":{"type":"Point","coordinates":[18.4108,47.191]},"properties":{"id":"set_sz_kesfeh_rv_r_972","name":"Székesfehérvár","kind":"settlement","start_year":972,"end_year":1500,"importance":"city"}},{"type":"Feature","geometry":{"type":"Point","coordinates":[29.6585,40.6888]},"properties":{"id":"set_s_autonomos_mon_500","name":"S. Autonomos, Mon.","kind":"settlement","start_year":500,"end_year":1500,"importance":"city"}},{"type":"Feature","geometry":{"type":"Point","coordinates":[16.2575,40.259]},"properties":{"id":"set_s_brancato_500","name":"S. Brancato","kind":"settlement","start_year":500,"end_year":1500,"importance":"city"}},{"type":"Feature","geometry":{"type":"Point","coordinates":[14.5707,41.9818]},"properties":{"id":"set_s_buono_500","name":"S. Buono","kind":"settlement","start_year":500,"end_year":1500,"importance":"city"}},{"type":"Feature","geometry":{"type":"Point","coordinates":[-3.5636,41.7669]},"properties":{"id":"set_s_cruz_500","name":"S. Cruz","kind":"settlement","start_year":500,"end_year":1500,"importance":"city"}},{"type":"Feature","geometry":{"type":"Point","coordinates":[23.0419,45.9733]},"properties":{"id":"set_s_c_r_mbu_500","name":"Săcărîmbu","kind":"settlement","start_year":500,"end_year":1500,"importance":"city"}},{"type":"Feature","geometry":{"type":"Point","coordinates":[4.4468,46.6414]},"properties":{"id":"set_s_desideratus_mon_500","name":"S. Desideratus, Mon.","kind":"settlement","start_year":500,"end_year":1500,"importance":"city"}},{"type":"Feature","geometry":{"type":"Point","coordinates":[12.5914,42.613]},"properties":{"id":"set_s_erasmo_di_cesi_500","name":"S. Erasmo di Cesi","kind":"settlement","start_year":500,"end_year":1500,"importance":"city"}},{"type":"Feature","geometry":{"type":"Point","coordinates":[14.5704,41.8448]},"properties":{"id":"set_s_giovanni_lippioni_500","name":"S. Giovanni Lippioni","kind":"settlement","start_year":500,"end_year":1500,"importance":"city"}},{"type":"Feature","geometry":{"type":"Point","coordinates":[3.3723,39.5685]},"properties":{"id":"set_s_illot_500","name":"S'Illot","kind":"settlement","start_year":500,"end_year":1500,"importance":"city"}},{"type":"Feature","geometry":{"type":"Point","coordinates":[23.4012,46.3942]},"properties":{"id":"set_s_lciua_de_sus_500","name":"Sălciua de Sus","kind":"settlement","start_year":500,"end_year":1500,"importance":"city"}},{"type":"Feature","geometry":{"type":"Point","coordinates":[-3.9237,41.2783]},"properties":{"id":"set_s_lucia_500","name":"S. Lucia","kind":"settlement","start_year":500,"end_year":1500,"importance":"city"}},{"type":"Feature","geometry":{"type":"Point","coordinates":[8.6557,40.1424]},"properties":{"id":"set_s_lussurgiu_500","name":"S. Lussurgiu","kind":"settlement","start_year":500,"end_year":1500,"importance":"city"}},{"type":"Feature","geometry":{"type":"Point","coordinates":[30.7281,38.7235]},"properties":{"id":"set_s_l_menli_500","name":"Sülümenli","kind":"settlement","start_year":500,"end_year":1500,"importance":"city"}},{"type":"Feature","geometry":{"type":"Point","coordinates":[-8.3582,38.1118]},"properties":{"id":"set_s_margarida_do_sado_500","name":"S. Margarida do Sado","kind":"settlement","start_year":500,"end_year":1500,"importance":"city"}},{"type":"Feature","geometry":{"type":"Point","coordinates":[1.9542,41.7982]},"properties":{"id":"set_s_maria_d_art_s_500","name":"S. Maria d’Artès","kind":"settlement","start_year":500,"end_year":1500,"importance":"city"}},{"type":"Feature","geometry":{"type":"Point","coordinates":[-3.6201,40.4563]},"properties":{"id":"set_s_mart_n_de_la_vega_500","name":"S. Martín de la Vega","kind":"settlement","start_year":500,"end_year":1500,"importance":"city"}},{"type":"Feature","geometry":{"type":"Point","coordinates":[43.228,36.5091]},"properties":{"id":"set_s_n_temple_khorsabad_500","name":"Sîn temple (Khorsabad)","kind":"settlement","start_year":500,"end_year":1500,"importance":"city"}},{"type":"Feature","geometry":{"type":"Point","coordinates":[-7.4431,38.6434]},"properties":{"id":"set_s_o_miguel_de_mota_500","name":"São Miguel de Mota","kind":"settlement","start_year":500,"end_year":1500,"importance":"city"}},{"type":"Feature","geometry":{"type":"Point","coordinates":[6.7283,0.3375]},"properties":{"id":"set_s_o_tom_1485","name":"São Tomé","kind":"settlement","start_year":1485,"end_year":1500,"importance":"city"}},{"type":"Feature","geometry":{"type":"Point","coordinates":[21.0144,54.2689]},"properties":{"id":"set_s_popol_1351","name":"Sępopol","kind":"settlement","start_year":1351,"end_year":1500,"importance":"city"}},{"type":"Feature","geometry":{"type":"Point","coordinates":[3.1429,45.5511]},"properties":{"id":"set_s_quiricus_mon_500","name":"S. Quiricus, Mon.","kind":"settlement","start_year":500,"end_year":1500,"importance":"city"}},{"type":"Feature","geometry":{"type":"Point","coordinates":[10.289,43.875]},"properties":{"id":"set_s_rocchino_500","name":"S. Rocchino","kind":"settlement","start_year":500,"end_year":1500,"importance":"city"}},{"type":"Feature","geometry":{"type":"Point","coordinates":[-6.9673,37.7957]},"properties":{"id":"set_s_telmo_500","name":"S. Telmo","kind":"settlement","start_year":500,"end_year":1500,"importance":"city"}},{"type":"Feature","geometry":{"type":"Point","coordinates":[-8.1649,39.5933]},"properties":{"id":"set_s_tiago_500","name":"S. Tiago","kind":"settlement","start_year":500,"end_year":1500,"importance":"city"}},{"type":"Feature","geometry":{"type":"Point","coordinates":[17.0333,54.4667]},"properties":{"id":"set_s_upsk_1000","name":"Słupsk","kind":"settlement","start_year":1000,"end_year":1500,"importance":"city"}},{"type":"Feature","geometry":{"type":"Point","coordinates":[0.2215,42.4626]},"properties":{"id":"set_s_victoriano_500","name":"S. Victoriano","kind":"settlement","start_year":500,"end_year":1500,"importance":"city"}},{"type":"Feature","geometry":{"type":"Point","coordinates":[32.3802,26.0997]},"properties":{"id":"set_tabennisis_500","name":"Tabennisis","kind":"settlement","start_year":500,"end_year":1500,"importance":"city"}},{"type":"Feature","geometry":{"type":"Point","coordinates":[46.296,38.08]},"properties":{"id":"set_tabriz","name":"Tabriz","kind":"settlement","start_year":791,"end_year":1500,"importance":"capital"}},{"type":"Feature","geometry":{"type":"Point","coordinates":[46.3006,38.0718]},"properties":{"id":"set_tabr_z_500","name":"Tabrīz","kind":"settlement","start_year":500,"end_year":1500,"importance":"city"}},{"type":"Feature","geometry":{"type":"Point","coordinates":[34.5725,37.8237]},"properties":{"id":"set_tab_lu_province_500","name":"Tabālu (province)","kind":"settlement","start_year":500,"end_year":1500,"importance":"city"}},{"type":"Feature","geometry":{"type":"Point","coordinates":[10.1094,33.8864]},"properties":{"id":"set_tacape_500","name":"Tacape","kind":"settlement","start_year":500,"end_year":1500,"importance":"city"}},{"type":"Feature","geometry":{"type":"Point","coordinates":[4.1166,36.367]},"properties":{"id":"set_tachachit_roman_site_500","name":"Tachachit Roman Site","kind":"settlement","start_year":500,"end_year":1500,"importance":"city"}},{"type":"Feature","geometry":{"type":"Point","coordinates":[32.8638,23.6374]},"properties":{"id":"set_tafis_500","name":"Tafis","kind":"settlement","start_year":500,"end_year":1500,"importance":"city"}},{"type":"Feature","geometry":{"type":"Point","coordinates":[22.4865,36.4014]},"properties":{"id":"set_tainaron_settlement_500","name":"Tainaron (settlement)","kind":"settlement","start_year":500,"end_year":1500,"importance":"city"}},{"type":"Feature","geometry":{"type":"Point","coordinates":[68.071,36.3005]},"properties":{"id":"set_takht_i_rustam_500","name":"Takht-i Rustam","kind":"settlement","start_year":500,"end_year":1500,"importance":"city"}},{"type":"Feature","geometry":{"type":"Point","coordinates":[43.677,34.6067]},"properties":{"id":"set_takrit_birta_500","name":"Takrit/Birta","kind":"settlement","start_year":500,"end_year":1500,"importance":"city"}},{"type":"Feature","geometry":{"type":"Point","coordinates":[-4.83,39.9607]},"properties":{"id":"set_talauera_500","name":"Talauera","kind":"settlement","start_year":500,"end_year":1500,"importance":"city"}},{"type":"Feature","geometry":{"type":"Point","coordinates":[30.5259,48.8104]},"properties":{"id":"set_talianki_500","name":"Talianki","kind":"settlement","start_year":500,"end_year":1500,"importance":"city"}},{"type":"Feature","geometry":{"type":"Point","coordinates":[37.4514,36.179]},"properties":{"id":"set_tall_abu_dann_500","name":"Tall Abu Danné","kind":"settlement","start_year":500,"end_year":1500,"importance":"city"}},{"type":"Feature","geometry":{"type":"Point","coordinates":[49.4194,31.3583]},"properties":{"id":"set_tall_e_geser_500","name":"Tall-e Geser","kind":"settlement","start_year":500,"end_year":1500,"importance":"city"}},{"type":"Feature","geometry":{"type":"Point","coordinates":[38.3835,35.9029]},"properties":{"id":"set_tall_fray_500","name":"Tall Fray","kind":"settlement","start_year":500,"end_year":1500,"importance":"city"}},{"type":"Feature","geometry":{"type":"Point","coordinates":[43.5552,35.7742]},"properties":{"id":"set_tall_ibr_h_m_bayis_500","name":"Tall Ibrāhīm Bayis","kind":"settlement","start_year":500,"end_year":1500,"importance":"city"}},{"type":"Feature","geometry":{"type":"Point","coordinates":[45.003,34.1961]},"properties":{"id":"set_tall_iml_iyah_500","name":"Tall Imlīḥiyah","kind":"settlement","start_year":500,"end_year":1500,"importance":"city"}},{"type":"Feature","geometry":{"type":"Point","coordinates":[44.8404,32.1873]},"properties":{"id":"set_tall_kozkh_n_500","name":"Tall Kozkhān","kind":"settlement","start_year":500,"end_year":1500,"importance":"city"}},{"type":"Feature","geometry":{"type":"Point","coordinates":[39.7854,35.763]},"properties":{"id":"set_tall_qabr_abu_al_at_q_500","name":"Tall Qabr Abu al-’Atīq","kind":"settlement","start_year":500,"end_year":1500,"importance":"city"}},{"type":"Feature","geometry":{"type":"Point","coordinates":[35.2071,32.8511]},"properties":{"id":"set_tamra_1000","name":"Tamra","kind":"settlement","start_year":1000,"end_year":1500,"importance":"city"}},{"type":"Feature","geometry":{"type":"Point","coordinates":[-5.411,35.5591]},"properties":{"id":"set_tamuda_500","name":"Tamuda","kind":"settlement","start_year":500,"end_year":1500,"importance":"city"}},{"type":"Feature","geometry":{"type":"Point","coordinates":[-6.0721,39.3463]},"properties":{"id":"set_tamusia_500","name":"Tamusia","kind":"settlement","start_year":500,"end_year":1500,"importance":"city"}},{"type":"Feature","geometry":{"type":"Point","coordinates":[39.3357,47.2687]},"properties":{"id":"set_tanais_500","name":"Tanais","kind":"settlement","start_year":500,"end_year":1500,"importance":"city"}},{"type":"Feature","geometry":{"type":"Point","coordinates":[36.2871,37.2922]},"properties":{"id":"set_tanakun_500","name":"Tanakun","kind":"settlement","start_year":500,"end_year":1500,"importance":"city"}},{"type":"Feature","geometry":{"type":"Point","coordinates":[86.359,23.4764]},"properties":{"id":"set_tanda_500","name":"Tanda","kind":"settlement","start_year":500,"end_year":1500,"importance":"city"}},{"type":"Feature","geometry":{"type":"Point","coordinates":[34.5183,39.8583]},"properties":{"id":"set_taouion_tabia_500","name":"Taouion/Tabia","kind":"settlement","start_year":500,"end_year":1500,"importance":"city"}},{"type":"Feature","geometry":{"type":"Point","coordinates":[-7.0284,39.7689]},"properties":{"id":"set_tapada_da_ordem_500","name":"Tapada da Ordem","kind":"settlement","start_year":500,"end_year":1500,"importance":"city"}},{"type":"Feature","geometry":{"type":"Point","coordinates":[47.2246,32.5873]},"properties":{"id":"set_tapah_farukh_b_d_500","name":"Tapah Farukhābād","kind":"settlement","start_year":500,"end_year":1500,"importance":"city"}},{"type":"Feature","geometry":{"type":"Point","coordinates":[46.6413,34.5432]},"properties":{"id":"set_tapah_kh_br_500","name":"Tapah Khībr","kind":"settlement","start_year":500,"end_year":1500,"importance":"city"}},{"type":"Feature","geometry":{"type":"Point","coordinates":[29.5191,30.9461]},"properties":{"id":"set_taposiris_megale_500","name":"Taposiris Megale","kind":"settlement","start_year":500,"end_year":1500,"importance":"city"}},{"type":"Feature","geometry":{"type":"Point","coordinates":[61.4206,30.5158]},"properties":{"id":"set_tappeh_graziani_500","name":"Tappeh Graziani","kind":"settlement","start_year":500,"end_year":1500,"importance":"city"}},{"type":"Feature","geometry":{"type":"Point","coordinates":[46.275,36.5702]},"properties":{"id":"set_tappeh_qalaichi_500","name":"Tappeh Qalaichi","kind":"settlement","start_year":500,"end_year":1500,"importance":"city"}},{"type":"Feature","geometry":{"type":"Point","coordinates":[54.1038,56.2328]},"properties":{"id":"set_tarasov_mound_site_500","name":"Tarasov Mound Site","kind":"settlement","start_year":500,"end_year":1500,"importance":"city"}},{"type":"Feature","geometry":{"type":"Point","coordinates":[17.1474,40.517]},"properties":{"id":"set_taras_river_500","name":"Taras (river)","kind":"settlement","start_year":500,"end_year":1500,"importance":"city"}},{"type":"Feature","geometry":{"type":"Point","coordinates":[11.4381,33.1812]},"properties":{"id":"set_taricheiai_zouchis_500","name":"Taricheiai/Zouchis","kind":"settlement","start_year":500,"end_year":1500,"importance":"city"}},{"type":"Feature","geometry":{"type":"Point","coordinates":[34.8958,36.9123]},"properties":{"id":"set_tarsus_antiochia_ad_cydnum_500","name":"Tarsus/Antiochia ad Cydnum","kind":"settlement","start_year":500,"end_year":1500,"importance":"city"}},{"type":"Feature","geometry":{"type":"Point","coordinates":[-6.6715,37.293]},"properties":{"id":"set_tartessos_500","name":"Tartessos","kind":"settlement","start_year":500,"end_year":1500,"importance":"city"}},{"type":"Feature","geometry":{"type":"Point","coordinates":[26.481,38.9757]},"properties":{"id":"set_tarti_500","name":"Tarti","kind":"settlement","start_year":500,"end_year":1500,"importance":"city"}},{"type":"Feature","geometry":{"type":"Point","coordinates":[-0.1915,35.5314]},"properties":{"id":"set_tasaccora_500","name":"Tasaccora","kind":"settlement","start_year":500,"end_year":1500,"importance":"city"}},{"type":"Feature","geometry":{"type":"Point","coordinates":[8.8588,47.6559]},"properties":{"id":"set_tasg_a_etium_500","name":"Tasg(a)etium","kind":"settlement","start_year":500,"end_year":1500,"importance":"city"}},{"type":"Feature","geometry":{"type":"Point","coordinates":[45.3407,38.3159]},"properties":{"id":"set_tasuk_500","name":"Tasuk","kind":"settlement","start_year":500,"end_year":1500,"importance":"city"}},{"type":"Feature","geometry":{"type":"Point","coordinates":[46.2504,39.3794]},"properties":{"id":"set_tatev_500","name":"Tatev","kind":"settlement","start_year":500,"end_year":1500,"importance":"city"}},{"type":"Feature","geometry":{"type":"Point","coordinates":[15.5863,41.6577]},"properties":{"id":"set_tatinie_500","name":"Tatinie","kind":"settlement","start_year":500,"end_year":1500,"importance":"city"}},{"type":"Feature","geometry":{"type":"Point","coordinates":[37.2538,40.1703]},"properties":{"id":"set_taulara_500","name":"Taulara","kind":"settlement","start_year":500,"end_year":1500,"importance":"city"}},{"type":"Feature","geometry":{"type":"Point","coordinates":[15.8714,38.3944]},"properties":{"id":"set_taurianum_500","name":"Taurianum","kind":"settlement","start_year":500,"end_year":1500,"importance":"city"}},{"type":"Feature","geometry":{"type":"Point","coordinates":[15.2921,37.8524]},"properties":{"id":"set_tauromenium_500","name":"Tauromenium","kind":"settlement","start_year":500,"end_year":1500,"importance":"city"}},{"type":"Feature","geometry":{"type":"Point","coordinates":[9.7126,40.9063]},"properties":{"id":"set_tavolara_island_500","name":"Tavolara (island)","kind":"settlement","start_year":500,"end_year":1500,"importance":"city"}},{"type":"Feature","geometry":{"type":"Point","coordinates":[-0.4571,35.8147]},"properties":{"id":"set_tazout_500","name":"Tazout","kind":"settlement","start_year":500,"end_year":1500,"importance":"city"}},{"type":"Feature","geometry":{"type":"Point","coordinates":[40.4167,21.2667]},"properties":{"id":"set_ta_if_501","name":"Ta'if","kind":"settlement","start_year":501,"end_year":1500,"importance":"city"}},{"type":"Feature","geometry":{"type":"Point","coordinates":[44.0219,13.5789]},"properties":{"id":"set_ta_izz_1200","name":"Ta'izz","kind":"settlement","start_year":1200,"end_year":1500,"importance":"city"}},{"type":"Feature","geometry":{"type":"Point","coordinates":[44.834,41.694]},"properties":{"id":"set_tblisi","name":"Tbilisi","kind":"settlement","start_year":458,"end_year":1500,"importance":"capital"}},{"type":"Feature","geometry":{"type":"Point","coordinates":[15.2613,41.7394]},"properties":{"id":"set_teanum_apulum_500","name":"Teanum Apulum","kind":"settlement","start_year":500,"end_year":1500,"importance":"city"}},{"type":"Feature","geometry":{"type":"Point","coordinates":[30.762,29.1071]},"properties":{"id":"set_tebtynis_theodosioupolis_500","name":"Tebtynis/Theodosioupolis?","kind":"settlement","start_year":500,"end_year":1500,"importance":"city"}},{"type":"Feature","geometry":{"type":"Point","coordinates":[45.4764,41.9169]},"properties":{"id":"set_telavi_893","name":"Telavi","kind":"settlement","start_year":893,"end_year":1500,"importance":"city"}},{"type":"Feature","geometry":{"type":"Point","coordinates":[28.5665,45.1558]},"properties":{"id":"set_teli_a_500","name":"Teliţa","kind":"settlement","start_year":500,"end_year":1500,"importance":"city"}},{"type":"Feature","geometry":{"type":"Point","coordinates":[55.552,25.4876]},"properties":{"id":"set_tell_abraq_500","name":"Tell Abraq","kind":"settlement","start_year":500,"end_year":1500,"importance":"city"}},{"type":"Feature","geometry":{"type":"Point","coordinates":[45.0544,32.2526]},"properties":{"id":"set_tell_abu_salabikh_500","name":"Tell Abu Salabikh","kind":"settlement","start_year":500,"end_year":1500,"importance":"city"}},{"type":"Feature","geometry":{"type":"Point","coordinates":[43.6817,35.382]},"properties":{"id":"set_tell_ali_500","name":"Tell 'Ali","kind":"settlement","start_year":500,"end_year":1500,"importance":"city"}},{"type":"Feature","geometry":{"type":"Point","coordinates":[46.3659,30.774]},"properties":{"id":"set_tell_al_lahm_500","name":"Tell al-Lahm","kind":"settlement","start_year":500,"end_year":1500,"importance":"city"}},{"type":"Feature","geometry":{"type":"Point","coordinates":[43.9102,35.9518]},"properties":{"id":"set_tell_baqrta_500","name":"Tell Baqrta","kind":"settlement","start_year":500,"end_year":1500,"importance":"city"}},{"type":"Feature","geometry":{"type":"Point","coordinates":[41.127,36.7388]},"properties":{"id":"set_tell_barri_kahat_500","name":"Tell Barri/[Kahat]","kind":"settlement","start_year":500,"end_year":1500,"importance":"city"}},{"type":"Feature","geometry":{"type":"Point","coordinates":[44.7016,36.0593]},"properties":{"id":"set_tell_bazmusian_500","name":"Tell Bazmusian","kind":"settlement","start_year":500,"end_year":1500,"importance":"city"}},{"type":"Feature","geometry":{"type":"Point","coordinates":[34.4827,31.282]},"properties":{"id":"set_tell_el_farah_south_500","name":"Tell El-Farah (South)","kind":"settlement","start_year":500,"end_year":1500,"importance":"city"}},{"type":"Feature","geometry":{"type":"Point","coordinates":[35.6063,32.2222]},"properties":{"id":"set_tell_el_mazar_500","name":"Tell el-Mazar","kind":"settlement","start_year":500,"end_year":1500,"importance":"city"}},{"type":"Feature","geometry":{"type":"Point","coordinates":[31.6139,30.9209]},"properties":{"id":"set_tell_el_samara_500","name":"Tell el-Samara","kind":"settlement","start_year":500,"end_year":1500,"importance":"city"}},{"type":"Feature","geometry":{"type":"Point","coordinates":[35.6446,31.8256]},"properties":{"id":"set_tell_er_rameh_500","name":"Tell er-Rameh","kind":"settlement","start_year":500,"end_year":1500,"importance":"city"}},{"type":"Feature","geometry":{"type":"Point","coordinates":[36.0167,32.5]},"properties":{"id":"set_tell_er_rumeith_500","name":"Tell er-Rumeith","kind":"settlement","start_year":500,"end_year":1500,"importance":"city"}},{"type":"Feature","geometry":{"type":"Point","coordinates":[35.4403,31.8651]},"properties":{"id":"set_tell_es_samarat_500","name":"Tell es-Samarat","kind":"settlement","start_year":500,"end_year":1500,"importance":"city"}},{"type":"Feature","geometry":{"type":"Point","coordinates":[39.0569,36.4825]},"properties":{"id":"set_tell_hammam_al_turkmen_500","name":"Tell Hammam al-Turkmen","kind":"settlement","start_year":500,"end_year":1500,"importance":"city"}},{"type":"Feature","geometry":{"type":"Point","coordinates":[25.9095,42.5135]},"properties":{"id":"set_tell_karanovo_500","name":"Tell Karanovo","kind":"settlement","start_year":500,"end_year":1500,"importance":"city"}},{"type":"Feature","geometry":{"type":"Point","coordinates":[45.933,31.0596]},"properties":{"id":"set_tell_khaiber_500","name":"Tell Khaiber","kind":"settlement","start_year":500,"end_year":1500,"importance":"city"}},{"type":"Feature","geometry":{"type":"Point","coordinates":[37.2753,36.3775]},"properties":{"id":"set_tell_qaramel_500","name":"Tell Qaramel","kind":"settlement","start_year":500,"end_year":1500,"importance":"city"}},{"type":"Feature","geometry":{"type":"Point","coordinates":[49.4997,30.8047]},"properties":{"id":"set_tell_tabareh_500","name":"Tell Tabareh","kind":"settlement","start_year":500,"end_year":1500,"importance":"city"}},{"type":"Feature","geometry":{"type":"Point","coordinates":[29.1058,36.6209]},"properties":{"id":"set_telmessos_500","name":"Telmessos","kind":"settlement","start_year":500,"end_year":1500,"importance":"city"}},{"type":"Feature","geometry":{"type":"Point","coordinates":[35.3347,32.9668]},"properties":{"id":"set_tel_arasim_500","name":"Tel Ḥarasim","kind":"settlement","start_year":500,"end_year":1500,"importance":"city"}},{"type":"Feature","geometry":{"type":"Point","coordinates":[34.9789,31.1521]},"properties":{"id":"set_tel_aroer_500","name":"Tel 'Aroer","kind":"settlement","start_year":500,"end_year":1500,"importance":"city"}},{"type":"Feature","geometry":{"type":"Point","coordinates":[34.9116,31.7853]},"properties":{"id":"set_tel_batash_timnah_500","name":"Tel Batash (Timnah)","kind":"settlement","start_year":500,"end_year":1500,"importance":"city"}},{"type":"Feature","geometry":{"type":"Point","coordinates":[34.9695,31.9768]},"properties":{"id":"set_tel_dalit_500","name":"Tel Dalit","kind":"settlement","start_year":500,"end_year":1500,"importance":"city"}},{"type":"Feature","geometry":{"type":"Point","coordinates":[35.5668,33.0192]},"properties":{"id":"set_tel_hazor_500","name":"Tel Hazor","kind":"settlement","start_year":500,"end_year":1500,"importance":"city"}},{"type":"Feature","geometry":{"type":"Point","coordinates":[35.1407,33.0091]},"properties":{"id":"set_tel_kabri_500","name":"Tel Kabri","kind":"settlement","start_year":500,"end_year":1500,"importance":"city"}},{"type":"Feature","geometry":{"type":"Point","coordinates":[34.9555,32.8246]},"properties":{"id":"set_tel_shiqmona_500","name":"Tel Shiqmona","kind":"settlement","start_year":500,"end_year":1500,"importance":"city"}},{"type":"Feature","geometry":{"type":"Point","coordinates":[9.5175,33.7835]},"properties":{"id":"set_temassine_500","name":"Temassine","kind":"settlement","start_year":500,"end_year":1500,"importance":"city"}},{"type":"Feature","geometry":{"type":"Point","coordinates":[16.1596,39.0365]},"properties":{"id":"set_temesa_tempsa_500","name":"Temesa/Tempsa","kind":"settlement","start_year":500,"end_year":1500,"importance":"city"}},{"type":"Feature","geometry":{"type":"Point","coordinates":[-7.7611,42.4557]},"properties":{"id":"set_temes_500","name":"Temes","kind":"settlement","start_year":500,"end_year":1500,"importance":"city"}},{"type":"Feature","geometry":{"type":"Point","coordinates":[-1.3799,53.4193]},"properties":{"id":"set_templebrough_500","name":"Templebrough","kind":"settlement","start_year":500,"end_year":1500,"importance":"city"}},{"type":"Feature","geometry":{"type":"Point","coordinates":[24.7607,35.0132]},"properties":{"id":"set_temple_complex_at_kommos_500","name":"Temple complex at Kommos","kind":"settlement","start_year":500,"end_year":1500,"importance":"city"}},{"type":"Feature","geometry":{"type":"Point","coordinates":[7.2908,47.1118]},"properties":{"id":"set_temple_complex_petinesca_500","name":"Temple complex (Petinesca)","kind":"settlement","start_year":500,"end_year":1500,"importance":"city"}},{"type":"Feature","geometry":{"type":"Point","coordinates":[27.3733,36.6889]},"properties":{"id":"set_temple_of_aphrodite_euploia_500","name":"Temple of Aphrodite Euploia","kind":"settlement","start_year":500,"end_year":1500,"importance":"city"}},{"type":"Feature","geometry":{"type":"Point","coordinates":[15.293,37.0639]},"properties":{"id":"set_temple_of_apollo_at_syracuse_500","name":"Temple of Apollo at Syracuse","kind":"settlement","start_year":500,"end_year":878,"importance":"city"}},{"type":"Feature","geometry":{"type":"Point","coordinates":[26.7694,37.2995]},"properties":{"id":"set_temple_of_apollo_lepsios_500","name":"Temple of Apollo Lepsios","kind":"settlement","start_year":500,"end_year":1500,"importance":"city"}},{"type":"Feature","geometry":{"type":"Point","coordinates":[28.2107,36.44]},"properties":{"id":"set_temple_of_apollo_pythios_500","name":"Temple of Apollo Pythios","kind":"settlement","start_year":500,"end_year":1500,"importance":"city"}},{"type":"Feature","geometry":{"type":"Point","coordinates":[28.0312,38.4798]},"properties":{"id":"set_temple_of_artemis_at_sardis_500","name":"Temple of Artemis at Sardis","kind":"settlement","start_year":500,"end_year":1500,"importance":"city"}},{"type":"Feature","geometry":{"type":"Point","coordinates":[23.1503,37.6364]},"properties":{"id":"set_temple_of_artemis_orthosia_500","name":"Temple of Artemis Orthosia","kind":"settlement","start_year":500,"end_year":1500,"importance":"city"}},{"type":"Feature","geometry":{"type":"Point","coordinates":[4.8743,45.5255]},"properties":{"id":"set_temple_of_augustus_et_livia_500","name":"Temple of Augustus et Livia","kind":"settlement","start_year":500,"end_year":1500,"importance":"city"}},{"type":"Feature","geometry":{"type":"Point","coordinates":[23.7902,38.3983]},"properties":{"id":"set_temple_of_dionysos_at_eretria_500","name":"Temple of Dionysos at Eretria","kind":"settlement","start_year":500,"end_year":1500,"importance":"city"}},{"type":"Feature","geometry":{"type":"Point","coordinates":[32.6021,25.7289]},"properties":{"id":"set_temple_of_hathor_500","name":"Temple of Hathor","kind":"settlement","start_year":500,"end_year":1500,"importance":"city"}},{"type":"Feature","geometry":{"type":"Point","coordinates":[13.5863,37.2902]},"properties":{"id":"set_temple_of_heracles_500","name":"Temple of Heracles","kind":"settlement","start_year":500,"end_year":1500,"importance":"city"}},{"type":"Feature","geometry":{"type":"Point","coordinates":[4.2885,46.9612]},"properties":{"id":"set_temple_of_janus_autun_500","name":"Temple of Janus, Autun","kind":"settlement","start_year":500,"end_year":1500,"importance":"city"}},{"type":"Feature","geometry":{"type":"Point","coordinates":[13.26,41.2916]},"properties":{"id":"set_temple_of_jupiter_anxur_500","name":"Temple of Jupiter Anxur","kind":"settlement","start_year":500,"end_year":1500,"importance":"city"}},{"type":"Feature","geometry":{"type":"Point","coordinates":[32.5562,25.2935]},"properties":{"id":"set_temple_of_khnum_at_esna_500","name":"Temple of Khnum at Esna","kind":"settlement","start_year":500,"end_year":1500,"importance":"city"}},{"type":"Feature","geometry":{"type":"Point","coordinates":[13.6239,42.2834]},"properties":{"id":"set_temple_of_peltuinum_500","name":"Temple of Peltuinum","kind":"settlement","start_year":500,"end_year":1500,"importance":"city"}},{"type":"Feature","geometry":{"type":"Point","coordinates":[36.6888,33.6398]},"properties":{"id":"set_temple_of_thelsae_500","name":"Temple of Thelsae","kind":"settlement","start_year":500,"end_year":1500,"importance":"city"}},{"type":"Feature","geometry":{"type":"Point","coordinates":[40.7307,34.7474]},"properties":{"id":"set_temple_of_the_gadde_500","name":"Temple of The Gadde","kind":"settlement","start_year":500,"end_year":1500,"importance":"city"}},{"type":"Feature","geometry":{"type":"Point","coordinates":[68.2847,37.0989]},"properties":{"id":"set_temple_of_the_oxus_500","name":"Temple of the Oxus","kind":"settlement","start_year":500,"end_year":1500,"importance":"city"}},{"type":"Feature","geometry":{"type":"Point","coordinates":[12.8008,41.9666]},"properties":{"id":"set_temple_of_vesta_at_tibur_500","name":"Temple of Vesta at Tibur","kind":"settlement","start_year":500,"end_year":1500,"importance":"city"}},{"type":"Feature","geometry":{"type":"Point","coordinates":[29.6102,39.2003]},"properties":{"id":"set_temple_of_zeus_500","name":"Temple of Zeus","kind":"settlement","start_year":500,"end_year":1500,"importance":"city"}},{"type":"Feature","geometry":{"type":"Point","coordinates":[40.0662,45.11]},"properties":{"id":"set_tenginskaya_ii_500","name":"Tenginskaya II","kind":"settlement","start_year":500,"end_year":1500,"importance":"city"}},{"type":"Feature","geometry":{"type":"Point","coordinates":[25.1617,37.5385]},"properties":{"id":"set_tenos_settlement_500","name":"Tenos (settlement)","kind":"settlement","start_year":500,"end_year":1500,"importance":"city"}},{"type":"Feature","geometry":{"type":"Point","coordinates":[41.5059,39.0933]},"properties":{"id":"set_tepek_y_h_y_k_500","name":"Tepeköy Höyük","kind":"settlement","start_year":500,"end_year":1500,"importance":"city"}},{"type":"Feature","geometry":{"type":"Point","coordinates":[48.2576,33.8296]},"properties":{"id":"set_tepe_abdul_hosein_500","name":"Tepe Abdul Hosein","kind":"settlement","start_year":500,"end_year":1500,"importance":"city"}},{"type":"Feature","geometry":{"type":"Point","coordinates":[49.9752,35.8234]},"properties":{"id":"set_tepe_zagheh_500","name":"Tepe Zagheh","kind":"settlement","start_year":500,"end_year":1500,"importance":"city"}},{"type":"Feature","geometry":{"type":"Point","coordinates":[-0.5935,39.6301]},"properties":{"id":"set_termas_menores_de_mura_500","name":"Termas Menores de Mura","kind":"settlement","start_year":500,"end_year":1500,"importance":"city"}},{"type":"Feature","geometry":{"type":"Point","coordinates":[30.4629,36.9837]},"properties":{"id":"set_termessos_500","name":"Termessos","kind":"settlement","start_year":500,"end_year":1500,"importance":"city"}},{"type":"Feature","geometry":{"type":"Point","coordinates":[23.4459,40.9053]},"properties":{"id":"set_terpni_paliokastro_500","name":"Terpni/Paliokastro","kind":"settlement","start_year":500,"end_year":1500,"importance":"city"}},{"type":"Feature","geometry":{"type":"Point","coordinates":[40.5682,34.9224]},"properties":{"id":"set_terqa_asicha_500","name":"[Terqa]/Asicha?","kind":"settlement","start_year":500,"end_year":1500,"importance":"city"}},{"type":"Feature","geometry":{"type":"Point","coordinates":[-1.1093,40.3441]},"properties":{"id":"set_teruel_city_1171","name":"Teruel City","kind":"settlement","start_year":1171,"end_year":1500,"importance":"city"}},{"type":"Feature","geometry":{"type":"Point","coordinates":[29.7798,39.1336]},"properties":{"id":"set_terziler_500","name":"Terziler","kind":"settlement","start_year":500,"end_year":1500,"importance":"city"}},{"type":"Feature","geometry":{"type":"Point","coordinates":[8.7497,36.9568]},"properties":{"id":"set_thabraca_500","name":"Thabraca","kind":"settlement","start_year":500,"end_year":1500,"importance":"city"}},{"type":"Feature","geometry":{"type":"Point","coordinates":[5.8949,34.8021]},"properties":{"id":"set_thabudeos_tabudium_oppidum_500","name":"Thabudeos/Tabudium Oppidum","kind":"settlement","start_year":500,"end_year":1500,"importance":"city"}},{"type":"Feature","geometry":{"type":"Point","coordinates":[10.6829,34.6557]},"properties":{"id":"set_thaenae_500","name":"Thaenae","kind":"settlement","start_year":500,"end_year":1500,"importance":"city"}},{"type":"Feature","geometry":{"type":"Point","coordinates":[38.55,27.6219]},"properties":{"id":"set_thaima_500","name":"Thaima","kind":"settlement","start_year":500,"end_year":1500,"importance":"city"}},{"type":"Feature","geometry":{"type":"Point","coordinates":[48.7266,26.8778]},"properties":{"id":"set_thaj_gerra_carra_500","name":"Thaj/Gerra?/Carra?","kind":"settlement","start_year":500,"end_year":1500,"importance":"city"}},{"type":"Feature","geometry":{"type":"Point","coordinates":[22.3285,36.7845]},"properties":{"id":"set_thalamai_500","name":"Thalamai","kind":"settlement","start_year":500,"end_year":1500,"importance":"city"}},{"type":"Feature","geometry":{"type":"Point","coordinates":[34.8669,31.3826]},"properties":{"id":"set_thala_500","name":"Thala","kind":"settlement","start_year":500,"end_year":1500,"importance":"city"}},{"type":"Feature","geometry":{"type":"Point","coordinates":[6.4682,35.4852]},"properties":{"id":"set_thamugadi_500","name":"Thamugadi","kind":"settlement","start_year":500,"end_year":1500,"importance":"city"}},{"type":"Feature","geometry":{"type":"Point","coordinates":[-6.4903,34.335]},"properties":{"id":"set_thamusida_500","name":"Thamusida","kind":"settlement","start_year":500,"end_year":1500,"importance":"city"}},{"type":"Feature","geometry":{"type":"Point","coordinates":[45.3996,39.7802]},"properties":{"id":"set_thanahat_church_500","name":"Thanahat Church","kind":"settlement","start_year":500,"end_year":1500,"importance":"city"}},{"type":"Feature","geometry":{"type":"Point","coordinates":[105.854,21.028]},"properties":{"id":"set_thang_long","name":"Thăng Long (Hanoi)","kind":"settlement","start_year":1010,"end_year":1500,"importance":"capital"}},{"type":"Feature","geometry":{"type":"Point","coordinates":[11.0427,35.6214]},"properties":{"id":"set_thapsus_500","name":"Thapsus","kind":"settlement","start_year":500,"end_year":1500,"importance":"city"}},{"type":"Feature","geometry":{"type":"Point","coordinates":[-7.1214,37.5997]},"properties":{"id":"set_tharsis_500","name":"Tharsis","kind":"settlement","start_year":500,"end_year":1500,"importance":"city"}},{"type":"Feature","geometry":{"type":"Point","coordinates":[30.497,29.3481]},"properties":{"id":"set_theadelpheia_500","name":"Theadelpheia","kind":"settlement","start_year":500,"end_year":1500,"importance":"city"}},{"type":"Feature","geometry":{"type":"Point","coordinates":[29.4889,37.1607]},"properties":{"id":"set_theater_at_kibyra_500","name":"Theater at Kibyra","kind":"settlement","start_year":500,"end_year":1500,"importance":"city"}},{"type":"Feature","geometry":{"type":"Point","coordinates":[22.7112,37.984]},"properties":{"id":"set_theater_of_ancient_sicyon_500","name":"Theater of ancient Sicyon","kind":"settlement","start_year":500,"end_year":1500,"importance":"city"}},{"type":"Feature","geometry":{"type":"Point","coordinates":[21.8508,32.8245]},"properties":{"id":"set_theater_of_cyrene_500","name":"Theater of Cyrene","kind":"settlement","start_year":500,"end_year":1500,"importance":"city"}},{"type":"Feature","geometry":{"type":"Point","coordinates":[8.5952,34.9787]},"properties":{"id":"set_thelepte_500","name":"Thelepte","kind":"settlement","start_year":500,"end_year":1500,"importance":"city"}},{"type":"Feature","geometry":{"type":"Point","coordinates":[-1.242,52.0738]},"properties":{"id":"set_thenford_500","name":"Thenford","kind":"settlement","start_year":500,"end_year":1500,"importance":"city"}},{"type":"Feature","geometry":{"type":"Point","coordinates":[6.0484,44.2394]},"properties":{"id":"set_theopolis_500","name":"Theopolis","kind":"settlement","start_year":500,"end_year":1500,"importance":"city"}},{"type":"Feature","geometry":{"type":"Point","coordinates":[26.1704,40.894]},"properties":{"id":"set_theotokos_kosmosoteira_500","name":"Theotokos Kosmosoteira","kind":"settlement","start_year":500,"end_year":1500,"importance":"city"}},{"type":"Feature","geometry":{"type":"Point","coordinates":[26.75,34.75]},"properties":{"id":"set_thermydon_sinus_500","name":"Thermydon Sinus","kind":"settlement","start_year":500,"end_year":1500,"importance":"city"}},{"type":"Feature","geometry":{"type":"Point","coordinates":[35.7225,32.3623]},"properties":{"id":"set_thesbe_500","name":"Thesbe","kind":"settlement","start_year":500,"end_year":1500,"importance":"city"}},{"type":"Feature","geometry":{"type":"Point","coordinates":[21.8973,39.3505]},"properties":{"id":"set_thessaliotis_500","name":"Thessaliotis","kind":"settlement","start_year":500,"end_year":1500,"importance":"city"}},{"type":"Feature","geometry":{"type":"Point","coordinates":[22.944,40.64]},"properties":{"id":"set_thessaloniki","name":"Thessaloniki","kind":"settlement","start_year":500,"end_year":1500,"importance":"city"}},{"type":"Feature","geometry":{"type":"Point","coordinates":[22.5077,39.3511]},"properties":{"id":"set_thetideion_500","name":"Thetideion","kind":"settlement","start_year":500,"end_year":1500,"importance":"city"}},{"type":"Feature","geometry":{"type":"Point","coordinates":[-5.5535,34.0759]},"properties":{"id":"set_the_gordian_palace_500","name":"The Gordian Palace","kind":"settlement","start_year":500,"end_year":1500,"importance":"city"}},{"type":"Feature","geometry":{"type":"Point","coordinates":[4.31,52.08]},"properties":{"id":"set_the_hague_1201","name":"The Hague","kind":"settlement","start_year":1201,"end_year":1500,"importance":"city"}},{"type":"Feature","geometry":{"type":"Point","coordinates":[12.8426,47.0818]},"properties":{"id":"set_the_hochtor_sanctuary_500","name":"The \"Hochtor Sanctuary\"","kind":"settlement","start_year":500,"end_year":1500,"importance":"city"}},{"type":"Feature","geometry":{"type":"Point","coordinates":[8.5177,34.2739]},"properties":{"id":"set_thiges_castellum_thigensium_500","name":"*Thiges/Castellum Thigensium","kind":"settlement","start_year":500,"end_year":1500,"importance":"city"}},{"type":"Feature","geometry":{"type":"Point","coordinates":[9.3225,36.3148]},"properties":{"id":"set_thimisua_500","name":"Thimisua","kind":"settlement","start_year":500,"end_year":1500,"importance":"city"}},{"type":"Feature","geometry":{"type":"Point","coordinates":[-0.6474,52.7516]},"properties":{"id":"set_thistleton_roman_town_500","name":"Thistleton Roman Town","kind":"settlement","start_year":500,"end_year":1500,"importance":"city"}},{"type":"Feature","geometry":{"type":"Point","coordinates":[33.9368,28.7114]},"properties":{"id":"set_tholas_500","name":"Tholas","kind":"settlement","start_year":500,"end_year":1500,"importance":"city"}},{"type":"Feature","geometry":{"type":"Point","coordinates":[7.0597,49.4948]},"properties":{"id":"set_tholey_vareswald_500","name":"Tholey-Vareswald","kind":"settlement","start_year":500,"end_year":1500,"importance":"city"}},{"type":"Feature","geometry":{"type":"Point","coordinates":[71.7425,24.3758]},"properties":{"id":"set_thorax_500","name":"Thorax","kind":"settlement","start_year":500,"end_year":1500,"importance":"city"}},{"type":"Feature","geometry":{"type":"Point","coordinates":[43.3385,38.5015]},"properties":{"id":"set_thospia_bouana_ospa_u_pa_500","name":"Thospia/Bouana/‘Ospa’/Ṭušpa","kind":"settlement","start_year":500,"end_year":1500,"importance":"city"}},{"type":"Feature","geometry":{"type":"Point","coordinates":[-1.5844,51.2088]},"properties":{"id":"set_thruxton_500","name":"Thruxton","kind":"settlement","start_year":500,"end_year":1500,"importance":"city"}},{"type":"Feature","geometry":{"type":"Point","coordinates":[9.9043,36.4005]},"properties":{"id":"set_thuburbo_maius_500","name":"Thuburbo Maius","kind":"settlement","start_year":500,"end_year":1500,"importance":"city"}},{"type":"Feature","geometry":{"type":"Point","coordinates":[9.2187,36.4232]},"properties":{"id":"set_thugga_tokai_500","name":"Thugga/Tokai?","kind":"settlement","start_year":500,"end_year":1500,"importance":"city"}},{"type":"Feature","geometry":{"type":"Point","coordinates":[27.8362,38.92]},"properties":{"id":"set_thyateira_500","name":"Thyateira","kind":"settlement","start_year":500,"end_year":1500,"importance":"city"}},{"type":"Feature","geometry":{"type":"Point","coordinates":[22.1247,37.5014]},"properties":{"id":"set_thyraion_500","name":"Thyraion","kind":"settlement","start_year":500,"end_year":1500,"importance":"city"}},{"type":"Feature","geometry":{"type":"Point","coordinates":[10.7076,35.2961]},"properties":{"id":"set_thysdrus_500","name":"Thysdrus","kind":"settlement","start_year":500,"end_year":1500,"importance":"city"}},{"type":"Feature","geometry":{"type":"Point","coordinates":[23.6667,39.95]},"properties":{"id":"set_th_e_rambos_500","name":"Th(e)rambos","kind":"settlement","start_year":500,"end_year":1500,"importance":"city"}},{"type":"Feature","geometry":{"type":"Point","coordinates":[6.7552,48.7894]},"properties":{"id":"set_th_tre_antique_de_tarquimpol_500","name":"Théâtre antique de Tarquimpol","kind":"settlement","start_year":500,"end_year":1500,"importance":"city"}},{"type":"Feature","geometry":{"type":"Point","coordinates":[35.542,32.7755]},"properties":{"id":"set_tiberias_20","name":"Tiberias","kind":"settlement","start_year":20,"end_year":1500,"importance":"city"}},{"type":"Feature","geometry":{"type":"Point","coordinates":[9.1885,41.2414]},"properties":{"id":"set_tibula_500","name":"Tibula","kind":"settlement","start_year":500,"end_year":1500,"importance":"city"}},{"type":"Feature","geometry":{"type":"Point","coordinates":[9.1566,45.1859]},"properties":{"id":"set_ticinum_500","name":"Ticinum","kind":"settlement","start_year":500,"end_year":1500,"importance":"city"}},{"type":"Feature","geometry":{"type":"Point","coordinates":[6.4824,36.4623]},"properties":{"id":"set_tiddis_500","name":"*Tiddis","kind":"settlement","start_year":500,"end_year":1500,"importance":"city"}},{"type":"Feature","geometry":{"type":"Point","coordinates":[14.4012,41.4546]},"properties":{"id":"set_tifernus_mountain_500","name":"Tifernus (mountain)","kind":"settlement","start_year":500,"end_year":1500,"importance":"city"}},{"type":"Feature","geometry":{"type":"Point","coordinates":[46.9075,40.0681]},"properties":{"id":"set_tigranakert_500","name":"Tigranakert","kind":"settlement","start_year":500,"end_year":1500,"importance":"city"}},{"type":"Feature","geometry":{"type":"Point","coordinates":[41.382,37.977]},"properties":{"id":"set_tigranocerta_cholimma_chlomaron_500","name":"Tigranocerta/Cholimma/Chlomaron","kind":"settlement","start_year":500,"end_year":1500,"importance":"city"}},{"type":"Feature","geometry":{"type":"Point","coordinates":[33.5422,59.6442]},"properties":{"id":"set_tikhvin_1383","name":"Tikhvin","kind":"settlement","start_year":1383,"end_year":1500,"importance":"city"}},{"type":"Feature","geometry":{"type":"Point","coordinates":[16.7217,43.6096]},"properties":{"id":"set_tilurium_500","name":"Tilurium","kind":"settlement","start_year":500,"end_year":1500,"importance":"city"}},{"type":"Feature","geometry":{"type":"Point","coordinates":[38.1168,36.6759]},"properties":{"id":"set_til_barsip_archive_1_500","name":"Til-Barsip Archive 1","kind":"settlement","start_year":500,"end_year":1500,"importance":"city"}},{"type":"Feature","geometry":{"type":"Point","coordinates":[37.559,36.8742]},"properties":{"id":"set_til_ba_er_500","name":"Til-Bašerê","kind":"settlement","start_year":500,"end_year":1500,"importance":"city"}},{"type":"Feature","geometry":{"type":"Point","coordinates":[37.6997,36.4475]},"properties":{"id":"set_til_t_ri_500","name":"Til-Tūri","kind":"settlement","start_year":500,"end_year":1500,"importance":"city"}},{"type":"Feature","geometry":{"type":"Point","coordinates":[14.1693,45.5964]},"properties":{"id":"set_timavus_river_500","name":"Timavus (river)","kind":"settlement","start_year":500,"end_year":1500,"importance":"city"}},{"type":"Feature","geometry":{"type":"Point","coordinates":[-3.009,16.775]},"properties":{"id":"set_timbuktu_city","name":"Timbuktu","kind":"settlement","start_year":1100,"end_year":1500,"importance":"megacity"}},{"type":"Feature","geometry":{"type":"Point","coordinates":[0.9315,36.23]},"properties":{"id":"set_timici_500","name":"Timici","kind":"settlement","start_year":500,"end_year":1500,"importance":"city"}},{"type":"Feature","geometry":{"type":"Point","coordinates":[21.23,45.7597]},"properties":{"id":"set_timi_oara_1266","name":"Timișoara","kind":"settlement","start_year":1266,"end_year":1500,"importance":"city"}},{"type":"Feature","geometry":{"type":"Point","coordinates":[16.492,40.6551]},"properties":{"id":"set_timmari_500","name":"Timmari","kind":"settlement","start_year":500,"end_year":1500,"importance":"city"}},{"type":"Feature","geometry":{"type":"Point","coordinates":[22.1522,45.5724]},"properties":{"id":"set_tincova_500","name":"Tincova","kind":"settlement","start_year":500,"end_year":1500,"importance":"city"}},{"type":"Feature","geometry":{"type":"Point","coordinates":[29.3336,25.5011]},"properties":{"id":"set_tineida_500","name":"Tineida","kind":"settlement","start_year":500,"end_year":1500,"importance":"city"}},{"type":"Feature","geometry":{"type":"Point","coordinates":[-1.048,51.9904]},"properties":{"id":"set_tingewick_500","name":"Tingewick","kind":"settlement","start_year":500,"end_year":1500,"importance":"city"}},{"type":"Feature","geometry":{"type":"Point","coordinates":[-5.8102,35.7875]},"properties":{"id":"set_tingi_500","name":"Tingi","kind":"settlement","start_year":500,"end_year":1500,"importance":"city"}},{"type":"Feature","geometry":{"type":"Point","coordinates":[10.748,33.726]},"properties":{"id":"set_tipasa_500","name":"Tipasa","kind":"settlement","start_year":500,"end_year":1500,"importance":"city"}},{"type":"Feature","geometry":{"type":"Point","coordinates":[43.9291,42.2819]},"properties":{"id":"set_tiri_monastery_500","name":"Tiri Monastery","kind":"settlement","start_year":500,"end_year":1500,"importance":"city"}},{"type":"Feature","geometry":{"type":"Point","coordinates":[19.9456,48.6806]},"properties":{"id":"set_tisovec_1334","name":"Tisovec","kind":"settlement","start_year":1334,"end_year":1500,"importance":"city"}},{"type":"Feature","geometry":{"type":"Point","coordinates":[39.259,51.1874]},"properties":{"id":"set_titchikha_hillfort_500","name":"Titchikha Hillfort","kind":"settlement","start_year":500,"end_year":1500,"importance":"city"}},{"type":"Feature","geometry":{"type":"Point","coordinates":[8.8518,41.5404]},"properties":{"id":"set_titianos_limen_500","name":"Titianos Limen","kind":"settlement","start_year":500,"end_year":1500,"importance":"city"}},{"type":"Feature","geometry":{"type":"Point","coordinates":[18.5333,48.2833]},"properties":{"id":"set_tlma_e_1075","name":"Tlmače","kind":"settlement","start_year":1075,"end_year":1500,"importance":"city"}},{"type":"Feature","geometry":{"type":"Point","coordinates":[29.4205,36.5533]},"properties":{"id":"set_tlos_500","name":"Tlos","kind":"settlement","start_year":500,"end_year":1500,"importance":"city"}},{"type":"Feature","geometry":{"type":"Point","coordinates":[28.1016,38.3237]},"properties":{"id":"set_tmolus_mountain_500","name":"Tmolus (mountain)","kind":"settlement","start_year":500,"end_year":1500,"importance":"city"}},{"type":"Feature","geometry":{"type":"Point","coordinates":[-3.1871,42.8801]},"properties":{"id":"set_tobillas_500","name":"Tobillas","kind":"settlement","start_year":500,"end_year":1500,"importance":"city"}},{"type":"Feature","geometry":{"type":"Point","coordinates":[35.3967,18.2711]},"properties":{"id":"set_togni_500","name":"Togni","kind":"settlement","start_year":500,"end_year":1500,"importance":"city"}},{"type":"Feature","geometry":{"type":"Point","coordinates":[-4.024,39.857]},"properties":{"id":"set_toledo","name":"Toledo","kind":"settlement","start_year":534,"end_year":1560,"importance":"capital"}},{"type":"Feature","geometry":{"type":"Point","coordinates":[-1.6071,38.4768]},"properties":{"id":"set_tolmo_de_minateda_500","name":"Tolmo de Minateda","kind":"settlement","start_year":500,"end_year":1500,"importance":"city"}},{"type":"Feature","geometry":{"type":"Point","coordinates":[1.4432,43.6042]},"properties":{"id":"set_tolosa_500","name":"Tolosa","kind":"settlement","start_year":500,"end_year":1500,"importance":"city"}},{"type":"Feature","geometry":{"type":"Point","coordinates":[0.1712,41.8815]},"properties":{"id":"set_tolous_500","name":"Tolous","kind":"settlement","start_year":500,"end_year":1500,"importance":"city"}},{"type":"Feature","geometry":{"type":"Point","coordinates":[32.4055,34.7755]},"properties":{"id":"set_tombs_of_the_kings_500","name":"Tombs of the Kings","kind":"settlement","start_year":500,"end_year":1500,"importance":"city"}},{"type":"Feature","geometry":{"type":"Point","coordinates":[5.46,50.7837]},"properties":{"id":"set_tongeren_gallo_roman_temple_complex_500","name":"Tongeren Gallo-Roman temple complex","kind":"settlement","start_year":500,"end_year":1500,"importance":"city"}},{"type":"Feature","geometry":{"type":"Point","coordinates":[-8.1474,41.1617]},"properties":{"id":"set_tongobriga_500","name":"*Tongobriga","kind":"settlement","start_year":500,"end_year":1500,"importance":"city"}},{"type":"Feature","geometry":{"type":"Point","coordinates":[22.2201,44.1107]},"properties":{"id":"set_topla_500","name":"Topla","kind":"settlement","start_year":500,"end_year":1500,"importance":"city"}},{"type":"Feature","geometry":{"type":"Point","coordinates":[25.3709,46.9918]},"properties":{"id":"set_topli_a_1382","name":"Toplița","kind":"settlement","start_year":1382,"end_year":1500,"importance":"city"}},{"type":"Feature","geometry":{"type":"Point","coordinates":[22.1468,44.3569]},"properties":{"id":"set_topolnica_500","name":"Topolnica","kind":"settlement","start_year":500,"end_year":1500,"importance":"city"}},{"type":"Feature","geometry":{"type":"Point","coordinates":[18.1833,48.55]},"properties":{"id":"set_topo_any_1173","name":"Topoľčany","kind":"settlement","start_year":1173,"end_year":1500,"importance":"city"}},{"type":"Feature","geometry":{"type":"Point","coordinates":[67.1811,37.0374]},"properties":{"id":"set_toprakkale_500","name":"Toprakkale","kind":"settlement","start_year":500,"end_year":1500,"importance":"city"}},{"type":"Feature","geometry":{"type":"Point","coordinates":[60.8229,41.9273]},"properties":{"id":"set_toprak_kala_500","name":"Toprak Kala","kind":"settlement","start_year":500,"end_year":1500,"importance":"city"}},{"type":"Feature","geometry":{"type":"Point","coordinates":[20.3333,48.4167]},"properties":{"id":"set_torna_a_1245","name":"Tornaľa","kind":"settlement","start_year":1245,"end_year":1500,"importance":"city"}},{"type":"Feature","geometry":{"type":"Point","coordinates":[31.6333,56.5]},"properties":{"id":"set_toropets_1074","name":"Toropets","kind":"settlement","start_year":1074,"end_year":1500,"importance":"city"}},{"type":"Feature","geometry":{"type":"Point","coordinates":[-4.3776,37.7553]},"properties":{"id":"set_torreparedones_500","name":"Torreparedones","kind":"settlement","start_year":500,"end_year":1500,"importance":"city"}},{"type":"Feature","geometry":{"type":"Point","coordinates":[-6.6025,38.8683]},"properties":{"id":"set_torre_aguila_500","name":"Torre Aguila","kind":"settlement","start_year":500,"end_year":1500,"importance":"city"}},{"type":"Feature","geometry":{"type":"Point","coordinates":[-3.9388,37.8653]},"properties":{"id":"set_torre_del_berrueco_500","name":"Torre del Berrueco","kind":"settlement","start_year":500,"end_year":1500,"importance":"city"}},{"type":"Feature","geometry":{"type":"Point","coordinates":[1.8547,41.6781]},"properties":{"id":"set_torre_del_breny_500","name":"Torre del Breny","kind":"settlement","start_year":500,"end_year":1500,"importance":"city"}},{"type":"Feature","geometry":{"type":"Point","coordinates":[3.0307,41.7806]},"properties":{"id":"set_torre_del_fum_500","name":"Torre del Fum","kind":"settlement","start_year":500,"end_year":1500,"importance":"city"}},{"type":"Feature","geometry":{"type":"Point","coordinates":[-7.4887,39.0619]},"properties":{"id":"set_torre_de_palma_500","name":"Torre de Palma","kind":"settlement","start_year":500,"end_year":1500,"importance":"city"}},{"type":"Feature","geometry":{"type":"Point","coordinates":[-0.1971,38.5164]},"properties":{"id":"set_torre_de_san_josep_500","name":"Torre de San Josep","kind":"settlement","start_year":500,"end_year":1500,"importance":"city"}},{"type":"Feature","geometry":{"type":"Point","coordinates":[10.5863,43.1456]},"properties":{"id":"set_torre_di_donoratico_500","name":"Torre di Donoratico","kind":"settlement","start_year":500,"end_year":1500,"importance":"city"}},{"type":"Feature","geometry":{"type":"Point","coordinates":[16.2948,39.7156]},"properties":{"id":"set_torre_scribla_500","name":"Torre Scribla","kind":"settlement","start_year":500,"end_year":1500,"importance":"city"}},{"type":"Feature","geometry":{"type":"Point","coordinates":[18.6014,53.0144]},"properties":{"id":"set_toru_1234","name":"Toruń","kind":"settlement","start_year":1234,"end_year":1500,"importance":"city"}},{"type":"Feature","geometry":{"type":"Point","coordinates":[34.9667,57.0333]},"properties":{"id":"set_torzhok_900","name":"Torzhok","kind":"settlement","start_year":900,"end_year":1500,"importance":"city"}},{"type":"Feature","geometry":{"type":"Point","coordinates":[30.875,59.5411]},"properties":{"id":"set_tosno_1500","name":"Tosno","kind":"settlement","start_year":1500,"end_year":1500,"importance":"city"}},{"type":"Feature","geometry":{"type":"Point","coordinates":[18.5181,50.4551]},"properties":{"id":"set_toszek_1163","name":"Toszek","kind":"settlement","start_year":1163,"end_year":1500,"importance":"city"}},{"type":"Feature","geometry":{"type":"Point","coordinates":[-0.5639,51.8772]},"properties":{"id":"set_totternhoe_roman_villa_500","name":"Totternhoe Roman Villa","kind":"settlement","start_year":500,"end_year":1500,"importance":"city"}},{"type":"Feature","geometry":{"type":"Point","coordinates":[3.7934,36.7415]},"properties":{"id":"set_toulensioi_500","name":"Toulensioi","kind":"settlement","start_year":500,"end_year":1500,"importance":"city"}},{"type":"Feature","geometry":{"type":"Point","coordinates":[22.0393,40.9099]},"properties":{"id":"set_toumba_apsalou_pella_500","name":"Toumba Apsalou (Pella)","kind":"settlement","start_year":500,"end_year":1500,"importance":"city"}},{"type":"Feature","geometry":{"type":"Point","coordinates":[32.5322,25.5835]},"properties":{"id":"set_touphion_500","name":"Touphion","kind":"settlement","start_year":500,"end_year":1500,"importance":"city"}},{"type":"Feature","geometry":{"type":"Point","coordinates":[33.9759,28.5558]},"properties":{"id":"set_tou_batou_500","name":"Tou Batou","kind":"settlement","start_year":500,"end_year":1500,"importance":"city"}},{"type":"Feature","geometry":{"type":"Point","coordinates":[22.5813,38.6424]},"properties":{"id":"set_tower_of_amfikleia_500","name":"Tower of Amfikleia","kind":"settlement","start_year":500,"end_year":1500,"importance":"city"}},{"type":"Feature","geometry":{"type":"Point","coordinates":[23.7231,40.2525]},"properties":{"id":"set_tower_of_chrysokamaro_500","name":"Tower of Chrysokamaro","kind":"settlement","start_year":500,"end_year":1500,"importance":"city"}},{"type":"Feature","geometry":{"type":"Point","coordinates":[9.3726,42.9051]},"properties":{"id":"set_tower_of_seneca_500","name":"Tower of Seneca","kind":"settlement","start_year":500,"end_year":1500,"importance":"city"}},{"type":"Feature","geometry":{"type":"Point","coordinates":[31.0416,31.0921]},"properties":{"id":"set_to_bener_500","name":"To-Bener","kind":"settlement","start_year":500,"end_year":1500,"importance":"city"}},{"type":"Feature","geometry":{"type":"Point","coordinates":[16.2506,43.5176]},"properties":{"id":"set_tragurium_500","name":"Tragurium","kind":"settlement","start_year":500,"end_year":1500,"importance":"city"}},{"type":"Feature","geometry":{"type":"Point","coordinates":[5.1221,52.0909]},"properties":{"id":"set_traiectum_500","name":"Traiectum","kind":"settlement","start_year":500,"end_year":1500,"importance":"city"}},{"type":"Feature","geometry":{"type":"Point","coordinates":[15.6117,38.2643]},"properties":{"id":"set_traiectus_500","name":"Traiectus","kind":"settlement","start_year":500,"end_year":1500,"importance":"city"}},{"type":"Feature","geometry":{"type":"Point","coordinates":[24.9333,54.6333]},"properties":{"id":"set_trakai_1409","name":"Trakai","kind":"settlement","start_year":1409,"end_year":1500,"importance":"city"}},{"type":"Feature","geometry":{"type":"Point","coordinates":[27.8346,37.8598]},"properties":{"id":"set_tralles_dia_seleuceia_ad_maeandrum_kaisareia_500","name":"Tralles/Dia/Seleuceia ad Maeandrum/Kaisareia","kind":"settlement","start_year":500,"end_year":1500,"importance":"city"}},{"type":"Feature","geometry":{"type":"Point","coordinates":[26.611,44.0482]},"properties":{"id":"set_transmarisca_500","name":"Transmarisca","kind":"settlement","start_year":500,"end_year":1500,"importance":"city"}},{"type":"Feature","geometry":{"type":"Point","coordinates":[12.9938,41.4894]},"properties":{"id":"set_tratturo_cani_500","name":"Tratturo Caniò","kind":"settlement","start_year":500,"end_year":1500,"importance":"city"}},{"type":"Feature","geometry":{"type":"Point","coordinates":[12.1428,43.5441]},"properties":{"id":"set_trebbio_500","name":"Trebbio","kind":"settlement","start_year":500,"end_year":1500,"importance":"city"}},{"type":"Feature","geometry":{"type":"Point","coordinates":[12.7475,42.8775]},"properties":{"id":"set_trebiae_500","name":"Trebiae","kind":"settlement","start_year":500,"end_year":1500,"importance":"city"}},{"type":"Feature","geometry":{"type":"Point","coordinates":[21.7167,48.6333]},"properties":{"id":"set_trebi_ov_1204","name":"Trebišov","kind":"settlement","start_year":1204,"end_year":1500,"importance":"city"}},{"type":"Feature","geometry":{"type":"Point","coordinates":[12.8686,42.2278]},"properties":{"id":"set_trebula_mutuesca_500","name":"Trebula Mutuesca","kind":"settlement","start_year":500,"end_year":1500,"importance":"city"}},{"type":"Feature","geometry":{"type":"Point","coordinates":[4.664,50.0877]},"properties":{"id":"set_treignes_500","name":"Treignes","kind":"settlement","start_year":500,"end_year":1500,"importance":"city"}},{"type":"Feature","geometry":{"type":"Point","coordinates":[18.1661,48.9106]},"properties":{"id":"set_tren_ianske_teplice_1379","name":"Trenčianske Teplice","kind":"settlement","start_year":1379,"end_year":1500,"importance":"city"}},{"type":"Feature","geometry":{"type":"Point","coordinates":[18.045,48.8943]},"properties":{"id":"set_tren_in_castle_500","name":"Trenčin castle","kind":"settlement","start_year":500,"end_year":1500,"importance":"city"}},{"type":"Feature","geometry":{"type":"Point","coordinates":[-6.8881,38.8445]},"properties":{"id":"set_tres_arroyos_500","name":"Tres Arroyos","kind":"settlement","start_year":500,"end_year":1500,"importance":"city"}},{"type":"Feature","geometry":{"type":"Point","coordinates":[6.3799,49.753]},"properties":{"id":"set_treveri_500","name":"Treveri","kind":"settlement","start_year":500,"end_year":1500,"importance":"city"}},{"type":"Feature","geometry":{"type":"Point","coordinates":[12.5988,44.383]},"properties":{"id":"set_tribus_lemonia_500","name":"tribus Lemonia","kind":"settlement","start_year":500,"end_year":1500,"importance":"city"}},{"type":"Feature","geometry":{"type":"Point","coordinates":[25.8311,43.708]},"properties":{"id":"set_trimammium_500","name":"Trimammium","kind":"settlement","start_year":500,"end_year":1500,"importance":"city"}},{"type":"Feature","geometry":{"type":"Point","coordinates":[35.812,34.449]},"properties":{"id":"set_tripolis_500","name":"Tripolis","kind":"settlement","start_year":500,"end_year":1500,"importance":"city"}},{"type":"Feature","geometry":{"type":"Point","coordinates":[-1.2148,52.4084]},"properties":{"id":"set_tripontio_500","name":"‘Tripontio’","kind":"settlement","start_year":500,"end_year":1500,"importance":"city"}},{"type":"Feature","geometry":{"type":"Point","coordinates":[-5.7649,38.248]},"properties":{"id":"set_triunfo_500","name":"Triunfo","kind":"settlement","start_year":500,"end_year":1500,"importance":"city"}},{"type":"Feature","geometry":{"type":"Point","coordinates":[15.2344,41.0495]},"properties":{"id":"set_trivici_villa_500","name":"Trivici Villa?","kind":"settlement","start_year":500,"end_year":1500,"importance":"city"}},{"type":"Feature","geometry":{"type":"Point","coordinates":[17.5862,48.3777]},"properties":{"id":"set_trnava_1211","name":"Trnava","kind":"settlement","start_year":1211,"end_year":1500,"importance":"city"}},{"type":"Feature","geometry":{"type":"Point","coordinates":[28.1951,45.1432]},"properties":{"id":"set_troesmis_500","name":"Troesmis","kind":"settlement","start_year":500,"end_year":1500,"importance":"city"}},{"type":"Feature","geometry":{"type":"Point","coordinates":[10.4,63.44]},"properties":{"id":"set_trondheim_997","name":"Trondheim","kind":"settlement","start_year":997,"end_year":1500,"importance":"city"}},{"type":"Feature","geometry":{"type":"Point","coordinates":[27.944,44.0921]},"properties":{"id":"set_tropaeum_traiani_settlement_500","name":"Tropaeum Traiani (settlement)","kind":"settlement","start_year":500,"end_year":1500,"importance":"city"}},{"type":"Feature","geometry":{"type":"Point","coordinates":[20.9972,43.6186]},"properties":{"id":"set_trstenik_1381","name":"Trstenik","kind":"settlement","start_year":1381,"end_year":1500,"importance":"city"}},{"type":"Feature","geometry":{"type":"Point","coordinates":[33.7667,52.5833]},"properties":{"id":"set_trubchevsk_975","name":"Trubchevsk","kind":"settlement","start_year":975,"end_year":1500,"importance":"city"}},{"type":"Feature","geometry":{"type":"Point","coordinates":[1.4413,35.396]},"properties":{"id":"set_trumelet_500","name":"Trumelet","kind":"settlement","start_year":500,"end_year":1500,"importance":"city"}},{"type":"Feature","geometry":{"type":"Point","coordinates":[30.7768,50.1148]},"properties":{"id":"set_trypillia_500","name":"Trypillia","kind":"settlement","start_year":500,"end_year":1500,"importance":"city"}},{"type":"Feature","geometry":{"type":"Point","coordinates":[15.8833,52.3667]},"properties":{"id":"set_trzciel_1307","name":"Trzciel","kind":"settlement","start_year":1307,"end_year":1500,"importance":"city"}},{"type":"Feature","geometry":{"type":"Point","coordinates":[17.0631,51.3106]},"properties":{"id":"set_trzebnica_1201","name":"Trzebnica","kind":"settlement","start_year":1201,"end_year":1500,"importance":"city"}},{"type":"Feature","geometry":{"type":"Point","coordinates":[-8.8846,38.4863]},"properties":{"id":"set_tr_ia_500","name":"Tróia","kind":"settlement","start_year":500,"end_year":1500,"importance":"city"}},{"type":"Feature","geometry":{"type":"Point","coordinates":[-7.5069,41.4929]},"properties":{"id":"set_tr_s_minas_500","name":"Três Minas","kind":"settlement","start_year":500,"end_year":1500,"importance":"city"}},{"type":"Feature","geometry":{"type":"Point","coordinates":[43.8817,42.1398]},"properties":{"id":"set_tsitelbegebi_500","name":"Tsitelbegebi","kind":"settlement","start_year":500,"end_year":1500,"importance":"city"}},{"type":"Feature","geometry":{"type":"Point","coordinates":[47.4833,55.8667]},"properties":{"id":"set_tsivilsk_1183","name":"Tsivilsk","kind":"settlement","start_year":1183,"end_year":1500,"importance":"city"}},{"type":"Feature","geometry":{"type":"Point","coordinates":[43.9701,42.2257]},"properties":{"id":"set_tskhinval_1398","name":"Tskhinval","kind":"settlement","start_year":1398,"end_year":1500,"importance":"city"}},{"type":"Feature","geometry":{"type":"Point","coordinates":[21.05,49.9]},"properties":{"id":"set_tuch_w_1105","name":"Tuchów","kind":"settlement","start_year":1105,"end_year":1500,"importance":"city"}},{"type":"Feature","geometry":{"type":"Point","coordinates":[16.1536,53.1936]},"properties":{"id":"set_tuczno_1306","name":"Tuczno","kind":"settlement","start_year":1306,"end_year":1500,"importance":"city"}},{"type":"Feature","geometry":{"type":"Point","coordinates":[12.4085,42.7803]},"properties":{"id":"set_tuder_500","name":"Tuder","kind":"settlement","start_year":500,"end_year":1500,"importance":"city"}},{"type":"Feature","geometry":{"type":"Point","coordinates":[-8.6443,42.0462]},"properties":{"id":"set_tude_castellum_tyde_500","name":"Tude/Castellum Tyde","kind":"settlement","start_year":500,"end_year":1500,"importance":"city"}},{"type":"Feature","geometry":{"type":"Point","coordinates":[12.9976,43.3458]},"properties":{"id":"set_tuficum_500","name":"Tuficum","kind":"settlement","start_year":500,"end_year":1500,"importance":"city"}},{"type":"Feature","geometry":{"type":"Point","coordinates":[68.2674,39.7028]},"properties":{"id":"set_tugunbulak_500","name":"Tugunbulak","kind":"settlement","start_year":500,"end_year":1500,"importance":"city"}},{"type":"Feature","geometry":{"type":"Point","coordinates":[45.7229,32.3369]},"properties":{"id":"set_tulul_al_baqarat_500","name":"Tulul al-Baqarat","kind":"settlement","start_year":500,"end_year":1500,"importance":"city"}},{"type":"Feature","geometry":{"type":"Point","coordinates":[4.4274,50.3882]},"properties":{"id":"set_tumulus_of_marcinelle_500","name":"Tumulus of Marcinelle","kind":"settlement","start_year":500,"end_year":1500,"importance":"city"}},{"type":"Feature","geometry":{"type":"Point","coordinates":[10.1716,36.7992]},"properties":{"id":"set_tunes_500","name":"Tunes","kind":"settlement","start_year":500,"end_year":1500,"importance":"city"}},{"type":"Feature","geometry":{"type":"Point","coordinates":[10.166,36.818]},"properties":{"id":"set_tunis","name":"Tunis","kind":"settlement","start_year":800,"end_year":1500,"importance":"capital"}},{"type":"Feature","geometry":{"type":"Point","coordinates":[-7.5,37.5]},"properties":{"id":"set_turduli_500","name":"Turduli","kind":"settlement","start_year":500,"end_year":1500,"importance":"city"}},{"type":"Feature","geometry":{"type":"Point","coordinates":[68.2692,43.3019]},"properties":{"id":"set_turkistan_401","name":"Turkistan","kind":"settlement","start_year":401,"end_year":1500,"importance":"city"}},{"type":"Feature","geometry":{"type":"Point","coordinates":[37.0691,37.7589]},"properties":{"id":"set_turlu_h_y_k_500","name":"Turlu Höyük","kind":"settlement","start_year":500,"end_year":1500,"importance":"city"}},{"type":"Feature","geometry":{"type":"Point","coordinates":[0.7771,47.7307]},"properties":{"id":"set_turnacum_500","name":"*Turnacum","kind":"settlement","start_year":500,"end_year":1500,"importance":"city"}},{"type":"Feature","geometry":{"type":"Point","coordinates":[24.3,45.6412]},"properties":{"id":"set_turnu_ro_u_500","name":"Turnu Roşu","kind":"settlement","start_year":500,"end_year":1500,"importance":"city"}},{"type":"Feature","geometry":{"type":"Point","coordinates":[22.3337,45.3899]},"properties":{"id":"set_turnu_rueni_500","name":"Turnu Rueni","kind":"settlement","start_year":500,"end_year":1500,"importance":"city"}},{"type":"Feature","geometry":{"type":"Point","coordinates":[-2.4078,55.0015]},"properties":{"id":"set_turret_40a_winshields_500","name":"Turret 40A (Winshields)","kind":"settlement","start_year":500,"end_year":1500,"importance":"city"}},{"type":"Feature","geometry":{"type":"Point","coordinates":[-2.741,54.9714]},"properties":{"id":"set_turret_55b_townhead_croft_500","name":"Turret 55B (Townhead Croft)","kind":"settlement","start_year":500,"end_year":1500,"importance":"city"}},{"type":"Feature","geometry":{"type":"Point","coordinates":[13.3211,32.8142]},"properties":{"id":"set_turris_ad_algam_500","name":"Turris ad Algam","kind":"settlement","start_year":500,"end_year":1500,"importance":"city"}},{"type":"Feature","geometry":{"type":"Point","coordinates":[8.3957,40.8372]},"properties":{"id":"set_turris_libisonis_500","name":"Turris Libisonis","kind":"settlement","start_year":500,"end_year":1500,"importance":"city"}},{"type":"Feature","geometry":{"type":"Point","coordinates":[10.0905,33.4763]},"properties":{"id":"set_turris_maniliorum_arelliorum_500","name":"Turris Maniliorum Arelliorum","kind":"settlement","start_year":500,"end_year":1500,"importance":"city"}},{"type":"Feature","geometry":{"type":"Point","coordinates":[10.3866,36.2602]},"properties":{"id":"set_turris_rutunda_500","name":"Turris Rutunda","kind":"settlement","start_year":500,"end_year":1500,"importance":"city"}},{"type":"Feature","geometry":{"type":"Point","coordinates":[18.8636,48.8589]},"properties":{"id":"set_tur_ianske_teplice_1281","name":"Turčianske Teplice","kind":"settlement","start_year":1281,"end_year":1500,"importance":"city"}},{"type":"Feature","geometry":{"type":"Point","coordinates":[11.8703,42.4192]},"properties":{"id":"set_tuscana_500","name":"Tuscana","kind":"settlement","start_year":500,"end_year":1500,"importance":"city"}},{"type":"Feature","geometry":{"type":"Point","coordinates":[12.7103,41.7983]},"properties":{"id":"set_tusculum_500","name":"Tusculum","kind":"settlement","start_year":500,"end_year":1500,"importance":"city"}},{"type":"Feature","geometry":{"type":"Point","coordinates":[39.5333,57.8833]},"properties":{"id":"set_tutayev_1201","name":"Tutayev","kind":"settlement","start_year":1201,"end_year":1500,"importance":"city"}},{"type":"Feature","geometry":{"type":"Point","coordinates":[39.0472,35.9581]},"properties":{"id":"set_tuttul_500","name":"Tuttul","kind":"settlement","start_year":500,"end_year":1500,"importance":"city"}},{"type":"Feature","geometry":{"type":"Point","coordinates":[32.95,23.3831]},"properties":{"id":"set_tutzis_500","name":"Tutzis","kind":"settlement","start_year":500,"end_year":1500,"importance":"city"}},{"type":"Feature","geometry":{"type":"Point","coordinates":[35.916,56.86]},"properties":{"id":"set_tver","name":"Tver","kind":"settlement","start_year":1135,"end_year":1485,"importance":"town"}},{"type":"Feature","geometry":{"type":"Point","coordinates":[17.4697,51.3647]},"properties":{"id":"set_twardog_ra_1293","name":"Twardogóra","kind":"settlement","start_year":1293,"end_year":1500,"importance":"city"}},{"type":"Feature","geometry":{"type":"Point","coordinates":[18.9867,50.1236]},"properties":{"id":"set_tychy_1467","name":"Tychy","kind":"settlement","start_year":1467,"end_year":1500,"importance":"city"}},{"type":"Feature","geometry":{"type":"Point","coordinates":[25.0202,35.2985]},"properties":{"id":"set_tylisos_500","name":"Tylisos","kind":"settlement","start_year":500,"end_year":1500,"importance":"city"}},{"type":"Feature","geometry":{"type":"Point","coordinates":[36.4072,45.2773]},"properties":{"id":"set_tyritake_500","name":"Tyritake","kind":"settlement","start_year":500,"end_year":1500,"importance":"city"}},{"type":"Feature","geometry":{"type":"Point","coordinates":[35.2018,33.2693]},"properties":{"id":"set_tyrus_col_septimia_severa_500","name":"Tyrus/Col. Septimia Severa","kind":"settlement","start_year":500,"end_year":1500,"importance":"city"}},{"type":"Feature","geometry":{"type":"Point","coordinates":[48.2967,42.0578]},"properties":{"id":"set_tzon_tzur_500","name":"Tzon/Tzur","kind":"settlement","start_year":500,"end_year":1500,"importance":"city"}},{"type":"Feature","geometry":{"type":"Point","coordinates":[24.5597,46.5497]},"properties":{"id":"set_t_rgu_mure_1230","name":"Târgu Mureș","kind":"settlement","start_year":1230,"end_year":1500,"importance":"city"}},{"type":"Feature","geometry":{"type":"Point","coordinates":[18.7181,47.7992]},"properties":{"id":"set_t_rovo_1075","name":"Štúrovo","kind":"settlement","start_year":1075,"end_year":1500,"importance":"city"}},{"type":"Feature","geometry":{"type":"Point","coordinates":[-6.7713,62.0098]},"properties":{"id":"set_t_rshavn_901","name":"Tórshavn","kind":"settlement","start_year":901,"end_year":1500,"importance":"city"}},{"type":"Feature","geometry":{"type":"Point","coordinates":[44.2158,42.5376]},"properties":{"id":"set_t_sart_siaty_kalak_500","name":"T͡Sart͡siaty Kalak ","kind":"settlement","start_year":500,"end_year":1500,"importance":"city"}},{"type":"Feature","geometry":{"type":"Point","coordinates":[7.7348,34.9121]},"properties":{"id":"set_ubaza_castellum_500","name":"Ubaza Castellum","kind":"settlement","start_year":500,"end_year":1500,"importance":"city"}},{"type":"Feature","geometry":{"type":"Point","coordinates":[52.2996,58.2265]},"properties":{"id":"set_uchkakar_500","name":"Uchkakar","kind":"settlement","start_year":500,"end_year":1500,"importance":"city"}},{"type":"Feature","geometry":{"type":"Point","coordinates":[35.0167,57.8833]},"properties":{"id":"set_udomlya_1478","name":"Udomlya","kind":"settlement","start_year":1478,"end_year":1500,"importance":"city"}},{"type":"Feature","geometry":{"type":"Point","coordinates":[38.3333,57.5333]},"properties":{"id":"set_uglich_937","name":"Uglich","kind":"settlement","start_year":937,"end_year":1500,"importance":"city"}},{"type":"Feature","geometry":{"type":"Point","coordinates":[18.3606,54.3458]},"properties":{"id":"set_ukowo_1201","name":"Żukowo","kind":"settlement","start_year":1201,"end_year":1500,"importance":"city"}},{"type":"Feature","geometry":{"type":"Point","coordinates":[11.1705,31.7576]},"properties":{"id":"set_uled_bu_aescia_500","name":"Uled Bu Aescia","kind":"settlement","start_year":500,"end_year":1500,"importance":"city"}},{"type":"Feature","geometry":{"type":"Point","coordinates":[9.9916,48.3984]},"properties":{"id":"set_ulm_1181","name":"Ulm","kind":"settlement","start_year":1181,"end_year":1500,"importance":"city"}},{"type":"Feature","geometry":{"type":"Point","coordinates":[10.4412,35.9585]},"properties":{"id":"set_uluzibbira_roman_amphitheater_500","name":"Uluzibbira Roman amphitheater","kind":"settlement","start_year":500,"end_year":1500,"importance":"city"}},{"type":"Feature","geometry":{"type":"Point","coordinates":[21.8825,61.4325]},"properties":{"id":"set_ulvila_1365","name":"Ulvila","kind":"settlement","start_year":1365,"end_year":1500,"importance":"city"}},{"type":"Feature","geometry":{"type":"Point","coordinates":[37.6937,36.134]},"properties":{"id":"set_umm_el_marra_500","name":"Umm el-Marra","kind":"settlement","start_year":500,"end_year":1500,"importance":"city"}},{"type":"Feature","geometry":{"type":"Point","coordinates":[33.5588,26.1826]},"properties":{"id":"set_umm_esh_500","name":"Umm Esh","kind":"settlement","start_year":500,"end_year":1500,"importance":"city"}},{"type":"Feature","geometry":{"type":"Point","coordinates":[34.5772,25.497]},"properties":{"id":"set_umm_rus_500","name":"Umm Rus","kind":"settlement","start_year":500,"end_year":1500,"importance":"city"}},{"type":"Feature","geometry":{"type":"Point","coordinates":[33.5384,22.511]},"properties":{"id":"set_um_garriat_500","name":"Um Garriat","kind":"settlement","start_year":500,"end_year":1500,"importance":"city"}},{"type":"Feature","geometry":{"type":"Point","coordinates":[9.719,36.76]},"properties":{"id":"set_unlabeled_monuments_in_batlas_32_e3_500","name":"Unlabeled monuments in BAtlas 32 E3","kind":"settlement","start_year":500,"end_year":1500,"importance":"city"}},{"type":"Feature","geometry":{"type":"Point","coordinates":[25.25,35.25]},"properties":{"id":"set_unnamed_aqueduct_at_lyktos_500","name":"Unnamed aqueduct at Lyktos","kind":"settlement","start_year":500,"end_year":1500,"importance":"city"}},{"type":"Feature","geometry":{"type":"Point","coordinates":[7.9637,43.8547]},"properties":{"id":"set_unnamed_bridge_500","name":"Unnamed bridge","kind":"settlement","start_year":500,"end_year":1500,"importance":"city"}},{"type":"Feature","geometry":{"type":"Point","coordinates":[27.6022,40.2675]},"properties":{"id":"set_unnamed_bridge_near_memnonis_vicus_500","name":"Unnamed Bridge near Memnonis Vicus","kind":"settlement","start_year":500,"end_year":1500,"importance":"city"}},{"type":"Feature","geometry":{"type":"Point","coordinates":[4.6805,36.2999]},"properties":{"id":"set_unnamed_fortification_near_djaafra_algeria_500","name":"Unnamed fortification near Djaafra, Algeria","kind":"settlement","start_year":500,"end_year":1500,"importance":"city"}},{"type":"Feature","geometry":{"type":"Point","coordinates":[1.3581,45.6953]},"properties":{"id":"set_unnamed_gallo_roman_villa_antone_cm_pierre_buffi_re_500","name":"Unnamed Gallo-Roman villa (Antone, Cm. Pierre-Buffière)","kind":"settlement","start_year":500,"end_year":1500,"importance":"city"}},{"type":"Feature","geometry":{"type":"Point","coordinates":[1.4269,44.3552]},"properties":{"id":"set_unnamed_gallo_roman_villa_gran_jouls_500","name":"Unnamed Gallo-Roman villa (Granéjouls)","kind":"settlement","start_year":500,"end_year":1500,"importance":"city"}},{"type":"Feature","geometry":{"type":"Point","coordinates":[1.1982,44.3034]},"properties":{"id":"set_unnamed_gallo_roman_villa_montlauzun_500","name":"Unnamed Gallo-Roman villa (Montlauzun)","kind":"settlement","start_year":500,"end_year":1500,"importance":"city"}},{"type":"Feature","geometry":{"type":"Point","coordinates":[0.2328,45.2879]},"properties":{"id":"set_unnamed_gallo_roman_villa_petit_bersac_500","name":"Unnamed Gallo-Roman villa (Petit-Bersac)","kind":"settlement","start_year":500,"end_year":1500,"importance":"city"}},{"type":"Feature","geometry":{"type":"Point","coordinates":[7.4464,36.8865]},"properties":{"id":"set_unnamed_iron_mine_500","name":"Unnamed iron mine","kind":"settlement","start_year":500,"end_year":1500,"importance":"city"}},{"type":"Feature","geometry":{"type":"Point","coordinates":[32.9805,34.5723]},"properties":{"id":"set_unnamed_island_southern_akrotiri_peninsula_cyprus_500","name":"Unnamed island (southern Akrotiri peninsula, Cyprus)","kind":"settlement","start_year":500,"end_year":1500,"importance":"city"}},{"type":"Feature","geometry":{"type":"Point","coordinates":[-3.2075,53.2392]},"properties":{"id":"set_unnamed_lead_mines_at_halkyn_mountain_500","name":"Unnamed lead mines at Halkyn Mountain","kind":"settlement","start_year":500,"end_year":1500,"importance":"city"}},{"type":"Feature","geometry":{"type":"Point","coordinates":[-0.3997,52.7036]},"properties":{"id":"set_unnamed_mine_500","name":"Unnamed Mine","kind":"settlement","start_year":500,"end_year":1500,"importance":"city"}},{"type":"Feature","geometry":{"type":"Point","coordinates":[15.9747,31.2782]},"properties":{"id":"set_unnamed_place_500","name":"Unnamed place","kind":"settlement","start_year":500,"end_year":1500,"importance":"city"}},{"type":"Feature","geometry":{"type":"Point","coordinates":[29.25,38.25]},"properties":{"id":"set_unnamed_quarries_to_the_west_of_thiounta_500","name":"Unnamed quarries to the west of Thiounta","kind":"settlement","start_year":500,"end_year":1500,"importance":"city"}},{"type":"Feature","geometry":{"type":"Point","coordinates":[29.7255,38.5246]},"properties":{"id":"set_unnamed_quarry_500","name":"Unnamed quarry","kind":"settlement","start_year":500,"end_year":1500,"importance":"city"}},{"type":"Feature","geometry":{"type":"Point","coordinates":[14.5,46.5]},"properties":{"id":"set_unnamed_quarry_group_500","name":"Unnamed quarry group","kind":"settlement","start_year":500,"end_year":1500,"importance":"city"}},{"type":"Feature","geometry":{"type":"Point","coordinates":[-0.863,35.2731]},"properties":{"id":"set_unnamed_road_500","name":"Unnamed road","kind":"settlement","start_year":500,"end_year":1500,"importance":"city"}},{"type":"Feature","geometry":{"type":"Point","coordinates":[4.5,49.5]},"properties":{"id":"set_unnamed_road_segment_500","name":"Unnamed road segment","kind":"settlement","start_year":500,"end_year":1500,"importance":"city"}},{"type":"Feature","geometry":{"type":"Point","coordinates":[-6.8114,42.609]},"properties":{"id":"set_unnamed_roman_bridge_villafranca_del_bierzo_over_r_burbia_500","name":"Unnamed Roman Bridge (Villafranca del Bierzo, over R. Burbia)","kind":"settlement","start_year":500,"end_year":1500,"importance":"city"}},{"type":"Feature","geometry":{"type":"Point","coordinates":[2.6399,46.8136]},"properties":{"id":"set_unnamed_sanctuary_at_garenne_500","name":"Unnamed sanctuary at Garenne","kind":"settlement","start_year":500,"end_year":1500,"importance":"city"}},{"type":"Feature","geometry":{"type":"Point","coordinates":[1.9109,48.3045]},"properties":{"id":"set_unnamed_settlement_at_sampuy_500","name":"Unnamed settlement at Sampuy","kind":"settlement","start_year":500,"end_year":1500,"importance":"city"}},{"type":"Feature","geometry":{"type":"Point","coordinates":[5.1301,36.0129]},"properties":{"id":"set_unnamed_settlement_near_bir_el_kerma_algeria_500","name":"Unnamed settlement near Bir el Kerma, Algeria","kind":"settlement","start_year":500,"end_year":1500,"importance":"city"}},{"type":"Feature","geometry":{"type":"Point","coordinates":[4.6353,36.1416]},"properties":{"id":"set_unnamed_settlement_near_dawadiche_algeria_500","name":"Unnamed settlement near Dawadiche, Algeria","kind":"settlement","start_year":500,"end_year":1500,"importance":"city"}},{"type":"Feature","geometry":{"type":"Point","coordinates":[4.9212,36.1064]},"properties":{"id":"set_unnamed_settlement_near_sidi_embarek_algeria_500","name":"Unnamed settlement near Sidi Embarek, Algeria","kind":"settlement","start_year":500,"end_year":1500,"importance":"city"}},{"type":"Feature","geometry":{"type":"Point","coordinates":[4.9952,36.4196]},"properties":{"id":"set_unnamed_settlement_near_timechtaouine_algeria_500","name":"Unnamed settlement near Timechtaouine, Algeria","kind":"settlement","start_year":500,"end_year":1500,"importance":"city"}},{"type":"Feature","geometry":{"type":"Point","coordinates":[1.3089,36.2817]},"properties":{"id":"set_unnamed_settlement_north_of_castellum_tingitanum_500","name":"Unnamed Settlement north of Castellum Tingitanum","kind":"settlement","start_year":500,"end_year":1500,"importance":"city"}},{"type":"Feature","geometry":{"type":"Point","coordinates":[4.9582,36.2677]},"properties":{"id":"set_unnamed_settlement_north_of_khelil_algeria_500","name":"Unnamed settlement north of Khelil, Algeria","kind":"settlement","start_year":500,"end_year":1500,"importance":"city"}},{"type":"Feature","geometry":{"type":"Point","coordinates":[2.1403,36.5712]},"properties":{"id":"set_unnamed_settlement_southeast_of_sidi_ghil_s_500","name":"Unnamed settlement southeast of Sidi-Ghilès","kind":"settlement","start_year":500,"end_year":1500,"importance":"city"}},{"type":"Feature","geometry":{"type":"Point","coordinates":[20.0745,31.7021]},"properties":{"id":"set_unnamed_villa_500","name":"Unnamed villa","kind":"settlement","start_year":500,"end_year":1500,"importance":"city"}},{"type":"Feature","geometry":{"type":"Point","coordinates":[6.1213,43.1031]},"properties":{"id":"set_unnamed_villa_at_costebelle_500","name":"Unnamed villa at Costebelle","kind":"settlement","start_year":500,"end_year":1500,"importance":"city"}},{"type":"Feature","geometry":{"type":"Point","coordinates":[4.208,43.7218]},"properties":{"id":"set_unnamed_villa_at_pataran_500","name":"Unnamed villa at Pataran","kind":"settlement","start_year":500,"end_year":1500,"importance":"city"}},{"type":"Feature","geometry":{"type":"Point","coordinates":[1.043,46.807]},"properties":{"id":"set_unnamed_villa_in_martizay_500","name":"Unnamed villa in Martizay","kind":"settlement","start_year":500,"end_year":1500,"importance":"city"}},{"type":"Feature","geometry":{"type":"Point","coordinates":[13.1723,47.792]},"properties":{"id":"set_untersberg_500","name":"Untersberg","kind":"settlement","start_year":500,"end_year":1500,"importance":"city"}},{"type":"Feature","geometry":{"type":"Point","coordinates":[-7,42]},"properties":{"id":"set_untitled_500","name":"Untitled","kind":"settlement","start_year":500,"end_year":1500,"importance":"city"}},{"type":"Feature","geometry":{"type":"Point","coordinates":[40.4627,37.0566]},"properties":{"id":"set_urakka_500","name":"Urakka","kind":"settlement","start_year":500,"end_year":1500,"importance":"city"}},{"type":"Feature","geometry":{"type":"Point","coordinates":[18.1861,48.0872]},"properties":{"id":"set_urany_1138","name":"Šurany","kind":"settlement","start_year":1138,"end_year":1500,"importance":"city"}},{"type":"Feature","geometry":{"type":"Point","coordinates":[10.9,51.4778]},"properties":{"id":"set_urbach_874","name":"Urbach","kind":"settlement","start_year":874,"end_year":1500,"importance":"city"}},{"type":"Feature","geometry":{"type":"Point","coordinates":[13.3847,43.1977]},"properties":{"id":"set_urbs_salvia_500","name":"Urbs Salvia","kind":"settlement","start_year":500,"end_year":1500,"importance":"city"}},{"type":"Feature","geometry":{"type":"Point","coordinates":[60.638,41.56]},"properties":{"id":"set_urgench","name":"Urgench (Old Gurganj)","kind":"settlement","start_year":995,"end_year":1221,"importance":"capital"}},{"type":"Feature","geometry":{"type":"Point","coordinates":[17.6423,40.4978]},"properties":{"id":"set_uria_500","name":"Uria","kind":"settlement","start_year":500,"end_year":1500,"importance":"city"}},{"type":"Feature","geometry":{"type":"Point","coordinates":[23.1256,45.3313]},"properties":{"id":"set_uricani_500","name":"Uricani","kind":"settlement","start_year":500,"end_year":1500,"importance":"city"}},{"type":"Feature","geometry":{"type":"Point","coordinates":[-6.5918,37.6939]},"properties":{"id":"set_urium_500","name":"*Urium","kind":"settlement","start_year":500,"end_year":1500,"importance":"city"}},{"type":"Feature","geometry":{"type":"Point","coordinates":[-5.0993,37.2466]},"properties":{"id":"set_urso_col_genetiva_iulia_500","name":"Urso/Col. Genetiva Iulia","kind":"settlement","start_year":500,"end_year":1500,"importance":"city"}},{"type":"Feature","geometry":{"type":"Point","coordinates":[45.5105,31.7775]},"properties":{"id":"set_uruppak_500","name":"Šuruppak","kind":"settlement","start_year":500,"end_year":1500,"importance":"city"}},{"type":"Feature","geometry":{"type":"Point","coordinates":[45.5366,43.1224]},"properties":{"id":"set_urus_martan_1401","name":"Urus-Martan","kind":"settlement","start_year":1401,"end_year":1500,"importance":"city"}},{"type":"Feature","geometry":{"type":"Point","coordinates":[46.1054,30.9613]},"properties":{"id":"set_ur_i_500","name":"Ur(i)","kind":"settlement","start_year":500,"end_year":1500,"importance":"city"}},{"type":"Feature","geometry":{"type":"Point","coordinates":[37.25,37.25]},"properties":{"id":"set_ur_u_war_uwa_500","name":"Uršu/Waršuwa","kind":"settlement","start_year":500,"end_year":1500,"importance":"city"}},{"type":"Feature","geometry":{"type":"Point","coordinates":[37.3596,33.3032]},"properties":{"id":"set_usays_500","name":"Usays","kind":"settlement","start_year":500,"end_year":1500,"importance":"city"}},{"type":"Feature","geometry":{"type":"Point","coordinates":[37.2575,38.7229]},"properties":{"id":"set_usian_500","name":"Usian","kind":"settlement","start_year":500,"end_year":1500,"importance":"city"}},{"type":"Feature","geometry":{"type":"Point","coordinates":[37.9075,48.8889]},"properties":{"id":"set_usovo_ozero_500","name":"Usovo Ozero","kind":"settlement","start_year":500,"end_year":1500,"importance":"city"}},{"type":"Feature","geometry":{"type":"Point","coordinates":[9.0875,39.4145]},"properties":{"id":"set_ussana_500","name":"Ussana","kind":"settlement","start_year":500,"end_year":1500,"importance":"city"}},{"type":"Feature","geometry":{"type":"Point","coordinates":[-2.407,52.6951]},"properties":{"id":"set_uxacona_500","name":"Uxacona","kind":"settlement","start_year":500,"end_year":1500,"importance":"city"}},{"type":"Feature","geometry":{"type":"Point","coordinates":[1.589,44.7698]},"properties":{"id":"set_uxellodunum_500","name":"Uxellodunum","kind":"settlement","start_year":500,"end_year":1500,"importance":"city"}},{"type":"Feature","geometry":{"type":"Point","coordinates":[35.0714,37.136]},"properties":{"id":"set_u_nanis_500","name":"Ušnanis","kind":"settlement","start_year":500,"end_year":1500,"importance":"city"}},{"type":"Feature","geometry":{"type":"Point","coordinates":[10.4477,43.3585]},"properties":{"id":"set_vada_volaterrana_500","name":"Vada Volaterrana","kind":"settlement","start_year":500,"end_year":1500,"importance":"city"}},{"type":"Feature","geometry":{"type":"Point","coordinates":[9.1842,36.7266]},"properties":{"id":"set_vaga_500","name":"Vaga","kind":"settlement","start_year":500,"end_year":1500,"importance":"city"}},{"type":"Feature","geometry":{"type":"Point","coordinates":[16.283,40.834]},"properties":{"id":"set_vagnari_500","name":"Vagnari","kind":"settlement","start_year":500,"end_year":1500,"importance":"city"}},{"type":"Feature","geometry":{"type":"Point","coordinates":[21.9716,43.8505]},"properties":{"id":"set_valakonje_500","name":"Valakonje","kind":"settlement","start_year":500,"end_year":1500,"importance":"city"}},{"type":"Feature","geometry":{"type":"Point","coordinates":[-0.4366,40.8268]},"properties":{"id":"set_valdestrada_500","name":"Valdestrada","kind":"settlement","start_year":500,"end_year":1500,"importance":"city"}},{"type":"Feature","geometry":{"type":"Point","coordinates":[-4.7286,41.6521]},"properties":{"id":"set_valladolid_500","name":"Valladolid","kind":"settlement","start_year":500,"end_year":1500,"importance":"city"}},{"type":"Feature","geometry":{"type":"Point","coordinates":[-5.7664,42.5175]},"properties":{"id":"set_vallata_500","name":"Vallata","kind":"settlement","start_year":500,"end_year":1500,"importance":"city"}},{"type":"Feature","geometry":{"type":"Point","coordinates":[-6.2837,42.893]},"properties":{"id":"set_valle_rab_n_500","name":"Valle Rabón","kind":"settlement","start_year":500,"end_year":1500,"importance":"city"}},{"type":"Feature","geometry":{"type":"Point","coordinates":[9.7466,36.6248]},"properties":{"id":"set_vallis_500","name":"Vallis","kind":"settlement","start_year":500,"end_year":1500,"importance":"city"}},{"type":"Feature","geometry":{"type":"Point","coordinates":[37.2475,33.916]},"properties":{"id":"set_vallis_alba_500","name":"Vallis Alba","kind":"settlement","start_year":500,"end_year":1500,"importance":"city"}},{"type":"Feature","geometry":{"type":"Point","coordinates":[12.2322,55.4003]},"properties":{"id":"set_vall_by_500","name":"Valløby","kind":"settlement","start_year":500,"end_year":1500,"importance":"city"}},{"type":"Feature","geometry":{"type":"Point","coordinates":[9.3841,42.7054]},"properties":{"id":"set_vanacini_500","name":"Vanacini","kind":"settlement","start_year":500,"end_year":1500,"importance":"city"}},{"type":"Feature","geometry":{"type":"Point","coordinates":[4.7918,36.1978]},"properties":{"id":"set_vanisnesi_500","name":"*Vanisnesi","kind":"settlement","start_year":500,"end_year":1500,"importance":"city"}},{"type":"Feature","geometry":{"type":"Point","coordinates":[42.5015,42.0838]},"properties":{"id":"set_vani_500","name":"Vani","kind":"settlement","start_year":500,"end_year":1500,"importance":"city"}},{"type":"Feature","geometry":{"type":"Point","coordinates":[25.0403,60.2944]},"properties":{"id":"set_vantaa_1428","name":"Vantaa","kind":"settlement","start_year":1428,"end_year":1500,"importance":"city"}},{"type":"Feature","geometry":{"type":"Point","coordinates":[45.1948,40.1889]},"properties":{"id":"set_vardatsor_500","name":"Vardatsor","kind":"settlement","start_year":500,"end_year":1500,"importance":"city"}},{"type":"Feature","geometry":{"type":"Point","coordinates":[43.2838,41.3809]},"properties":{"id":"set_vardzia_500","name":"Vardzia","kind":"settlement","start_year":500,"end_year":1500,"importance":"city"}},{"type":"Feature","geometry":{"type":"Point","coordinates":[-3.4503,53.2573]},"properties":{"id":"set_varis_500","name":"Varis","kind":"settlement","start_year":500,"end_year":1500,"importance":"city"}},{"type":"Feature","geometry":{"type":"Point","coordinates":[10.9721,42.8595]},"properties":{"id":"set_vatl_vetulonia_500","name":"Vatl/Vetulonia","kind":"settlement","start_year":500,"end_year":1500,"importance":"city"}},{"type":"Feature","geometry":{"type":"Point","coordinates":[20.3773,38.1686]},"properties":{"id":"set_vatsa_500","name":"Vatsa","kind":"settlement","start_year":500,"end_year":1500,"importance":"city"}},{"type":"Feature","geometry":{"type":"Point","coordinates":[12.7968,32.7608]},"properties":{"id":"set_vax_villa_repentina_500","name":"Vax/Villa Repentina","kind":"settlement","start_year":500,"end_year":1500,"importance":"city"}},{"type":"Feature","geometry":{"type":"Point","coordinates":[44.521,33.0952]},"properties":{"id":"set_veh_ardashir_coche_mahoza_seleucia_500","name":"Veh Ardashir/Coche/Mahoza/‘Seleucia’","kind":"settlement","start_year":500,"end_year":1500,"importance":"city"}},{"type":"Feature","geometry":{"type":"Point","coordinates":[51.5709,29.7776]},"properties":{"id":"set_veh_shapur_bishapur_500","name":"Veh Shapur/Bishapur","kind":"settlement","start_year":500,"end_year":1500,"importance":"city"}},{"type":"Feature","geometry":{"type":"Point","coordinates":[12.0952,42.2168]},"properties":{"id":"set_vejano_500","name":"Vejano","kind":"settlement","start_year":500,"end_year":1500,"importance":"city"}},{"type":"Feature","geometry":{"type":"Point","coordinates":[15.1562,40.1605]},"properties":{"id":"set_velia_elea_500","name":"Velia/Elea","kind":"settlement","start_year":500,"end_year":1500,"importance":"city"}},{"type":"Feature","geometry":{"type":"Point","coordinates":[22.497,44.0345]},"properties":{"id":"set_veliki_jasenovac_500","name":"Veliki Jasenovac","kind":"settlement","start_year":500,"end_year":1500,"importance":"city"}},{"type":"Feature","geometry":{"type":"Point","coordinates":[4.6438,52.4527]},"properties":{"id":"set_velsen_500","name":"Velsen","kind":"settlement","start_year":500,"end_year":1500,"importance":"city"}},{"type":"Feature","geometry":{"type":"Point","coordinates":[4.7955,49.6031]},"properties":{"id":"set_vendresse_500","name":"Vendresse","kind":"settlement","start_year":500,"end_year":1500,"importance":"city"}},{"type":"Feature","geometry":{"type":"Point","coordinates":[22.5,52.5]},"properties":{"id":"set_venedi_500","name":"Venedi","kind":"settlement","start_year":500,"end_year":1500,"importance":"city"}},{"type":"Feature","geometry":{"type":"Point","coordinates":[12.338,45.434]},"properties":{"id":"set_venice","name":"Venice","kind":"settlement","start_year":697,"end_year":1500,"importance":"city"}},{"type":"Feature","geometry":{"type":"Point","coordinates":[1.291,52.5835]},"properties":{"id":"set_venta_500","name":"Venta","kind":"settlement","start_year":500,"end_year":1500,"importance":"city"}},{"type":"Feature","geometry":{"type":"Point","coordinates":[38.2667,54.35]},"properties":{"id":"set_venyov_1371","name":"Venyov","kind":"settlement","start_year":1371,"end_year":1500,"importance":"city"}},{"type":"Feature","geometry":{"type":"Point","coordinates":[-5.7536,43.4841]},"properties":{"id":"set_veranes_500","name":"Veranes","kind":"settlement","start_year":500,"end_year":1500,"importance":"city"}},{"type":"Feature","geometry":{"type":"Point","coordinates":[41.9087,45.0695]},"properties":{"id":"set_verbovski_mogil_nik_500","name":"Verbovskiĭ Mogil'nik","kind":"settlement","start_year":500,"end_year":1500,"importance":"city"}},{"type":"Feature","geometry":{"type":"Point","coordinates":[36.1833,55.3333]},"properties":{"id":"set_vereya_1371","name":"Vereya","kind":"settlement","start_year":1371,"end_year":1500,"importance":"city"}},{"type":"Feature","geometry":{"type":"Point","coordinates":[38.0821,34.3855]},"properties":{"id":"set_veriaraca_500","name":"Veriaraca","kind":"settlement","start_year":500,"end_year":1500,"importance":"city"}},{"type":"Feature","geometry":{"type":"Point","coordinates":[2.5278,49.29]},"properties":{"id":"set_verneuil_en_halatte_500","name":"Verneuil-en-Halatte","kind":"settlement","start_year":500,"end_year":1500,"importance":"city"}},{"type":"Feature","geometry":{"type":"Point","coordinates":[4.3491,47.9167]},"properties":{"id":"set_vertillum_500","name":"*Vertillum?","kind":"settlement","start_year":500,"end_year":1500,"importance":"city"}},{"type":"Feature","geometry":{"type":"Point","coordinates":[-2.2236,52.192]},"properties":{"id":"set_vertis_500","name":"Vertis?","kind":"settlement","start_year":500,"end_year":1500,"importance":"city"}},{"type":"Feature","geometry":{"type":"Point","coordinates":[12.4221,43.9835]},"properties":{"id":"set_verucchio_500","name":"Verucchio","kind":"settlement","start_year":500,"end_year":1500,"importance":"city"}},{"type":"Feature","geometry":{"type":"Point","coordinates":[-0.3585,51.752]},"properties":{"id":"set_verulamium_500","name":"Verulamium","kind":"settlement","start_year":500,"end_year":1500,"importance":"city"}},{"type":"Feature","geometry":{"type":"Point","coordinates":[1.4776,48.3848]},"properties":{"id":"set_ver_l_s_chartres_500","name":"Ver-lès-Chartres","kind":"settlement","start_year":500,"end_year":1500,"importance":"city"}},{"type":"Feature","geometry":{"type":"Point","coordinates":[13.8689,41.2251]},"properties":{"id":"set_vescia_500","name":"Vescia","kind":"settlement","start_year":500,"end_year":1500,"importance":"city"}},{"type":"Feature","geometry":{"type":"Point","coordinates":[11.0007,46.08]},"properties":{"id":"set_vettianus_fundus_500","name":"Vettianus Fundus","kind":"settlement","start_year":500,"end_year":1500,"importance":"city"}},{"type":"Feature","geometry":{"type":"Point","coordinates":[6.5698,50.7132]},"properties":{"id":"set_vettweiss_froitzheim_500","name":"Vettweiss-Froitzheim","kind":"settlement","start_year":500,"end_year":1500,"importance":"city"}},{"type":"Feature","geometry":{"type":"Point","coordinates":[-2.3712,42.5155]},"properties":{"id":"set_viana_1219","name":"Viana","kind":"settlement","start_year":1219,"end_year":1500,"importance":"city"}},{"type":"Feature","geometry":{"type":"Point","coordinates":[14.214,42.4648]},"properties":{"id":"set_via_claudia_valeria_500","name":"Via Claudia Valeria","kind":"settlement","start_year":500,"end_year":1500,"importance":"city"}},{"type":"Feature","geometry":{"type":"Point","coordinates":[9.169,49.2311]},"properties":{"id":"set_vicus_alisinensium_500","name":"Vicus Alisinensium","kind":"settlement","start_year":500,"end_year":1500,"importance":"city"}},{"type":"Feature","geometry":{"type":"Point","coordinates":[9.906,36.2634]},"properties":{"id":"set_vicus_annaeus_500","name":"Vicus Annaeus","kind":"settlement","start_year":500,"end_year":1500,"importance":"city"}},{"type":"Feature","geometry":{"type":"Point","coordinates":[6.2222,36.03]},"properties":{"id":"set_vicus_antoniae_saturninae_500","name":"Vicus Antoniae Saturninae","kind":"settlement","start_year":500,"end_year":1500,"importance":"city"}},{"type":"Feature","geometry":{"type":"Point","coordinates":[-5.7966,41.7233]},"properties":{"id":"set_vicus_aquarius_500","name":"Vicus Aquarius","kind":"settlement","start_year":500,"end_year":1500,"importance":"city"}},{"type":"Feature","geometry":{"type":"Point","coordinates":[0.1502,43.0652]},"properties":{"id":"set_vicus_aquensis_500","name":"Vicus Aquensis","kind":"settlement","start_year":500,"end_year":1500,"importance":"city"}},{"type":"Feature","geometry":{"type":"Point","coordinates":[10.3081,35.6761]},"properties":{"id":"set_vicus_augusti_500","name":"Vicus Augusti?","kind":"settlement","start_year":500,"end_year":1500,"importance":"city"}},{"type":"Feature","geometry":{"type":"Point","coordinates":[9.5005,49.2038]},"properties":{"id":"set_vicus_aurelianus_500","name":"*Vicus Aurelianus","kind":"settlement","start_year":500,"end_year":1500,"importance":"city"}},{"type":"Feature","geometry":{"type":"Point","coordinates":[11.7561,44.7533]},"properties":{"id":"set_vicus_aventia_500","name":"[Vicus Aventia]","kind":"settlement","start_year":500,"end_year":1500,"importance":"city"}},{"type":"Feature","geometry":{"type":"Point","coordinates":[8.1949,48.8086]},"properties":{"id":"set_vicus_bibiensium_500","name":"Vicus Bibiensium?","kind":"settlement","start_year":500,"end_year":1500,"importance":"city"}},{"type":"Feature","geometry":{"type":"Point","coordinates":[6.5305,48.7816]},"properties":{"id":"set_vicus_bodatius_500","name":"Vicus Bodatius?","kind":"settlement","start_year":500,"end_year":1500,"importance":"city"}},{"type":"Feature","geometry":{"type":"Point","coordinates":[28.7037,44.6888]},"properties":{"id":"set_vicus_buteridavensis_500","name":"Vicus Buteridavensis","kind":"settlement","start_year":500,"end_year":1500,"importance":"city"}},{"type":"Feature","geometry":{"type":"Point","coordinates":[-7.6444,39.2843]},"properties":{"id":"set_vicus_camalocensis_500","name":"*Vicus Camalocensis","kind":"settlement","start_year":500,"end_year":1500,"importance":"city"}},{"type":"Feature","geometry":{"type":"Point","coordinates":[6.7076,49.3561]},"properties":{"id":"set_vicus_contiomagus_500","name":"Vicus Contiomagus","kind":"settlement","start_year":500,"end_year":1500,"importance":"city"}},{"type":"Feature","geometry":{"type":"Point","coordinates":[7.846,49.8452]},"properties":{"id":"set_vicus_cruciniacum_500","name":"[Vicus Cruciniacum]","kind":"settlement","start_year":500,"end_year":1500,"importance":"city"}},{"type":"Feature","geometry":{"type":"Point","coordinates":[-3.4997,39.9604]},"properties":{"id":"set_vicus_cuminarius_500","name":"Vicus Cuminarius","kind":"settlement","start_year":500,"end_year":1500,"importance":"city"}},{"type":"Feature","geometry":{"type":"Point","coordinates":[14.0765,41.0131]},"properties":{"id":"set_vicus_feniculensis_500","name":"Vicus Feniculensis","kind":"settlement","start_year":500,"end_year":1500,"importance":"city"}},{"type":"Feature","geometry":{"type":"Point","coordinates":[2.6519,50.3922]},"properties":{"id":"set_vicus_helena_500","name":"Vicus Helena","kind":"settlement","start_year":500,"end_year":1500,"importance":"city"}},{"type":"Feature","geometry":{"type":"Point","coordinates":[28.3238,44.4119]},"properties":{"id":"set_vicus_hi_500","name":"Vicus Hi(...)","kind":"settlement","start_year":500,"end_year":1500,"importance":"city"}},{"type":"Feature","geometry":{"type":"Point","coordinates":[8.3696,49.2189]},"properties":{"id":"set_vicus_iulius_500","name":"Vicus Iulius","kind":"settlement","start_year":500,"end_year":1500,"importance":"city"}},{"type":"Feature","geometry":{"type":"Point","coordinates":[24.1498,43.0727]},"properties":{"id":"set_vicus_longinopara_500","name":"Vicus Longinopara","kind":"settlement","start_year":500,"end_year":1500,"importance":"city"}},{"type":"Feature","geometry":{"type":"Point","coordinates":[8.8833,49.3464]},"properties":{"id":"set_vicus_nediensis_500","name":"Vicus Nediensis","kind":"settlement","start_year":500,"end_year":1500,"importance":"city"}},{"type":"Feature","geometry":{"type":"Point","coordinates":[28.6053,44.8098]},"properties":{"id":"set_vicus_petrus_500","name":"Vicus Petrus","kind":"settlement","start_year":500,"end_year":1500,"importance":"city"}},{"type":"Feature","geometry":{"type":"Point","coordinates":[7.0809,36.1374]},"properties":{"id":"set_vicus_phosphorianus_500","name":"*Vicus Phosphorianus","kind":"settlement","start_year":500,"end_year":1500,"importance":"city"}},{"type":"Feature","geometry":{"type":"Point","coordinates":[27.9939,44.7083]},"properties":{"id":"set_vicus_ramidava_500","name":"Vicus *Ramidava","kind":"settlement","start_year":500,"end_year":1500,"importance":"city"}},{"type":"Feature","geometry":{"type":"Point","coordinates":[28.1129,44.5193]},"properties":{"id":"set_vicus_scenopesis_500","name":"Vicus Scenopesis","kind":"settlement","start_year":500,"end_year":1500,"importance":"city"}},{"type":"Feature","geometry":{"type":"Point","coordinates":[11.2285,48.7975]},"properties":{"id":"set_vicus_scuttarensium_500","name":"Vicus Scuttarensium","kind":"settlement","start_year":500,"end_year":1500,"importance":"city"}},{"type":"Feature","geometry":{"type":"Point","coordinates":[24.0286,43.6569]},"properties":{"id":"set_vicus_siamus_500","name":"Vicus Siamus","kind":"settlement","start_year":500,"end_year":1500,"importance":"city"}},{"type":"Feature","geometry":{"type":"Point","coordinates":[-8.7124,42.2313]},"properties":{"id":"set_vicus_spacorum_500","name":"Vicus Spacorum","kind":"settlement","start_year":500,"end_year":1500,"importance":"city"}},{"type":"Feature","geometry":{"type":"Point","coordinates":[18.9623,47.4411]},"properties":{"id":"set_vicus_teuto_500","name":"Vicus Teuto","kind":"settlement","start_year":500,"end_year":1500,"importance":"city"}},{"type":"Feature","geometry":{"type":"Point","coordinates":[24.014,43.1718]},"properties":{"id":"set_vicus_trullensium_500","name":"Vicus Trullensium","kind":"settlement","start_year":500,"end_year":1500,"importance":"city"}},{"type":"Feature","geometry":{"type":"Point","coordinates":[28.6273,44.1832]},"properties":{"id":"set_vicus_turris_mucaporis_500","name":"Vicus Turris *Mucaporis","kind":"settlement","start_year":500,"end_year":1500,"importance":"city"}},{"type":"Feature","geometry":{"type":"Point","coordinates":[-7.3103,41.6074]},"properties":{"id":"set_vicus_vagornicensis_500","name":"Vicus Vagornicensis","kind":"settlement","start_year":500,"end_year":1500,"importance":"city"}},{"type":"Feature","geometry":{"type":"Point","coordinates":[11.4958,44.8411]},"properties":{"id":"set_vicus_varianus_500","name":"Vicus Varianus","kind":"settlement","start_year":500,"end_year":1500,"importance":"city"}},{"type":"Feature","geometry":{"type":"Point","coordinates":[-7.1864,40.2282]},"properties":{"id":"set_vicus_veniensis_500","name":"Vicus Veniensis","kind":"settlement","start_year":500,"end_year":1500,"importance":"city"}},{"type":"Feature","geometry":{"type":"Point","coordinates":[28.1489,44.7963]},"properties":{"id":"set_vicus_ver_gob_rittiani_500","name":"Vicus ‘Ver(gob)rittiani’","kind":"settlement","start_year":500,"end_year":1500,"importance":"city"}},{"type":"Feature","geometry":{"type":"Point","coordinates":[16.373,48.208]},"properties":{"id":"set_vienna","name":"Vienna","kind":"settlement","start_year":976,"end_year":1500,"importance":"capital"}},{"type":"Feature","geometry":{"type":"Point","coordinates":[1.7195,49.8331]},"properties":{"id":"set_vieux_rouen_500","name":"Vieux-Rouen","kind":"settlement","start_year":500,"end_year":1500,"importance":"city"}},{"type":"Feature","geometry":{"type":"Point","coordinates":[76.462,15.335]},"properties":{"id":"set_vijayanagara","name":"Vijayanagara","kind":"settlement","start_year":1336,"end_year":1500,"importance":"megacity"}},{"type":"Feature","geometry":{"type":"Point","coordinates":[1.5699,41.1917]},"properties":{"id":"set_vilarenc_500","name":"Vilarenc","kind":"settlement","start_year":500,"end_year":1500,"importance":"city"}},{"type":"Feature","geometry":{"type":"Point","coordinates":[17.6999,43.0996]},"properties":{"id":"set_vila_mogorjelo_500","name":"Vila Mogorjelo","kind":"settlement","start_year":500,"end_year":1500,"importance":"city"}},{"type":"Feature","geometry":{"type":"Point","coordinates":[8.7386,39.4587]},"properties":{"id":"set_villacidro_500","name":"Villacidro","kind":"settlement","start_year":500,"end_year":1500,"importance":"city"}},{"type":"Feature","geometry":{"type":"Point","coordinates":[13.1821,38.719]},"properties":{"id":"set_villaggio_di_tramontana_500","name":"Villaggio di Tramontana","kind":"settlement","start_year":500,"end_year":1500,"importance":"city"}},{"type":"Feature","geometry":{"type":"Point","coordinates":[-0.0253,39.9649]},"properties":{"id":"set_villamargo_500","name":"Villamargo","kind":"settlement","start_year":500,"end_year":1500,"importance":"city"}},{"type":"Feature","geometry":{"type":"Point","coordinates":[5.7473,46.4192]},"properties":{"id":"set_villards_d_heria_500","name":"Villards-d’Heria","kind":"settlement","start_year":500,"end_year":1500,"importance":"city"}},{"type":"Feature","geometry":{"type":"Point","coordinates":[6.0428,45.0189]},"properties":{"id":"set_villard_notre_dame_500","name":"Villard-Notre-Dame","kind":"settlement","start_year":500,"end_year":1500,"importance":"city"}},{"type":"Feature","geometry":{"type":"Point","coordinates":[-2.6364,38.4877]},"properties":{"id":"set_villarrodrigo_500","name":"Villarrodrigo","kind":"settlement","start_year":500,"end_year":1500,"importance":"city"}},{"type":"Feature","geometry":{"type":"Point","coordinates":[-5.8731,37.5506]},"properties":{"id":"set_villar_de_brenes_500","name":"Villar de Brenes","kind":"settlement","start_year":500,"end_year":1500,"importance":"city"}},{"type":"Feature","geometry":{"type":"Point","coordinates":[13.5997,32.7897]},"properties":{"id":"set_villa_aniciorum_500","name":"Villa Aniciorum","kind":"settlement","start_year":500,"end_year":1500,"importance":"city"}},{"type":"Feature","geometry":{"type":"Point","coordinates":[-1.3035,42.6223]},"properties":{"id":"set_villa_at_foz_de_lumbier_500","name":"Villa at Foz de Lumbier","kind":"settlement","start_year":500,"end_year":1500,"importance":"city"}},{"type":"Feature","geometry":{"type":"Point","coordinates":[-8.5285,39.453]},"properties":{"id":"set_villa_cardillio_500","name":"Villa Cardillio","kind":"settlement","start_year":500,"end_year":1500,"importance":"city"}},{"type":"Feature","geometry":{"type":"Point","coordinates":[9.3015,45.9626]},"properties":{"id":"set_villa_commedia_500","name":"Villa Commedia","kind":"settlement","start_year":500,"end_year":1500,"importance":"city"}},{"type":"Feature","geometry":{"type":"Point","coordinates":[-4.6582,37.2154]},"properties":{"id":"set_villa_del_cortijo_de_los_vila_at_alameda_500","name":"Villa del Cortijo de los Vila at Alameda","kind":"settlement","start_year":500,"end_year":1500,"importance":"city"}},{"type":"Feature","geometry":{"type":"Point","coordinates":[-4.9444,36.4957]},"properties":{"id":"set_villa_de_r_o_verde_500","name":"Villa de Río Verde","kind":"settlement","start_year":500,"end_year":1500,"importance":"city"}},{"type":"Feature","geometry":{"type":"Point","coordinates":[-8.4319,38.3926]},"properties":{"id":"set_villa_de_santa_catarina_de_s_timos_500","name":"Villa de Santa Catarina de Sítimos","kind":"settlement","start_year":500,"end_year":1500,"importance":"city"}},{"type":"Feature","geometry":{"type":"Point","coordinates":[-9.4641,38.7263]},"properties":{"id":"set_villa_dos_casais_velhos_500","name":"Villa dos Casais Velhos","kind":"settlement","start_year":500,"end_year":1500,"importance":"city"}},{"type":"Feature","geometry":{"type":"Point","coordinates":[-6.2406,42.4539]},"properties":{"id":"set_villa_el_sold_n_the_sultan_500","name":"Villa El Soldán (The Sultan)","kind":"settlement","start_year":500,"end_year":1500,"importance":"city"}},{"type":"Feature","geometry":{"type":"Point","coordinates":[-4.7252,37.4173]},"properties":{"id":"set_villa_fuente_lamo_500","name":"Villa Fuente Álamo","kind":"settlement","start_year":500,"end_year":1500,"importance":"city"}},{"type":"Feature","geometry":{"type":"Point","coordinates":[10.3446,33.6587]},"properties":{"id":"set_villa_fulgurita_500","name":"Villa Fulgurita","kind":"settlement","start_year":500,"end_year":1500,"importance":"city"}},{"type":"Feature","geometry":{"type":"Point","coordinates":[-1.0343,43.5181]},"properties":{"id":"set_villa_gallo_romaine_de_barat_de_vin_500","name":"Villa gallo-romaine de Barat de Vin","kind":"settlement","start_year":500,"end_year":1500,"importance":"city"}},{"type":"Feature","geometry":{"type":"Point","coordinates":[11.2164,33.1818]},"properties":{"id":"set_villa_magna_500","name":"Villa Magna","kind":"settlement","start_year":500,"end_year":1500,"importance":"city"}},{"type":"Feature","geometry":{"type":"Point","coordinates":[14.4281,30.8099]},"properties":{"id":"set_villa_near_wadi_ghirza_500","name":"Villa near Wadi Ghirza","kind":"settlement","start_year":500,"end_year":1500,"importance":"city"}},{"type":"Feature","geometry":{"type":"Point","coordinates":[10.0934,42.5931]},"properties":{"id":"set_villa_of_agrippa_500","name":"Villa of Agrippa","kind":"settlement","start_year":500,"end_year":1500,"importance":"city"}},{"type":"Feature","geometry":{"type":"Point","coordinates":[23.3542,40.2938]},"properties":{"id":"set_villa_of_good_fortune_500","name":"Villa of Good Fortune","kind":"settlement","start_year":500,"end_year":1500,"importance":"city"}},{"type":"Feature","geometry":{"type":"Point","coordinates":[16.0831,40.756]},"properties":{"id":"set_villa_of_masseria_ciccotti_500","name":"Villa of Masseria Ciccotti","kind":"settlement","start_year":500,"end_year":1500,"importance":"city"}},{"type":"Feature","geometry":{"type":"Point","coordinates":[34.5648,38.056]},"properties":{"id":"set_villa_palmati_500","name":"Villa Palmati","kind":"settlement","start_year":500,"end_year":1500,"importance":"city"}},{"type":"Feature","geometry":{"type":"Point","coordinates":[17.8886,47.0452]},"properties":{"id":"set_villa_romana_bal_ca_500","name":"Villa Romana Baláca","kind":"settlement","start_year":500,"end_year":1500,"importance":"city"}},{"type":"Feature","geometry":{"type":"Point","coordinates":[10.3308,42.8004]},"properties":{"id":"set_villa_romana_delle_grotte_500","name":"Villa romana delle Grotte","kind":"settlement","start_year":500,"end_year":1500,"importance":"city"}},{"type":"Feature","geometry":{"type":"Point","coordinates":[-1.4603,38.0489]},"properties":{"id":"set_villa_romana_de_los_villaricos_500","name":"Villa Romana de los Villaricos","kind":"settlement","start_year":500,"end_year":1500,"importance":"city"}},{"type":"Feature","geometry":{"type":"Point","coordinates":[7.4809,45.1162]},"properties":{"id":"set_villa_romana_di_caselette_500","name":"Villa Romana di Caselette","kind":"settlement","start_year":500,"end_year":1500,"importance":"city"}},{"type":"Feature","geometry":{"type":"Point","coordinates":[5.4346,45.8489]},"properties":{"id":"set_villebois_500","name":"Villebois","kind":"settlement","start_year":500,"end_year":1500,"importance":"city"}},{"type":"Feature","geometry":{"type":"Point","coordinates":[2.0155,50.0613]},"properties":{"id":"set_villers_sous_ailly_500","name":"Villers-sous-Ailly","kind":"settlement","start_year":500,"end_year":1500,"importance":"city"}},{"type":"Feature","geometry":{"type":"Point","coordinates":[6.6088,45.547]},"properties":{"id":"set_villette_500","name":"Villette","kind":"settlement","start_year":500,"end_year":1500,"importance":"city"}},{"type":"Feature","geometry":{"type":"Point","coordinates":[3.6071,47.7846]},"properties":{"id":"set_ville_d_auxerre_500","name":"ville d’Auxerre","kind":"settlement","start_year":500,"end_year":1500,"importance":"city"}},{"type":"Feature","geometry":{"type":"Point","coordinates":[25.279,54.687]},"properties":{"id":"set_vilnius","name":"Vilnius","kind":"settlement","start_year":1323,"end_year":1500,"importance":"capital"}},{"type":"Feature","geometry":{"type":"Point","coordinates":[21.1914,44.7266]},"properties":{"id":"set_viminacium_500","name":"Viminacium","kind":"settlement","start_year":500,"end_year":1500,"importance":"city"}},{"type":"Feature","geometry":{"type":"Point","coordinates":[5.8652,45.5463]},"properties":{"id":"set_vimines_500","name":"Vimines","kind":"settlement","start_year":500,"end_year":1500,"importance":"city"}},{"type":"Feature","geometry":{"type":"Point","coordinates":[9.0577,41.1162]},"properties":{"id":"set_viniolae_500","name":"Viniolae","kind":"settlement","start_year":500,"end_year":1500,"importance":"city"}},{"type":"Feature","geometry":{"type":"Point","coordinates":[28.4672,49.2372]},"properties":{"id":"set_vinnytsia_1363","name":"Vinnytsia","kind":"settlement","start_year":1363,"end_year":1500,"importance":"city"}},{"type":"Feature","geometry":{"type":"Point","coordinates":[-2.6438,52.6745]},"properties":{"id":"set_viroconium_500","name":"Viroconium","kind":"settlement","start_year":500,"end_year":1500,"importance":"city"}},{"type":"Feature","geometry":{"type":"Point","coordinates":[14.3637,46.7005]},"properties":{"id":"set_virunum_500","name":"Virunum","kind":"settlement","start_year":500,"end_year":1500,"importance":"city"}},{"type":"Feature","geometry":{"type":"Point","coordinates":[83.2921,17.6936]},"properties":{"id":"set_visakhapatnam_500","name":"Visakhapatnam","kind":"settlement","start_year":500,"end_year":1500,"importance":"city"}},{"type":"Feature","geometry":{"type":"Point","coordinates":[18.1806,43.9894]},"properties":{"id":"set_visoko_1355","name":"Visoko","kind":"settlement","start_year":1355,"end_year":1500,"importance":"city"}},{"type":"Feature","geometry":{"type":"Point","coordinates":[30.1667,55.1833]},"properties":{"id":"set_vitebsk_974","name":"Vitebsk","kind":"settlement","start_year":974,"end_year":1500,"importance":"city"}},{"type":"Feature","geometry":{"type":"Point","coordinates":[21.8348,41.1649]},"properties":{"id":"set_vitoli_te_500","name":"Vitolište","kind":"settlement","start_year":500,"end_year":1500,"importance":"city"}},{"type":"Feature","geometry":{"type":"Point","coordinates":[-2.6727,42.85]},"properties":{"id":"set_vitoria_gasteiz_city_1181","name":"Vitoria-Gasteiz City","kind":"settlement","start_year":1181,"end_year":1500,"importance":"city"}},{"type":"Feature","geometry":{"type":"Point","coordinates":[21.4798,44.342]},"properties":{"id":"set_vitovnica_500","name":"Vitovnica","kind":"settlement","start_year":500,"end_year":1500,"importance":"city"}},{"type":"Feature","geometry":{"type":"Point","coordinates":[8.7319,47.4986]},"properties":{"id":"set_vitudurum_500","name":"Vitudurum","kind":"settlement","start_year":500,"end_year":1500,"importance":"city"}},{"type":"Feature","geometry":{"type":"Point","coordinates":[19.2925,43.7825]},"properties":{"id":"set_vi_egrad_1407","name":"Višegrad","kind":"settlement","start_year":1407,"end_year":1500,"importance":"city"}},{"type":"Feature","geometry":{"type":"Point","coordinates":[-3.4708,37.9945]},"properties":{"id":"set_vi_v_atia_500","name":"Vi(v)atia","kind":"settlement","start_year":500,"end_year":1500,"importance":"city"}},{"type":"Feature","geometry":{"type":"Point","coordinates":[40.4058,56.1286]},"properties":{"id":"set_vladimir_990","name":"Vladimir","kind":"settlement","start_year":990,"end_year":1238,"importance":"city"}},{"type":"Feature","geometry":{"type":"Point","coordinates":[3.9335,43.963]},"properties":{"id":"set_volcae_arecomici_500","name":"Volcae Arecomici","kind":"settlement","start_year":500,"end_year":1500,"importance":"city"}},{"type":"Feature","geometry":{"type":"Point","coordinates":[1.5928,43.176]},"properties":{"id":"set_volcae_tectosages_500","name":"(Volcae) Tectosages","kind":"settlement","start_year":500,"end_year":1500,"importance":"city"}},{"type":"Feature","geometry":{"type":"Point","coordinates":[15.3743,40.6328]},"properties":{"id":"set_volcei_500","name":"Volcei","kind":"settlement","start_year":500,"end_year":1500,"importance":"city"}},{"type":"Feature","geometry":{"type":"Point","coordinates":[-3.9255,51.1995]},"properties":{"id":"set_voley_castle_500","name":"Voley Castle","kind":"settlement","start_year":500,"end_year":1500,"importance":"city"}},{"type":"Feature","geometry":{"type":"Point","coordinates":[17.2461,46.7115]},"properties":{"id":"set_volgum_500","name":"Volgum","kind":"settlement","start_year":500,"end_year":1500,"importance":"city"}},{"type":"Feature","geometry":{"type":"Point","coordinates":[39.9,59.2167]},"properties":{"id":"set_vologda_1147","name":"Vologda","kind":"settlement","start_year":1147,"end_year":1500,"importance":"city"}},{"type":"Feature","geometry":{"type":"Point","coordinates":[35.95,56.0333]},"properties":{"id":"set_volokolamsk_1135","name":"Volokolamsk","kind":"settlement","start_year":1135,"end_year":1500,"importance":"city"}},{"type":"Feature","geometry":{"type":"Point","coordinates":[6.1251,45.5507]},"properties":{"id":"set_voludnia_500","name":"*Voludnia","kind":"settlement","start_year":500,"end_year":1500,"importance":"city"}},{"type":"Feature","geometry":{"type":"Point","coordinates":[32.7733,35.1592]},"properties":{"id":"set_vouni_500","name":"Vouni","kind":"settlement","start_year":500,"end_year":1500,"importance":"city"}},{"type":"Feature","geometry":{"type":"Point","coordinates":[21.6731,48.8806]},"properties":{"id":"set_vranov_nad_top_ou_1270","name":"Vranov nad Topľou","kind":"settlement","start_year":1270,"end_year":1500,"importance":"city"}},{"type":"Feature","geometry":{"type":"Point","coordinates":[11.6317,42.4189]},"properties":{"id":"set_vulci_500","name":"Vulci","kind":"settlement","start_year":500,"end_year":1500,"importance":"city"}},{"type":"Feature","geometry":{"type":"Point","coordinates":[34.285,55.2103]},"properties":{"id":"set_vyazma_1239","name":"Vyazma","kind":"settlement","start_year":1239,"end_year":1500,"importance":"city"}},{"type":"Feature","geometry":{"type":"Point","coordinates":[28.7497,60.7106]},"properties":{"id":"set_vyborg_1293","name":"Vyborg","kind":"settlement","start_year":1293,"end_year":1500,"importance":"city"}},{"type":"Feature","geometry":{"type":"Point","coordinates":[34.5645,57.5913]},"properties":{"id":"set_vyshny_volochyok_1437","name":"Vyshny Volochyok","kind":"settlement","start_year":1437,"end_year":1500,"importance":"city"}},{"type":"Feature","geometry":{"type":"Point","coordinates":[13.174,31.8878]},"properties":{"id":"set_wadi_ajdab_500","name":"Wadi Ajdab","kind":"settlement","start_year":500,"end_year":1500,"importance":"city"}},{"type":"Feature","geometry":{"type":"Point","coordinates":[32.6583,28.8917]},"properties":{"id":"set_wadi_al_jarf_500","name":"Wadi al-Jarf","kind":"settlement","start_year":500,"end_year":1500,"importance":"city"}},{"type":"Feature","geometry":{"type":"Point","coordinates":[32.9622,27.5466]},"properties":{"id":"set_wadi_am_missara_500","name":"Wadi Am Missara","kind":"settlement","start_year":500,"end_year":1500,"importance":"city"}},{"type":"Feature","geometry":{"type":"Point","coordinates":[44.1158,36.3517]},"properties":{"id":"set_wadi_bastura_tunnel_inscription_500","name":"Wadi Bastura Tunnel Inscription","kind":"settlement","start_year":500,"end_year":1500,"importance":"city"}},{"type":"Feature","geometry":{"type":"Point","coordinates":[34.8368,24.9199]},"properties":{"id":"set_wadi_el_amboot_500","name":"Wadi el-Amboot","kind":"settlement","start_year":500,"end_year":1500,"importance":"city"}},{"type":"Feature","geometry":{"type":"Point","coordinates":[13.2731,31.0753]},"properties":{"id":"set_wadi_el_amud_500","name":"Wadi el-Amud","kind":"settlement","start_year":500,"end_year":1500,"importance":"city"}},{"type":"Feature","geometry":{"type":"Point","coordinates":[34.3994,28.8833]},"properties":{"id":"set_wadi_haggag_500","name":"Wadi Haggag","kind":"settlement","start_year":500,"end_year":1500,"importance":"city"}},{"type":"Feature","geometry":{"type":"Point","coordinates":[14.3401,31.3097]},"properties":{"id":"set_wadi_khanafes_500","name":"Wadi Khanafes","kind":"settlement","start_year":500,"end_year":1500,"importance":"city"}},{"type":"Feature","geometry":{"type":"Point","coordinates":[14.2389,31.836]},"properties":{"id":"set_wadi_mansur_500","name":"Wadi Mansur","kind":"settlement","start_year":500,"end_year":1500,"importance":"city"}},{"type":"Feature","geometry":{"type":"Point","coordinates":[13.756,31.7195]},"properties":{"id":"set_wadi_meseuggi_500","name":"Wadi Meseuggi","kind":"settlement","start_year":500,"end_year":1500,"importance":"city"}},{"type":"Feature","geometry":{"type":"Point","coordinates":[14.7557,32.0515]},"properties":{"id":"set_wadi_mimoun_darragh_500","name":"Wadi Mimoun Darragh","kind":"settlement","start_year":500,"end_year":1500,"importance":"city"}},{"type":"Feature","geometry":{"type":"Point","coordinates":[34.5697,25.2186]},"properties":{"id":"set_wadi_nabiyah_500","name":"Wadi Nabiyah","kind":"settlement","start_year":500,"end_year":1500,"importance":"city"}},{"type":"Feature","geometry":{"type":"Point","coordinates":[14.5735,31.3777]},"properties":{"id":"set_wadi_n_f_d_500","name":"Wadi N'f'd","kind":"settlement","start_year":500,"end_year":1500,"importance":"city"}},{"type":"Feature","geometry":{"type":"Point","coordinates":[31.2203,26.8561]},"properties":{"id":"set_wadi_sarga_500","name":"[Wadi Sarga]","kind":"settlement","start_year":500,"end_year":1500,"importance":"city"}},{"type":"Feature","geometry":{"type":"Point","coordinates":[14.9431,32.1345]},"properties":{"id":"set_wadi_sasu_500","name":"Wadi Sasu","kind":"settlement","start_year":500,"end_year":1500,"importance":"city"}},{"type":"Feature","geometry":{"type":"Point","coordinates":[14.5666,31.1474]},"properties":{"id":"set_wadi_scetaf_500","name":"Wadi Scetaf","kind":"settlement","start_year":500,"end_year":1500,"importance":"city"}},{"type":"Feature","geometry":{"type":"Point","coordinates":[15.1166,31.8996]},"properties":{"id":"set_wadi_sofeggin_500","name":"Wadi Sofeggin","kind":"settlement","start_year":500,"end_year":1500,"importance":"city"}},{"type":"Feature","geometry":{"type":"Point","coordinates":[32.75,28.25]},"properties":{"id":"set_wadi_umm_dhaya_500","name":"Wadi Umm Dhaya","kind":"settlement","start_year":500,"end_year":1500,"importance":"city"}},{"type":"Feature","geometry":{"type":"Point","coordinates":[15.2998,31.3164]},"properties":{"id":"set_wadi_umm_el_kharab_500","name":"Wadi Umm el-Kharab","kind":"settlement","start_year":500,"end_year":1500,"importance":"city"}},{"type":"Feature","geometry":{"type":"Point","coordinates":[34.6967,31.315]},"properties":{"id":"set_wadi_zoumayli_site_500","name":"Wadi Zoumayli Site","kind":"settlement","start_year":500,"end_year":1500,"importance":"city"}},{"type":"Feature","geometry":{"type":"Point","coordinates":[-2.7685,51.6111]},"properties":{"id":"set_walls_of_caerwent_venta_silurum_500","name":"Walls of Caerwent (Venta Silurum)","kind":"settlement","start_year":500,"end_year":1500,"importance":"city"}},{"type":"Feature","geometry":{"type":"Point","coordinates":[39.7169,41.0065]},"properties":{"id":"set_walls_of_trabzon_500","name":"Walls of Trabzon","kind":"settlement","start_year":500,"end_year":1500,"importance":"city"}},{"type":"Feature","geometry":{"type":"Point","coordinates":[28.875,40.875]},"properties":{"id":"set_wall_of_constantine_500","name":"Wall of Constantine","kind":"settlement","start_year":500,"end_year":1500,"importance":"city"}},{"type":"Feature","geometry":{"type":"Point","coordinates":[1.3899,51.9779]},"properties":{"id":"set_walton_castle_500","name":"Walton Castle","kind":"settlement","start_year":500,"end_year":1500,"importance":"city"}},{"type":"Feature","geometry":{"type":"Point","coordinates":[4.9607,50.0909]},"properties":{"id":"set_wancennes_500","name":"Wancennes","kind":"settlement","start_year":500,"end_year":1500,"importance":"city"}},{"type":"Feature","geometry":{"type":"Point","coordinates":[2.5808,49.867]},"properties":{"id":"set_warfus_e_abancourt_500","name":"Warfusée-Abancourt","kind":"settlement","start_year":500,"end_year":1500,"importance":"city"}},{"type":"Feature","geometry":{"type":"Point","coordinates":[90.7153,23.9197]},"properties":{"id":"set_wari_bateshwar_500","name":"Wari-Bateshwar","kind":"settlement","start_year":500,"end_year":1500,"importance":"city"}},{"type":"Feature","geometry":{"type":"Point","coordinates":[21.1834,51.7851]},"properties":{"id":"set_warka_1321","name":"Warka","kind":"settlement","start_year":1321,"end_year":1500,"importance":"city"}},{"type":"Feature","geometry":{"type":"Point","coordinates":[-2.7486,54.3098]},"properties":{"id":"set_watercrook_roman_fort_and_settlement_500","name":"Watercrook Roman Fort and Settlement","kind":"settlement","start_year":500,"end_year":1500,"importance":"city"}},{"type":"Feature","geometry":{"type":"Point","coordinates":[69.1671,36.957]},"properties":{"id":"set_wazir_khan_500","name":"Wazir Khan","kind":"settlement","start_year":500,"end_year":1500,"importance":"city"}},{"type":"Feature","geometry":{"type":"Point","coordinates":[0.6163,52.4711]},"properties":{"id":"set_weeting_castle_500","name":"Weeting Castle","kind":"settlement","start_year":500,"end_year":1500,"importance":"city"}},{"type":"Feature","geometry":{"type":"Point","coordinates":[9.638,48.8741]},"properties":{"id":"set_welzheim_500","name":"Welzheim","kind":"settlement","start_year":500,"end_year":1500,"importance":"city"}},{"type":"Feature","geometry":{"type":"Point","coordinates":[12.1132,47.8756]},"properties":{"id":"set_westerndorf_500","name":"Westerndorf","kind":"settlement","start_year":500,"end_year":1500,"importance":"city"}},{"type":"Feature","geometry":{"type":"Point","coordinates":[23.3202,42.6989]},"properties":{"id":"set_western_gate_of_serdica_500","name":"Western gate of Serdica","kind":"settlement","start_year":500,"end_year":1500,"importance":"city"}},{"type":"Feature","geometry":{"type":"Point","coordinates":[-0.1802,50.8459]},"properties":{"id":"set_west_blatchington_500","name":"West Blatchington","kind":"settlement","start_year":500,"end_year":1500,"importance":"city"}},{"type":"Feature","geometry":{"type":"Point","coordinates":[38.0118,36.8297]},"properties":{"id":"set_west_gate_at_carchemish_500","name":"West Gate at Carchemish","kind":"settlement","start_year":500,"end_year":1500,"importance":"city"}},{"type":"Feature","geometry":{"type":"Point","coordinates":[-0.9404,52.5178]},"properties":{"id":"set_west_langton_500","name":"West Langton","kind":"settlement","start_year":500,"end_year":1500,"importance":"city"}},{"type":"Feature","geometry":{"type":"Point","coordinates":[-1.0984,51.0178]},"properties":{"id":"set_west_meon_500","name":"West Meon","kind":"settlement","start_year":500,"end_year":1500,"importance":"city"}},{"type":"Feature","geometry":{"type":"Point","coordinates":[-2.62,55.909]},"properties":{"id":"set_white_castle_hillfort_500","name":"White Castle hillfort","kind":"settlement","start_year":500,"end_year":1500,"importance":"city"}},{"type":"Feature","geometry":{"type":"Point","coordinates":[-1.9808,51.8867]},"properties":{"id":"set_whittington_500","name":"Whittington","kind":"settlement","start_year":500,"end_year":1500,"importance":"city"}},{"type":"Feature","geometry":{"type":"Point","coordinates":[-0.7572,51.3768]},"properties":{"id":"set_wickham_bushes_romano_british_settlement_500","name":"Wickham Bushes Romano-British settlement","kind":"settlement","start_year":500,"end_year":1500,"importance":"city"}},{"type":"Feature","geometry":{"type":"Point","coordinates":[6.5806,49.5675]},"properties":{"id":"set_widdertsh_uschen_at_serrig_500","name":"Widdertshäuschen at Serrig","kind":"settlement","start_year":500,"end_year":1500,"importance":"city"}},{"type":"Feature","geometry":{"type":"Point","coordinates":[16.4886,50.8438]},"properties":{"id":"set_widnica_1200","name":"Świdnica","kind":"settlement","start_year":1200,"end_year":1500,"importance":"city"}},{"type":"Feature","geometry":{"type":"Point","coordinates":[18.4475,53.4094]},"properties":{"id":"set_wiecie_1198","name":"Świecie","kind":"settlement","start_year":1198,"end_year":1500,"importance":"city"}},{"type":"Feature","geometry":{"type":"Point","coordinates":[16.1736,52.8922]},"properties":{"id":"set_wiele_1108","name":"Wieleń","kind":"settlement","start_year":1108,"end_year":1500,"importance":"city"}},{"type":"Feature","geometry":{"type":"Point","coordinates":[20.0661,49.9894]},"properties":{"id":"set_wieliczka_1123","name":"Wieliczka","kind":"settlement","start_year":1123,"end_year":1500,"importance":"city"}},{"type":"Feature","geometry":{"type":"Point","coordinates":[18.57,51.2206]},"properties":{"id":"set_wielu_1217","name":"Wieluń","kind":"settlement","start_year":1217,"end_year":1500,"importance":"city"}},{"type":"Feature","geometry":{"type":"Point","coordinates":[16.25,47.8167]},"properties":{"id":"set_wiener_neustadt_1194","name":"Wiener Neustadt","kind":"settlement","start_year":1194,"end_year":1500,"importance":"city"}},{"type":"Feature","geometry":{"type":"Point","coordinates":[15.895,51.0136]},"properties":{"id":"set_wierzawa_1268","name":"Świerzawa","kind":"settlement","start_year":1268,"end_year":1500,"importance":"city"}},{"type":"Feature","geometry":{"type":"Point","coordinates":[1.0336,52.0043]},"properties":{"id":"set_windmill_hill_500","name":"Windmill Hill","kind":"settlement","start_year":500,"end_year":1500,"importance":"city"}},{"type":"Feature","geometry":{"type":"Point","coordinates":[7.5008,50.3181]},"properties":{"id":"set_winningen_500","name":"Winningen","kind":"settlement","start_year":500,"end_year":1500,"importance":"city"}},{"type":"Feature","geometry":{"type":"Point","coordinates":[11.465,53.8925]},"properties":{"id":"set_wismar_1201","name":"Wismar","kind":"settlement","start_year":1201,"end_year":1500,"importance":"city"}},{"type":"Feature","geometry":{"type":"Point","coordinates":[14.8914,52.6778]},"properties":{"id":"set_witnica_1261","name":"Witnica","kind":"settlement","start_year":1261,"end_year":1500,"importance":"city"}},{"type":"Feature","geometry":{"type":"Point","coordinates":[11.0667,53.5]},"properties":{"id":"set_wittenburg_1201","name":"Wittenburg","kind":"settlement","start_year":1201,"end_year":1500,"importance":"city"}},{"type":"Feature","geometry":{"type":"Point","coordinates":[18.9309,50.2855]},"properties":{"id":"set_wi_toch_owice_1313","name":"Świętochłowice","kind":"settlement","start_year":1313,"end_year":1500,"importance":"city"}},{"type":"Feature","geometry":{"type":"Point","coordinates":[20.1833,50.5167]},"properties":{"id":"set_wodzis_aw_1317","name":"Wodzisław","kind":"settlement","start_year":1317,"end_year":1500,"importance":"city"}},{"type":"Feature","geometry":{"type":"Point","coordinates":[20.8383,49.9578]},"properties":{"id":"set_wojnicz_1278","name":"Wojnicz","kind":"settlement","start_year":1278,"end_year":1500,"importance":"city"}},{"type":"Feature","geometry":{"type":"Point","coordinates":[-2.1253,52.5842]},"properties":{"id":"set_wolverhampton_985","name":"Wolverhampton","kind":"settlement","start_year":985,"end_year":1500,"importance":"city"}},{"type":"Feature","geometry":{"type":"Point","coordinates":[0.7874,52.5711]},"properties":{"id":"set_woodcock_hall_500","name":"Woodcock Hall","kind":"settlement","start_year":500,"end_year":1500,"importance":"city"}},{"type":"Feature","geometry":{"type":"Point","coordinates":[-0.6084,51.2757]},"properties":{"id":"set_worplesdon_500","name":"Worplesdon","kind":"settlement","start_year":500,"end_year":1500,"importance":"city"}},{"type":"Feature","geometry":{"type":"Point","coordinates":[-1.3449,51.1192]},"properties":{"id":"set_worthy_down_500","name":"Worthy Down","kind":"settlement","start_year":500,"end_year":1500,"importance":"city"}},{"type":"Feature","geometry":{"type":"Point","coordinates":[-2.3351,51.6249]},"properties":{"id":"set_wortley_roman_villa_500","name":"Wortley Roman villa","kind":"settlement","start_year":500,"end_year":1500,"importance":"city"}},{"type":"Feature","geometry":{"type":"Point","coordinates":[17.043,51.1107]},"properties":{"id":"set_wroc_aw_new_town_1263","name":"Wrocław New Town","kind":"settlement","start_year":1263,"end_year":1500,"importance":"city"}},{"type":"Feature","geometry":{"type":"Point","coordinates":[17.565,52.325]},"properties":{"id":"set_wrze_nia_1256","name":"Września","kind":"settlement","start_year":1256,"end_year":1500,"importance":"city"}},{"type":"Feature","geometry":{"type":"Point","coordinates":[17.2667,53.15]},"properties":{"id":"set_wyrzysk_1320","name":"Wyrzysk","kind":"settlement","start_year":1320,"end_year":1500,"importance":"city"}},{"type":"Feature","geometry":{"type":"Point","coordinates":[21.4584,52.5928]},"properties":{"id":"set_wyszk_w_1203","name":"Wyszków","kind":"settlement","start_year":1203,"end_year":1500,"importance":"city"}},{"type":"Feature","geometry":{"type":"Point","coordinates":[20.2,52.3917]},"properties":{"id":"set_wyszogr_d_1065","name":"Wyszogród","kind":"settlement","start_year":1065,"end_year":1500,"importance":"city"}},{"type":"Feature","geometry":{"type":"Point","coordinates":[19.05,52.65]},"properties":{"id":"set_w_oc_awek_950","name":"Włocławek","kind":"settlement","start_year":950,"end_year":1500,"importance":"city"}},{"type":"Feature","geometry":{"type":"Point","coordinates":[47.9703,46.4411]},"properties":{"id":"set_xacitarxan_1250","name":"Xacitarxan","kind":"settlement","start_year":1250,"end_year":1500,"importance":"city"}},{"type":"Feature","geometry":{"type":"Point","coordinates":[25.4295,40.9051]},"properties":{"id":"set_xantheia_500","name":"Xantheia","kind":"settlement","start_year":500,"end_year":1500,"importance":"city"}},{"type":"Feature","geometry":{"type":"Point","coordinates":[24.8864,41.138]},"properties":{"id":"set_xantheia_xanthi_500","name":"Xantheia/Xanthi","kind":"settlement","start_year":500,"end_year":1500,"importance":"city"}},{"type":"Feature","geometry":{"type":"Point","coordinates":[26.8738,37.1112]},"properties":{"id":"set_xerokambos_500","name":"Xerokambos","kind":"settlement","start_year":500,"end_year":1500,"importance":"city"}},{"type":"Feature","geometry":{"type":"Point","coordinates":[15.2215,37.2263]},"properties":{"id":"set_xiphonias_akroterion_500","name":"Xiphonias Akroterion","kind":"settlement","start_year":500,"end_year":1500,"importance":"city"}},{"type":"Feature","geometry":{"type":"Point","coordinates":[26.1315,39.2071]},"properties":{"id":"set_xirokastrini_500","name":"Xirokastrini","kind":"settlement","start_year":500,"end_year":1500,"importance":"city"}},{"type":"Feature","geometry":{"type":"Point","coordinates":[46.8015,39.906]},"properties":{"id":"set_xocal_500","name":"Xocalı","kind":"settlement","start_year":500,"end_year":1500,"importance":"city"}},{"type":"Feature","geometry":{"type":"Point","coordinates":[22.2677,39.0384]},"properties":{"id":"set_xyniai_500","name":"Xyniai","kind":"settlement","start_year":500,"end_year":1500,"importance":"city"}},{"type":"Feature","geometry":{"type":"Point","coordinates":[-6.1605,36.6279]},"properties":{"id":"set_yacimiento_arqueologico_de_do_a_blanca_500","name":"Yacimiento arqueologico de Doña Blanca","kind":"settlement","start_year":500,"end_year":1500,"importance":"city"}},{"type":"Feature","geometry":{"type":"Point","coordinates":[31.9787,38.4546]},"properties":{"id":"set_yalburt_hittite_sanctuary_500","name":"Yalburt Hittite sanctuary","kind":"settlement","start_year":500,"end_year":1500,"importance":"city"}},{"type":"Feature","geometry":{"type":"Point","coordinates":[34.1553,44.4994]},"properties":{"id":"set_yalta_1154","name":"Yalta","kind":"settlement","start_year":1154,"end_year":1500,"importance":"city"}},{"type":"Feature","geometry":{"type":"Point","coordinates":[96.16,16.795]},"properties":{"id":"set_yangon_1035","name":"Yangon","kind":"settlement","start_year":1035,"end_year":1500,"importance":"city"}},{"type":"Feature","geometry":{"type":"Point","coordinates":[109.4863,36.5952]},"properties":{"id":"set_yan_an_1089","name":"Yan'an","kind":"settlement","start_year":1089,"end_year":1500,"importance":"city"}},{"type":"Feature","geometry":{"type":"Point","coordinates":[120.0124,30.4266]},"properties":{"id":"set_yaoshan_site_500","name":"Yaoshan Site","kind":"settlement","start_year":500,"end_year":1500,"importance":"city"}},{"type":"Feature","geometry":{"type":"Point","coordinates":[55.2003,37.1478]},"properties":{"id":"set_yarim_tepe_iran_500","name":"Yarim Tepe (Iran)","kind":"settlement","start_year":500,"end_year":1500,"importance":"city"}},{"type":"Feature","geometry":{"type":"Point","coordinates":[39.8933,57.6264]},"properties":{"id":"set_yaroslavl_1010","name":"Yaroslavl","kind":"settlement","start_year":1010,"end_year":1500,"importance":"city"}},{"type":"Feature","geometry":{"type":"Point","coordinates":[34.0755,39.3191]},"properties":{"id":"set_yass_h_y_k_500","name":"Yassıhöyük","kind":"settlement","start_year":500,"end_year":1500,"importance":"city"}},{"type":"Feature","geometry":{"type":"Point","coordinates":[30.7112,39.1976]},"properties":{"id":"set_yaz_l_kaya_eski_ehir_500","name":"Yazılıkaya (Eskişehir)","kind":"settlement","start_year":500,"end_year":1500,"importance":"city"}},{"type":"Feature","geometry":{"type":"Point","coordinates":[39.0167,55.3667]},"properties":{"id":"set_yegoryevsk_1462","name":"Yegoryevsk","kind":"settlement","start_year":1462,"end_year":1500,"importance":"city"}},{"type":"Feature","geometry":{"type":"Point","coordinates":[52.0333,55.7667]},"properties":{"id":"set_yelabuga_1007","name":"Yelabuga","kind":"settlement","start_year":1007,"end_year":1500,"importance":"city"}},{"type":"Feature","geometry":{"type":"Point","coordinates":[38.4667,52.6167]},"properties":{"id":"set_yelets_1146","name":"Yelets","kind":"settlement","start_year":1146,"end_year":1500,"importance":"city"}},{"type":"Feature","geometry":{"type":"Point","coordinates":[33.1667,54.5667]},"properties":{"id":"set_yelnya_1150","name":"Yelnya","kind":"settlement","start_year":1150,"end_year":1500,"importance":"city"}},{"type":"Feature","geometry":{"type":"Point","coordinates":[127.6622,34.7607]},"properties":{"id":"set_yeosu_940","name":"Yeosu","kind":"settlement","start_year":940,"end_year":1500,"importance":"city"}},{"type":"Feature","geometry":{"type":"Point","coordinates":[36.747,36.904]},"properties":{"id":"set_yesemek_500","name":"Yesemek","kind":"settlement","start_year":500,"end_year":1500,"importance":"city"}},{"type":"Feature","geometry":{"type":"Point","coordinates":[44.0205,38.4387]},"properties":{"id":"set_ye_ilal_rock_niche_inscription_500","name":"Yeşilalıç rock niche inscription","kind":"settlement","start_year":500,"end_year":1500,"importance":"city"}},{"type":"Feature","geometry":{"type":"Point","coordinates":[-1.08,53.96]},"properties":{"id":"set_york","name":"York","kind":"settlement","start_year":500,"end_year":1500,"importance":"city"}},{"type":"Feature","geometry":{"type":"Point","coordinates":[35.2333,54.75]},"properties":{"id":"set_yukhnov_1410","name":"Yukhnov","kind":"settlement","start_year":1410,"end_year":1500,"importance":"city"}},{"type":"Feature","geometry":{"type":"Point","coordinates":[26.6943,42.2868]},"properties":{"id":"set_yurta_stroyno_500","name":"Yurta-Stroyno","kind":"settlement","start_year":500,"end_year":1500,"importance":"city"}},{"type":"Feature","geometry":{"type":"Point","coordinates":[38.9239,39.9186]},"properties":{"id":"set_yurtba_melik_erif_500","name":"Yurtbaşı/Melik Şerif","kind":"settlement","start_year":500,"end_year":1500,"importance":"city"}},{"type":"Feature","geometry":{"type":"Point","coordinates":[43.1,57.3167]},"properties":{"id":"set_yuryevets_1225","name":"Yuryevets","kind":"settlement","start_year":1225,"end_year":1500,"importance":"city"}},{"type":"Feature","geometry":{"type":"Point","coordinates":[51.5792,30.6695]},"properties":{"id":"set_y_s_j_500","name":"Yāsūj","kind":"settlement","start_year":500,"end_year":1500,"importance":"city"}},{"type":"Feature","geometry":{"type":"Point","coordinates":[45.8769,31.7434]},"properties":{"id":"set_zabala_500","name":"Zabala","kind":"settlement","start_year":500,"end_year":1500,"importance":"city"}},{"type":"Feature","geometry":{"type":"Point","coordinates":[43.3158,14.1953]},"properties":{"id":"set_zabida_500","name":"Zabida","kind":"settlement","start_year":500,"end_year":1500,"importance":"city"}},{"type":"Feature","geometry":{"type":"Point","coordinates":[18.7833,50.3]},"properties":{"id":"set_zabrze_1201","name":"Zabrze","kind":"settlement","start_year":1201,"end_year":1500,"importance":"city"}},{"type":"Feature","geometry":{"type":"Point","coordinates":[10.1283,36.633]},"properties":{"id":"set_zaghouan_aqueduct_500","name":"Zaghouan Aqueduct","kind":"settlement","start_year":500,"end_year":1500,"importance":"city"}},{"type":"Feature","geometry":{"type":"Point","coordinates":[15.9772,45.8131]},"properties":{"id":"set_zagreb_1094","name":"Zagreb","kind":"settlement","start_year":1094,"end_year":1500,"importance":"city"}},{"type":"Feature","geometry":{"type":"Point","coordinates":[22.2667,49.5167]},"properties":{"id":"set_zag_rz_1412","name":"Zagórz","kind":"settlement","start_year":1412,"end_year":1500,"importance":"city"}},{"type":"Feature","geometry":{"type":"Point","coordinates":[47.1672,37.3851]},"properties":{"id":"set_zahhak_castle_500","name":"Zahhak Castle","kind":"settlement","start_year":500,"end_year":1500,"importance":"city"}},{"type":"Feature","geometry":{"type":"Point","coordinates":[49.8695,31.8387]},"properties":{"id":"set_zah_500","name":"Īzah","kind":"settlement","start_year":500,"end_year":1500,"importance":"city"}},{"type":"Feature","geometry":{"type":"Point","coordinates":[26.2608,35.098]},"properties":{"id":"set_zakros_500","name":"Zakros","kind":"settlement","start_year":500,"end_year":1500,"importance":"city"}},{"type":"Feature","geometry":{"type":"Point","coordinates":[20.8953,37.7914]},"properties":{"id":"set_zakythos_zacynthus_settlement_500","name":"Zakythos/Zacynthus (settlement)","kind":"settlement","start_year":500,"end_year":1500,"importance":"city"}},{"type":"Feature","geometry":{"type":"Point","coordinates":[27.8095,43.883]},"properties":{"id":"set_zaldapa_500","name":"Zaldapa","kind":"settlement","start_year":500,"end_year":1500,"importance":"city"}},{"type":"Feature","geometry":{"type":"Point","coordinates":[19.6061,53.8459]},"properties":{"id":"set_zalewo_1299","name":"Zalewo","kind":"settlement","start_year":1299,"end_year":1500,"importance":"city"}},{"type":"Feature","geometry":{"type":"Point","coordinates":[42.4491,36.2567]},"properties":{"id":"set_zamahu_500","name":"Zamahu","kind":"settlement","start_year":500,"end_year":1500,"importance":"city"}},{"type":"Feature","geometry":{"type":"Point","coordinates":[35.1175,47.85]},"properties":{"id":"set_zaporizhzhia_952","name":"Zaporizhzhia","kind":"settlement","start_year":952,"end_year":1500,"importance":"city"}},{"type":"Feature","geometry":{"type":"Point","coordinates":[-0.8793,41.6565]},"properties":{"id":"set_zaragoza_city_1118","name":"Zaragoza City","kind":"settlement","start_year":1118,"end_year":1500,"importance":"city"}},{"type":"Feature","geometry":{"type":"Point","coordinates":[38.8836,54.7653]},"properties":{"id":"set_zaraysk_1146","name":"Zaraysk","kind":"settlement","start_year":1146,"end_year":1500,"importance":"city"}},{"type":"Feature","geometry":{"type":"Point","coordinates":[19.4378,49.9958]},"properties":{"id":"set_zator_1101","name":"Zator","kind":"settlement","start_year":1101,"end_year":1500,"importance":"city"}},{"type":"Feature","geometry":{"type":"Point","coordinates":[30.8248,28.0571]},"properties":{"id":"set_zawyet_el_sultan_500","name":"Zawyet el-Sultan","kind":"settlement","start_year":500,"end_year":1500,"importance":"city"}},{"type":"Feature","geometry":{"type":"Point","coordinates":[15.9178,52.2531]},"properties":{"id":"set_zb_szy_1231","name":"Zbąszyń","kind":"settlement","start_year":1231,"end_year":1500,"importance":"city"}},{"type":"Feature","geometry":{"type":"Point","coordinates":[35.8902,40.3039]},"properties":{"id":"set_zela_500","name":"Zela","kind":"settlement","start_year":500,"end_year":1500,"importance":"city"}},{"type":"Feature","geometry":{"type":"Point","coordinates":[20.4833,54.95]},"properties":{"id":"set_zelenogradsk_1252","name":"Zelenogradsk","kind":"settlement","start_year":1252,"end_year":1500,"importance":"city"}},{"type":"Feature","geometry":{"type":"Point","coordinates":[20.5621,39.3958]},"properties":{"id":"set_zervokhori_500","name":"Zervokhori","kind":"settlement","start_year":500,"end_year":1500,"importance":"city"}},{"type":"Feature","geometry":{"type":"Point","coordinates":[57.5,27.5]},"properties":{"id":"set_zetis_500","name":"Zetis","kind":"settlement","start_year":500,"end_year":1500,"importance":"city"}},{"type":"Feature","geometry":{"type":"Point","coordinates":[9.8626,36.8702]},"properties":{"id":"set_zeugitana_500","name":"Zeugitana","kind":"settlement","start_year":500,"end_year":1500,"importance":"city"}},{"type":"Feature","geometry":{"type":"Point","coordinates":[37.8702,37.0577]},"properties":{"id":"set_zeugma_500","name":"Zeugma","kind":"settlement","start_year":500,"end_year":1500,"importance":"city"}},{"type":"Feature","geometry":{"type":"Point","coordinates":[116.3333,39.8667]},"properties":{"id":"set_zhongdu_1153","name":"Zhongdu","kind":"settlement","start_year":1153,"end_year":1500,"importance":"city"}},{"type":"Feature","geometry":{"type":"Point","coordinates":[45.2329,32.1291]},"properties":{"id":"set_ziggurat_at_nippur_500","name":"Ziggurat at Nippur","kind":"settlement","start_year":500,"end_year":1500,"importance":"city"}},{"type":"Feature","geometry":{"type":"Point","coordinates":[-5.9466,35.5619]},"properties":{"id":"set_zilia_river_500","name":"Zilia (river)","kind":"settlement","start_year":500,"end_year":1500,"importance":"city"}},{"type":"Feature","geometry":{"type":"Point","coordinates":[44.8644,38.1054]},"properties":{"id":"set_zingir_qal_eh_500","name":"Zingir Qal'eh","kind":"settlement","start_year":500,"end_year":1500,"importance":"city"}},{"type":"Feature","geometry":{"type":"Point","coordinates":[45.7422,36.9873]},"properties":{"id":"set_zir_tepe_500","name":"Zir tepe","kind":"settlement","start_year":500,"end_year":1500,"importance":"city"}},{"type":"Feature","geometry":{"type":"Point","coordinates":[37.0126,36.0583]},"properties":{"id":"set_zit_nu_500","name":"Zitānu","kind":"settlement","start_year":500,"end_year":1500,"importance":"city"}},{"type":"Feature","geometry":{"type":"Point","coordinates":[46.6879,36.274]},"properties":{"id":"set_ziwiye_500","name":"Ziwiye","kind":"settlement","start_year":500,"end_year":1500,"importance":"city"}},{"type":"Feature","geometry":{"type":"Point","coordinates":[17.0406,50.6008]},"properties":{"id":"set_zi_bice_1234","name":"Ziębice","kind":"settlement","start_year":1234,"end_year":1500,"importance":"city"}},{"type":"Feature","geometry":{"type":"Point","coordinates":[22.7076,42.4459]},"properties":{"id":"set_zlogo_500","name":"Zlogoš","kind":"settlement","start_year":500,"end_year":1500,"importance":"city"}},{"type":"Feature","geometry":{"type":"Point","coordinates":[35.494,30.1613]},"properties":{"id":"set_zodacatha_500","name":"Zodacatha","kind":"settlement","start_year":500,"end_year":1500,"importance":"city"}},{"type":"Feature","geometry":{"type":"Point","coordinates":[2.056,50.8162]},"properties":{"id":"set_zoufaques_500","name":"Zoufaques","kind":"settlement","start_year":500,"end_year":1500,"importance":"city"}},{"type":"Feature","geometry":{"type":"Point","coordinates":[34.5833,56.1667]},"properties":{"id":"set_zubtsov_1216","name":"Zubtsov","kind":"settlement","start_year":1216,"end_year":1500,"importance":"city"}},{"type":"Feature","geometry":{"type":"Point","coordinates":[2.2262,36.3048]},"properties":{"id":"set_zucchabar_500","name":"Zucchabar","kind":"settlement","start_year":500,"end_year":1500,"importance":"city"}},{"type":"Feature","geometry":{"type":"Point","coordinates":[36.85,55.7333]},"properties":{"id":"set_zvenigorod_1152","name":"Zvenigorod","kind":"settlement","start_year":1152,"end_year":1500,"importance":"city"}},{"type":"Feature","geometry":{"type":"Point","coordinates":[19.1247,48.5783]},"properties":{"id":"set_zvolen_1135","name":"Zvolen","kind":"settlement","start_year":1135,"end_year":1500,"importance":"city"}},{"type":"Feature","geometry":{"type":"Point","coordinates":[21.5877,51.3554]},"properties":{"id":"set_zwole_1425","name":"Zwoleń","kind":"settlement","start_year":1425,"end_year":1500,"importance":"city"}},{"type":"Feature","geometry":{"type":"Point","coordinates":[27.6683,31.1793]},"properties":{"id":"set_zygris_marsa_baqqush_500","name":"Zygris (Marsa Baqqush)","kind":"settlement","start_year":500,"end_year":1500,"importance":"city"}},{"type":"Feature","geometry":{"type":"Point","coordinates":[26.3238,31.5106]},"properties":{"id":"set_zygris_zawiet_el_chammas_500","name":"Zygris (Zawiet el-Chammas?)","kind":"settlement","start_year":500,"end_year":1500,"importance":"city"}},{"type":"Feature","geometry":{"type":"Point","coordinates":[22.4078,45.5248]},"properties":{"id":"set_z_voi_roman_camp_500","name":"Zăvoi Roman Camp","kind":"settlement","start_year":500,"end_year":1500,"importance":"city"}}]}